label,mutation,chain,pdb,delta_logit,perc_bucket,rank_wt,rank_mt,logit_G,logit_A,logit_C,logit_S,logit_P,logit_T,logit_V,logit_D,logit_I,logit_L,logit_N,logit_M,logit_Q,logit_K,logit_E,logit_H,logit_F,logit_R,logit_Y,logit_W
M104,A159L,A,5WB0_trimer,-5.3617041,60th - 70th,1,7,-1.2961456,4.3352623,2.9504852,1.1852484,-2.1842914,1.5000528,3.099483,-3.9657025,-0.16995212,-1.0264418,-2.3396766,-2.3269458,-3.899762,-5.7215405,-4.038498,-5.5386705,-6.1817164,-7.390373,-7.496888,-10.291854
M104,V203I,A,5WB0_trimer,-0.8458373000000003,70th - 75th,1,2,-7.2614007,-2.129852,-0.58116454,-2.8461266,-6.1895375,1.5809132,5.5327063,-3.476893,4.686869,2.063606,-1.2545435,-1.1246217,-2.3102977,-5.363019,-2.8065057,-4.7827063,-5.9930096,-6.050154,-6.579383,-9.060284
M104,L130D,A,5WB0_trimer,-1.58885777,90th - 95th,5,9,-7.405645,-2.8156886,-3.706578,-1.8920498,-5.3946943,-0.34471616,-1.9103979,-0.39936247,-0.9010914,1.1894953,-0.09752925,0.28531307,2.290318,2.6947312,1.9884748,-1.8144581,-3.003416,2.3798244,-3.0145497,-3.7366252
M104,V430Q,A,5WB0_trimer,1.71097579,≥ 99th,8,1,-5.3478107,-0.937782,-2.2084594,-0.8593197,-4.069783,1.6771679,0.11272391,-1.0278907,-0.69714516,0.737689,-0.074662924,0.56955993,1.8236997,0.12834632,0.6926116,-1.4382868,-3.0296555,0.678415,-3.1248803,-5.0216074
M104,V449D,A,5WB0_trimer,2.12506056,97.5th - 99th,11,2,-3.951568,-0.14635071,-3.1147285,0.6536442,-2.5372891,1.364534,-0.29792586,1.8271347,-0.9765973,-0.19438103,1.686088,-1.6851196,0.7848177,0.8557652,1.9853003,-0.7848171,-2.1948726,0.20969245,-2.3238933,-4.0766716
MPV-2cREKR,V112R,A,5WB0_trimer,-2.5065784300000002,90th - 95th,2,9,-3.3620448,0.96033,-1.1566244,1.4704847,-3.2036672,2.3071766,1.8716961,-0.7378608,-0.18154886,-1.0555146,0.44511232,-1.7525089,-0.47484842,-0.43431282,-1.1668773,-1.2782061,-3.6838017,-0.63488233,-3.8076248,-6.54813
MPV-2cREKR,D209E,A,5WB0_trimer,2.9139118,≥ 99th,3,1,-6.4599214,-2.6147056,-0.46242437,-1.4560211,-5.618561,0.46398234,-0.14648272,1.0443909,0.15953262,2.1745722,0.95513916,0.46260834,1.0337919,-3.284406,3.9583027,-2.2526543,-5.077274,-4.635736,-5.5503626,-8.803202
MPV-2cREKR,V231I,A,5WB0_trimer,1.9710685999999997,≥ 99th,2,1,-8.174997,-2.2341552,-0.7312677,-3.8256748,-7.3106284,0.7410212,5.493017,-6.4257,7.4640856,2.2891436,-4.1042037,-1.4820282,-3.3154502,-6.574701,-3.8966224,-6.4973426,-7.291468,-8.3305,-8.69045,-11.236088
MPV-2cREKR,E453P,A,5WB0_trimer,-3.62702423,80th - 85th,8,19,-6.4722214,-2.9224868,-2.7804618,-2.1784034,-3.4827778,-0.3766119,0.1612648,-1.4253485,1.6497831,0.5941911,0.0011943221,1.107542,1.504558,0.8410679,0.14424643,-0.7667867,-1.1852136,1.0734581,-1.4761094,-3.251614
Uncleaved Prefusion-Closed,E80D,A,5WB0_trimer,-2.19414854,≤ 50th,1,12,-6.210898,-1.2363796,-2.1197898,-0.8113656,-5.5742245,1.0500648,0.26009157,-0.94942844,0.5352599,1.0697188,-0.3114596,0.3657052,1.2032253,-2.4977152,1.2447201,-0.33708534,-0.90118665,-1.5691751,-1.2070119,-3.659856
Uncleaved Prefusion-Closed,V155P,A,5WB0_trimer,-9.3299472,50th - 60th,1,19,-8.992603,-3.685714,-2.8800175,-2.52487,-6.448344,1.6661949,2.8816032,-0.028492093,2.5287395,0.49703455,-0.7867528,-0.12416424,0.7769396,-0.44261137,0.71146214,-1.919453,-3.4445968,-0.7201985,-3.255217,-4.296398
