label,mutation,chain,pdb,delta_logit,rank_wt,rank_mt,logit_G,logit_A,logit_C,logit_S,logit_P,logit_T,logit_V,logit_D,logit_I,logit_L,logit_N,logit_M,logit_Q,logit_K,logit_E,logit_H,logit_F,logit_R,logit_Y,logit_W
M104,A159L,A,5WB0_trimer,-4.193811999999999,1,8,-6.7483687,-2.845883,-4.901658,-5.0964284,-10.251062,-5.6308274,-4.9993296,-8.042362,-6.5957847,-7.039695,-7.4299684,-7.1108527,-8.5217285,-8.662912,-7.7951713,-10.245778,-10.126608,-7.865054,-9.566049,-10.324753
M104,V203I,A,5WB0_trimer,-2.5797889,1,2,-6.6576166,-5.7550154,-5.901293,-7.7298803,-10.19066,-5.2585745,-1.3862674,-9.661443,-3.9660563,-6.033915,-8.826253,-7.5822067,-8.158717,-8.146894,-8.486119,-8.720207,-8.20936,-7.8611326,-7.1089125,-7.575057
M104,L130D,A,5WB0_trimer,0.11111960000000032,10,8,-4.3355627,-4.8752527,-8.250985,-4.0002275,-8.840414,-4.060739,-7.527157,-4.805196,-7.922412,-4.9163156,-5.519923,-6.793566,-4.6318707,-3.658528,-4.769238,-5.8732524,-7.5355926,-3.86237,-7.2133703,-8.117828
M104,V430Q,A,5WB0_trimer,-0.22249699999999972,7,9,-4.2895403,-3.9313712,-7.76064,-5.010228,-8.558892,-4.9387655,-4.9550047,-6.314654,-5.387995,-4.9006224,-6.1368456,-5.5913367,-5.1775017,-4.6566877,-5.588677,-6.5715284,-6.2893343,-4.194194,-5.9294777,-7.598324
M104,V449D,A,5WB0_trimer,1.3095891999999996,11,2,-4.0177627,-4.1549234,-8.425547,-4.173119,-6.1123247,-4.3562717,-5.2695737,-3.9599845,-5.845441,-5.2826986,-4.9231443,-6.8128347,-5.4789968,-4.250966,-3.9434555,-5.606555,-5.4306293,-4.490563,-5.196725,-6.0418177
MPV-2cREKR,V112R,A,5WB0_trimer,-0.5808716,2,6,-4.1941175,-4.1401377,-7.401925,-5.352181,-8.564207,-5.376091,-4.101006,-7.422822,-4.191252,-3.8778396,-7.1753054,-5.3387136,-5.8168855,-5.278047,-6.1165266,-6.4432817,-5.2290854,-4.6818776,-5.397933,-5.944674
MPV-2cREKR,D209E,A,5WB0_trimer,1.5198195,11,2,-4.163106,-4.760867,-7.136321,-4.8667674,-9.165592,-4.626725,-5.0654154,-5.505739,-5.028085,-3.7658226,-6.2073317,-5.969667,-5.444265,-5.6155624,-3.9859195,-6.8678184,-5.865094,-4.9459667,-5.676303,-6.98526
MPV-2cREKR,V231I,A,5WB0_trimer,0.13779890000000006,2,1,-6.0673466,-6.7335978,-6.9634767,-9.095334,-8.441071,-6.0601263,-1.1344612,-11.694972,-0.9966623,-7.0935516,-10.351713,-8.337376,-9.922687,-9.677166,-9.700839,-12.305932,-10.515057,-9.161487,-9.933306,-10.23133
MPV-2cREKR,E453P,A,5WB0_trimer,2.053503,12,1,-4.1057334,-4.8041887,-8.337601,-5.368356,-3.7189217,-5.1835456,-4.672139,-6.724176,-4.401137,-4.9262023,-6.5116973,-6.2468543,-5.798516,-4.4021163,-5.7724247,-6.2023196,-5.9061403,-4.216372,-5.37623,-7.3456764
Uncleaved Prefusion-Closed,E80D,A,5WB0_trimer,-2.2246040000000002,8,17,-4.677391,-3.6532829,-7.8686805,-5.066489,-8.967482,-5.3444986,-6.8548164,-7.695182,-6.6251984,-4.434649,-7.7732077,-5.076092,-5.5837297,-7.0708323,-5.470578,-7.100344,-5.317568,-5.7219462,-5.6171465,-7.687097
Uncleaved Prefusion-Closed,V155P,A,5WB0_trimer,-8.608338,1,20,-6.3107667,-4.940687,-7.0860777,-6.0668287,-11.801878,-4.628692,-3.19354,-7.720048,-4.1163964,-5.474602,-8.456537,-5.5033007,-4.915076,-5.2862,-5.074582,-7.010343,-6.6969934,-4.816888,-5.977663,-7.1746817
