label,mutation,chain,pdb,rank_wt,rank_mt,ddG_pred_A,ddG_pred_C,ddG_pred_D,ddG_pred_E,ddG_pred_F,ddG_pred_G,ddG_pred_H,ddG_pred_I,ddG_pred_K,ddG_pred_L,ddG_pred_M,ddG_pred_N,ddG_pred_P,ddG_pred_Q,ddG_pred_R,ddG_pred_S,ddG_pred_T,ddG_pred_V,ddG_pred_W,ddG_pred_Y
M104,A159L,A,5WB0_trimer,3,5,0.0,-0.0696933269500732,2.6478137969970703,2.359118223190308,1.39194655418396,1.9384198188781736,2.0986111164093018,0.3454493284225464,2.5204553604125977,0.9109106063842772,1.344206690788269,2.2158801555633545,1.7781696319580078,2.460163354873657,2.62087631225586,1.3989825248718262,1.3456677198410034,-0.673875093460083,1.860098361968994,1.6920921802520752
M104,V203I,A,5WB0_trimer,1,2,2.0750656127929688,1.291301131248474,2.9828240871429443,2.7369537353515625,1.7786778211593628,2.913893699645996,2.8504414558410645,0.3132352828979492,2.787712812423706,0.5836716890335083,1.3165884017944336,2.959256172180176,3.1012508869171143,2.6990530490875244,2.7516510486602783,2.7781877517700195,2.022830009460449,0.0,2.264864683151245,2.308995246887207
M104,L130D,A,5WB0_trimer,4,10,0.2606080770492553,0.2485833764076233,0.2030770182609558,0.2718296647071838,0.5016717910766602,0.6389178037643433,0.2748560905456543,0.1320973634719848,-0.0219724178314209,0.0,0.1942899823188781,0.0834365487098693,1.2337101697921753,0.0261626839637756,-0.0226246118545532,0.2092793583869934,-0.0761650800704956,0.1501172184944152,0.5985872745513916,0.5427412986755371
M104,V430Q,A,5WB0_trimer,12,6,-0.2413004636764526,-0.1153257489204406,0.3429461717605591,0.2311473488807678,0.1095279455184936,0.4078777134418487,-0.0622053146362304,-0.0584266185760498,-0.4594953656196594,-0.3261222243309021,-0.254802942276001,-0.1719949841499328,1.232201337814331,-0.2129595875740051,-0.5629709362983704,-0.0017454624176025,0.0078197717666625,0.0,0.2834381461143493,0.1798070073127746
M104,V449D,A,5WB0_trimer,16,2,-0.4026731252670288,-0.451600432395935,-0.557822585105896,-0.668613076210022,0.0973763465881347,0.2380776107311248,-0.1143540740013122,-0.0708280205726623,-0.077176809310913,-0.3794630169868469,-0.3119176626205444,-0.261050283908844,1.3698989152908323,-0.384820282459259,-0.0448013544082641,-0.326729953289032,-0.2970551252365112,0.0,-0.0287678241729736,0.1047962307929992
MPV-2cREKR,V112R,A,5WB0_trimer,2,1,0.2414726018905639,0.2954778671264648,1.1124686002731323,0.8363995552062988,0.5512927174568176,0.9270412921905518,0.5279375910758972,0.0964598655700683,0.0176851749420166,0.2678204178810119,0.2511193752288818,0.6156061887741089,1.4877883195877075,0.2950518727302551,-0.0659102201461792,0.4561864137649536,0.2837867140769958,0.0,0.6840651035308838,0.6022820472717285
MPV-2cREKR,D209E,A,5WB0_trimer,12,4,-0.159462571144104,-0.2038314938545227,0.0,-0.2013626098632812,0.1014490127563476,0.5108351111412048,0.0178364515304565,-0.1194624304771423,-0.1898356676101684,-0.1541607975959777,-0.1475352644920349,0.0060055255889892,1.961435914039612,-0.2706965208053589,-0.2936775684356689,0.015129268169403,-0.0015957355499267,-0.0867739915847778,0.0092982053756713,0.0928913354873657
MPV-2cREKR,V231I,A,5WB0_trimer,3,1,1.4446070194244385,0.902043879032135,2.1749279499053955,2.097409963607788,1.2742040157318115,2.2993476390838623,2.291783809661865,-0.718878984451294,2.137275218963623,-0.3571202754974365,0.6564546823501587,2.136808156967163,2.44095230102539,2.138963222503662,2.213165044784546,2.1207404136657715,1.525116205215454,0.0,1.629980206489563,1.6579618453979492
MPV-2cREKR,E453P,A,5WB0_trimer,1,2,0.2978184223175049,0.2531538009643554,0.3442995548248291,0.0,0.7719597816467285,0.5894624590873718,0.57928866147995,0.7152626514434814,0.658557653427124,0.6894659996032715,0.5694825649261475,0.5899345278739929,0.1157140731811523,0.306642472743988,0.8019323348999023,0.1590204238891601,0.4237568974494934,0.7224471569061279,0.8844500780105591,0.8286113739013672
