label,mutation,chain,pdb,desired_one,log_p_wt,log_p_mt,log_p_mt__minus__log_p_wt
SC.10,A259A,A,1OAN,0,-0.066180214,-0.066180214,0.0
SC.10,A259C,A,1OAN,0,-0.066180214,-5.7085943,-5.642414
SC.10,A259D,A,1OAN,0,-0.066180214,-5.808302,-5.7421217
SC.10,A259E,A,1OAN,0,-0.066180214,-5.856672,-5.7904916
SC.10,A259F,A,1OAN,0,-0.066180214,-5.6532826,-5.5871024
SC.10,A259G,A,1OAN,0,-0.066180214,-5.7050133,-5.638833
SC.10,A259H,A,1OAN,0,-0.066180214,-5.823743,-5.7575626
SC.10,A259I,A,1OAN,0,-0.066180214,-5.857776,-5.791596
SC.10,A259K,A,1OAN,0,-0.066180214,-5.7880206,-5.7218404
SC.10,A259L,A,1OAN,0,-0.066180214,-5.6755176,-5.6093373
SC.10,A259M,A,1OAN,0,-0.066180214,-5.696931,-5.6307507
SC.10,A259N,A,1OAN,0,-0.066180214,-5.713479,-5.647299
SC.10,A259P,A,1OAN,0,-0.066180214,-5.911228,-5.845048
SC.10,A259Q,A,1OAN,0,-0.066180214,-5.5152802,-5.4491
SC.10,A259R,A,1OAN,0,-0.066180214,-5.8250456,-5.7588654
SC.10,A259S,A,1OAN,0,-0.066180214,-5.688941,-5.622761
SC.10,A259T,A,1OAN,0,-0.066180214,-5.8607965,-5.794616
SC.10,A259V,A,1OAN,0,-0.066180214,-5.8166876,-5.7505074
SC.10,A259W,A,1OAN,1,-0.066180214,-5.6153197,-5.5491395
SC.10,A259Y,A,1OAN,0,-0.066180214,-5.7030783,-5.636898
SC.10,T262A,A,1OAN,0,-0.06773572,-5.7162676,-5.648532
SC.10,T262C,A,1OAN,0,-0.06773572,-5.689332,-5.6215963
SC.10,T262D,A,1OAN,0,-0.06773572,-5.830927,-5.763191
SC.10,T262E,A,1OAN,0,-0.06773572,-5.7390947,-5.671359
SC.10,T262F,A,1OAN,0,-0.06773572,-5.6570745,-5.589339
SC.10,T262G,A,1OAN,0,-0.06773572,-5.7721977,-5.704462
SC.10,T262H,A,1OAN,0,-0.06773572,-5.6944847,-5.626749
SC.10,T262I,A,1OAN,0,-0.06773572,-5.723207,-5.6554713
SC.10,T262K,A,1OAN,0,-0.06773572,-5.7610164,-5.6932807
SC.10,T262L,A,1OAN,0,-0.06773572,-5.649485,-5.5817494
SC.10,T262M,A,1OAN,0,-0.06773572,-5.674634,-5.6068983
SC.10,T262N,A,1OAN,0,-0.06773572,-5.724486,-5.65675
SC.10,T262P,A,1OAN,0,-0.06773572,-5.771907,-5.704171
SC.10,T262Q,A,1OAN,0,-0.06773572,-5.7019973,-5.6342616
SC.10,T262R,A,1OAN,1,-0.06773572,-5.756485,-5.6887493
SC.10,T262S,A,1OAN,0,-0.06773572,-5.7045746,-5.636839
SC.10,T262T,A,1OAN,0,-0.06773572,-0.06773572,0.0
SC.10,T262V,A,1OAN,0,-0.06773572,-5.6705074,-5.6027718
SC.10,T262W,A,1OAN,0,-0.06773572,-5.790347,-5.7226114
SC.10,T262Y,A,1OAN,0,-0.06773572,-5.6859903,-5.6182547
SC.10,S29A,A,1OAN,0,-2.1879706,-4.478156,-2.2901855
SC.10,S29C,A,1OAN,0,-2.1879706,-5.009286,-2.8213153
SC.10,S29D,A,1OAN,0,-2.1879706,-5.285487,-3.0975165
SC.10,S29E,A,1OAN,0,-2.1879706,-4.700956,-2.5129852
SC.10,S29F,A,1OAN,0,-2.1879706,-4.9555125,-2.767542
SC.10,S29G,A,1OAN,0,-2.1879706,-3.751823,-1.5638523
SC.10,S29H,A,1OAN,0,-2.1879706,-2.541095,-0.35312438
SC.10,S29I,A,1OAN,0,-2.1879706,-5.4730196,-3.285049
SC.10,S29K,A,1OAN,1,-2.1879706,-0.8116639,1.3763068
SC.10,S29L,A,1OAN,0,-2.1879706,-5.0838723,-2.8959017
SC.10,S29M,A,1OAN,0,-2.1879706,-4.8125887,-2.624618
SC.10,S29N,A,1OAN,0,-2.1879706,-3.6942074,-1.5062368
SC.10,S29P,A,1OAN,0,-2.1879706,-5.6263275,-3.4383569
SC.10,S29Q,A,1OAN,0,-2.1879706,-4.033813,-1.8458424
SC.10,S29R,A,1OAN,0,-2.1879706,-1.98717,0.20080066
SC.10,S29S,A,1OAN,0,-2.1879706,-2.1879706,0.0
SC.10,S29T,A,1OAN,0,-2.1879706,-2.6488278,-0.46085715
SC.10,S29V,A,1OAN,0,-2.1879706,-5.2151823,-3.0272117
SC.10,S29W,A,1OAN,0,-2.1879706,-5.0226207,-2.83465
SC.10,S29Y,A,1OAN,0,-2.1879706,-4.3804073,-2.1924367
SC.10,T33A,A,1OAN,0,-3.3856041,-2.7668302,0.61877394
SC.10,T33C,A,1OAN,0,-3.3856041,-4.4284763,-1.0428722
SC.10,T33D,A,1OAN,0,-3.3856041,-5.4889402,-2.103336
SC.10,T33E,A,1OAN,0,-3.3856041,-5.5978236,-2.2122195
SC.10,T33F,A,1OAN,0,-3.3856041,-4.9343786,-1.5487745
SC.10,T33G,A,1OAN,0,-3.3856041,-5.3979955,-2.0123913
SC.10,T33H,A,1OAN,0,-3.3856041,-5.68553,-2.299926
SC.10,T33I,A,1OAN,0,-3.3856041,-4.387928,-1.0023239
SC.10,T33K,A,1OAN,0,-3.3856041,-5.4680505,-2.0824463
SC.10,T33L,A,1OAN,0,-3.3856041,-4.74827,-1.3626659
SC.10,T33M,A,1OAN,0,-3.3856041,-5.037883,-1.6522787
SC.10,T33N,A,1OAN,0,-3.3856041,-5.514701,-2.1290967
SC.10,T33P,A,1OAN,0,-3.3856041,-5.6676707,-2.2820666
SC.10,T33Q,A,1OAN,0,-3.3856041,-5.5835276,-2.1979234
SC.10,T33R,A,1OAN,0,-3.3856041,-5.485671,-2.100067
SC.10,T33S,A,1OAN,0,-3.3856041,-4.584756,-1.1991518
SC.10,T33T,A,1OAN,0,-3.3856041,-3.3856041,0.0
SC.10,T33V,A,1OAN,1,-3.3856041,-0.23020239,3.1554017
SC.10,T33W,A,1OAN,0,-3.3856041,-5.1484904,-1.7628863
SC.10,T33Y,A,1OAN,0,-3.3856041,-5.1010857,-1.7154815
SC.10,A35A,A,1OAN,0,-2.6649747,-2.6649747,0.0
SC.10,A35C,A,1OAN,0,-2.6649747,-3.5439372,-0.8789625
SC.10,A35D,A,1OAN,0,-2.6649747,-4.9105363,-2.2455616
SC.10,A35E,A,1OAN,0,-2.6649747,-4.694385,-2.0294104
SC.10,A35F,A,1OAN,0,-2.6649747,-2.3281198,0.33685493
SC.10,A35G,A,1OAN,0,-2.6649747,-3.5646205,-0.8996458
SC.10,A35H,A,1OAN,0,-2.6649747,-4.23444,-1.5694652
SC.10,A35I,A,1OAN,0,-2.6649747,-3.5846138,-0.9196391
SC.10,A35K,A,1OAN,0,-2.6649747,-4.779148,-2.1141734
SC.10,A35L,A,1OAN,0,-2.6649747,-2.5540602,0.11091447
SC.10,A35M,A,1OAN,1,-2.6649747,-1.2585329,1.4064418
SC.10,A35N,A,1OAN,0,-2.6649747,-4.303985,-1.6390104
SC.10,A35P,A,1OAN,0,-2.6649747,-5.553336,-2.8883615
SC.10,A35Q,A,1OAN,0,-2.6649747,-3.2572968,-0.5923221
SC.10,A35R,A,1OAN,0,-2.6649747,-4.856583,-2.1916084
SC.10,A35S,A,1OAN,0,-2.6649747,-4.123445,-1.4584703
SC.10,A35T,A,1OAN,0,-2.6649747,-4.4416084,-1.7766337
SC.10,A35V,A,1OAN,0,-2.6649747,-2.296364,0.36861062
SC.10,A35W,A,1OAN,0,-2.6649747,-2.4229493,0.24202538
SC.10,A35Y,A,1OAN,0,-2.6649747,-2.8390079,-0.17403316
SC.10,G106A,A,1OAN,0,-3.9510334,-3.2695966,0.6814368
SC.10,G106C,A,1OAN,0,-3.9510334,-5.357812,-1.4067786
SC.10,G106D,A,1OAN,1,-3.9510334,-1.5699661,2.3810673
SC.10,G106E,A,1OAN,0,-3.9510334,-2.166259,1.7847743
SC.10,G106F,A,1OAN,0,-3.9510334,-5.160411,-1.2093775
SC.10,G106G,A,1OAN,0,-3.9510334,-3.9510334,0.0
SC.10,G106H,A,1OAN,0,-3.9510334,-4.388343,-0.4373095
SC.10,G106I,A,1OAN,0,-3.9510334,-4.943654,-0.9926207
SC.10,G106K,A,1OAN,0,-3.9510334,-2.7233396,1.2276938
SC.10,G106L,A,1OAN,0,-3.9510334,-4.180091,-0.22905755
SC.10,G106M,A,1OAN,0,-3.9510334,-4.866689,-0.91565585
SC.10,G106N,A,1OAN,0,-3.9510334,-2.4076505,1.5433829
SC.10,G106P,A,1OAN,0,-3.9510334,-2.4887106,1.4623227
SC.10,G106Q,A,1OAN,0,-3.9510334,-3.474559,0.4764743
SC.10,G106R,A,1OAN,0,-3.9510334,-3.7503788,0.2006545
SC.10,G106S,A,1OAN,0,-3.9510334,-1.778417,2.1726165
SC.10,G106T,A,1OAN,0,-3.9510334,-2.5413647,1.4096687
SC.10,G106V,A,1OAN,0,-3.9510334,-4.7608643,-0.8098309
SC.10,G106W,A,1OAN,0,-3.9510334,-5.2832117,-1.3321784
SC.10,G106Y,A,1OAN,0,-3.9510334,-5.0536857,-1.1026523
SC.10,T280A,A,1OAN,0,-2.622807,-3.5034206,-0.88061357
SC.10,T280C,A,1OAN,0,-2.622807,-4.7937255,-2.1709185
SC.10,T280D,A,1OAN,0,-2.622807,-2.959734,-0.33692694
SC.10,T280E,A,1OAN,0,-2.622807,-2.499498,0.123309135
SC.10,T280F,A,1OAN,0,-2.622807,-3.881895,-1.259088
SC.10,T280G,A,1OAN,0,-2.622807,-3.4230552,-0.80024815
SC.10,T280H,A,1OAN,0,-2.622807,-2.571301,0.051506042
SC.10,T280I,A,1OAN,0,-2.622807,-4.604538,-1.9817309
SC.10,T280K,A,1OAN,0,-2.622807,-1.8717209,0.7510861
SC.10,T280L,A,1OAN,0,-2.622807,-4.189568,-1.566761
SC.10,T280M,A,1OAN,0,-2.622807,-4.930533,-2.307726
SC.10,T280N,A,1OAN,0,-2.622807,-2.3902922,0.23251486
SC.10,T280P,A,1OAN,1,-2.622807,-3.2897327,-0.66692567
SC.10,T280Q,A,1OAN,0,-2.622807,-2.582116,0.040691137
SC.10,T280R,A,1OAN,0,-2.622807,-2.861857,-0.23904991
SC.10,T280S,A,1OAN,0,-2.622807,-2.0946069,0.52820015
SC.10,T280T,A,1OAN,0,-2.622807,-2.622807,0.0
SC.10,T280V,A,1OAN,0,-2.622807,-4.078262,-1.4554548
SC.10,T280W,A,1OAN,0,-2.622807,-4.959499,-2.3366919
SC.10,T280Y,A,1OAN,0,-2.622807,-3.72858,-1.105773
SC.10,F279A,A,1OAN,0,-2.8771784,-4.5907555,-1.713577
SC.10,F279C,A,1OAN,0,-2.8771784,-5.0288153,-2.1516368
SC.10,F279D,A,1OAN,0,-2.8771784,-5.0327497,-2.1555712
SC.10,F279E,A,1OAN,0,-2.8771784,-4.542202,-1.6650236
SC.10,F279F,A,1OAN,0,-2.8771784,-2.8771784,0.0
SC.10,F279G,A,1OAN,0,-2.8771784,-4.6051626,-1.7279842
SC.10,F279H,A,1OAN,0,-2.8771784,-4.6893067,-1.8121283
SC.10,F279I,A,1OAN,0,-2.8771784,-2.3761756,0.5010028
SC.10,F279K,A,1OAN,0,-2.8771784,-5.350342,-2.4731634
SC.10,F279L,A,1OAN,0,-2.8771784,-0.7090812,2.1680973
SC.10,F279M,A,1OAN,0,-2.8771784,-1.9243978,0.9527806
SC.10,F279N,A,1OAN,0,-2.8771784,-4.8118205,-1.9346421
SC.10,F279P,A,1OAN,0,-2.8771784,-3.6464698,-0.7692914
SC.10,F279Q,A,1OAN,0,-2.8771784,-4.226117,-1.3489387
SC.10,F279R,A,1OAN,0,-2.8771784,-5.051097,-2.1739185
SC.10,F279S,A,1OAN,0,-2.8771784,-4.431105,-1.5539267
SC.10,F279T,A,1OAN,0,-2.8771784,-3.7804885,-0.90331006
SC.10,F279V,A,1OAN,0,-2.8771784,-3.8340755,-0.956897
SC.10,F279W,A,1OAN,1,-2.8771784,-4.4515386,-1.5743601
SC.10,F279Y,A,1OAN,0,-2.8771784,-3.6839485,-0.8067701
