antigen,model,label,mutation,chain,pdb,rank_wt,rank_mt,A_pred,C_pred,D_pred,E_pred,F_pred,G_pred,H_pred,I_pred,K_pred,L_pred,M_pred,N_pred,P_pred,Q_pred,R_pred,S_pred,T_pred,V_pred,W_pred,Y_pred
rsv_f,hermes_py_050,Cav1,S190F,A,4jhw_trimer,4,8,0.48466772,0.047013633,-2.27774,-2.0763218,-1.0178932,-4.0642567,-1.8271465,1.1777683,-5.634619,0.0953309,-1.5730441,-1.1336243,-5.8868475,-2.1361012,-6.8097944,1.0089871,1.8229945,2.8642688,-5.98694,-2.6722026
rsv_f,hermes_py_050,Cav1,V207L,A,4jhw_trimer,2,3,-4.0000925,-2.694293,-6.037604,-3.5509734,-2.1834824,-9.961596,-4.87663,6.378403,-3.9828186,2.1896062,1.1779493,-3.7866516,-6.933136,-2.2338586,-3.9705157,-5.0903234,-0.8362179,3.3723736,-4.8387413,-3.2240486
rsv_f,hermes_py_050,TriC,D486H,A,4jhw_trimer,5,4,-1.1811343,-1.9463085,0.42368856,0.7681747,-3.2725005,-2.6874633,0.75161606,-1.7078205,-0.31436715,-0.65861195,-1.7089036,1.6153803,-1.9100593,1.0781392,-0.41639966,0.1626326,0.29082686,-1.3999877,-6.3412333,-3.4556274
rsv_f,hermes_py_050,TriC,E487Q,A,4jhw_trimer,2,3,-3.6066258,-1.1053085,-0.83550674,2.6291976,-2.639136,-7.4011254,0.42899618,-1.5261041,-4.127977,2.7525945,-0.2678248,0.976686,-7.3959565,1.501266,-4.195898,-2.1740746,0.5670376,-1.2521145,-6.327959,-3.1141613
rsv_f,hermes_py_050,TriC,F488W,A,4jhw_trimer,2,6,-7.7872353,-6.0639677,-4.037271,-1.3579834,2.8898878,-9.820237,1.4874971,-0.9815041,2.3407168,0.69794625,0.14429048,-2.1284304,-4.9347367,0.32508153,3.1598306,-6.6345468,-3.7388988,-2.8897488,0.7184399,2.845774
rsv_f,hermes_py_050,TriC,D489H,A,4jhw_trimer,11,8,-1.8748232,-1.8291519,-0.7307865,-0.69702834,-1.1790978,-4.312575,-0.5737718,0.6237525,-0.19680767,0.64352745,-0.91665304,0.8328851,-2.1987777,-0.2653305,-0.72352815,-1.0491686,0.35349092,0.9886753,-2.984602,-1.71304
rsv_f,hermes_py_050,Prol,S215P,A,4jhw_trimer,10,15,-1.8398632,-2.959392,1.9178947,2.7999732,-3.093834,-4.8668795,-1.1228341,-0.54115945,0.51049125,0.1266963,-0.92430276,1.4372673,-2.0942483,1.2886531,-0.9922633,-0.6544004,1.4798049,-0.043690126,-5.5649447,-3.1800973
rsv_f,hermes_py_050_ft_cdna117k_relaxed_pred,Cav1,S190F,A,4jhw_trimer,8,2,-6.5168624,-8.451513,-10.5819645,-9.634018,-5.677709,-8.142228,-8.708742,-5.846956,-10.195982,-6.2696033,-7.855737,-10.416475,-14.311908,-9.406812,-10.008362,-7.5883613,-7.1672945,-4.8558517,-8.232504,-5.8778443
rsv_f,hermes_py_050_ft_cdna117k_relaxed_pred,Cav1,V207L,A,4jhw_trimer,3,2,-7.5940466,-8.831209,-13.024816,-10.763829,-7.4739504,-6.736416,-11.22011,-3.500274,-9.825024,-4.7983913,-6.5091085,-11.106522,-14.558909,-9.285535,-8.739197,-9.5512495,-8.309165,-5.4105515,-8.271055,-7.810298
rsv_f,hermes_py_050_ft_cdna117k_relaxed_pred,TriC,D486H,A,4jhw_trimer,16,11,-6.8044434,-9.16387,-8.264093,-8.047403,-7.5254984,-6.8614693,-7.280108,-7.5122695,-7.0043573,-6.6987696,-8.510515,-7.1753893,-8.775719,-7.4208193,-6.344792,-6.94887,-6.995168,-7.249467,-9.170712,-7.265275
rsv_f,hermes_py_050_ft_cdna117k_relaxed_pred,TriC,E487Q,A,4jhw_trimer,6,9,-7.502916,-8.072414,-9.2847805,-7.4350104,-6.709056,-8.714276,-7.2726936,-7.54859,-9.35648,-4.9062915,-7.8233557,-8.133104,-15.545863,-7.5978293,-8.498098,-8.202756,-7.6875877,-6.9473915,-8.699484,-6.390272
rsv_f,hermes_py_050_ft_cdna117k_relaxed_pred,TriC,F488W,A,4jhw_trimer,2,9,-7.0298386,-9.991813,-8.532211,-7.524633,-5.7280602,-6.681016,-7.4689612,-6.299366,-6.7058854,-5.7425437,-7.5475645,-8.438265,-7.3968225,-7.4454927,-6.527486,-7.574794,-7.3069863,-6.6307144,-6.9244056,-5.6570034
rsv_f,hermes_py_050_ft_cdna117k_relaxed_pred,TriC,D489H,A,4jhw_trimer,18,17,-6.9912157,-8.912699,-8.590429,-8.150548,-7.086709,-7.074418,-8.512247,-6.339138,-7.8233423,-5.983635,-7.598479,-8.087534,-9.429752,-8.074869,-7.82984,-7.738411,-7.1686487,-5.8974576,-7.5798736,-6.9159026
rsv_f,hermes_py_050_ft_cdna117k_relaxed_pred,Prol,S215P,A,4jhw_trimer,6,4,-6.570323,-10.64257,-5.7499847,-5.4508634,-7.780492,-7.1798334,-7.35229,-8.012091,-5.8714204,-7.0691404,-8.324038,-6.7724447,-5.9347067,-6.486918,-6.625409,-6.220198,-6.170768,-7.4661713,-7.970309,-7.358403
rsv_f,hermes_py_050_ft_cdna117k_ddg_st,Cav1,S190F,A,4jhw_trimer,12,3,-3.2709363,-2.7308931,-4.404032,-4.1216555,-1.933019,-4.152936,-3.676046,-1.7031631,-4.2462096,-2.2484012,-2.7091377,-4.398112,-4.7506037,-4.0696187,-4.202464,-3.8226457,-3.437708,-1.7889267,-2.8468456,-2.464136
rsv_f,hermes_py_050_ft_cdna117k_ddg_st,Cav1,V207L,A,4jhw_trimer,3,2,-3.3646722,-3.0279,-4.5187597,-4.375568,-2.6989274,-4.2133923,-4.101613,-1.2266439,-3.9351597,-1.7458194,-2.46115,-4.2747936,-4.34776,-3.9737601,-3.6705177,-4.03687,-3.4932628,-1.8699621,-2.982634,-3.1217752
rsv_f,hermes_py_050_ft_cdna117k_ddg_st,TriC,D486H,A,4jhw_trimer,20,9,-3.1572998,-2.8174536,-3.6554348,-3.5677314,-2.511692,-3.3109043,-2.8660705,-2.6130693,-3.1716952,-2.3740826,-2.7133446,-3.1125844,-3.620861,-3.0980945,-3.0180745,-3.1808615,-3.1093028,-2.8458748,-2.770709,-2.650074
rsv_f,hermes_py_050_ft_cdna117k_ddg_st,TriC,E487Q,A,4jhw_trimer,11,12,-3.3819878,-2.6456485,-3.660689,-3.327383,-2.5934508,-3.8501942,-3.1283398,-2.5125575,-3.8678524,-2.064682,-2.634333,-3.4528313,-4.2824826,-3.3470607,-3.8182445,-3.4273505,-3.087051,-2.6265965,-2.9530165,-2.8206701
rsv_f,hermes_py_050_ft_cdna117k_ddg_st,TriC,F488W,A,4jhw_trimer,1,3,-3.2015774,-2.6369042,-3.7491517,-3.5535502,-2.0231278,-3.6352413,-2.9959874,-2.331958,-3.0636563,-2.224868,-2.5033016,-3.3801293,-3.6824028,-3.1406596,-2.876979,-3.337684,-3.1244302,-2.633184,-2.2310004,-2.2405276
rsv_f,hermes_py_050_ft_cdna117k_ddg_st,TriC,D489H,A,4jhw_trimer,20,11,-3.0862598,-2.6442738,-3.791144,-3.6663136,-2.6433578,-3.3831947,-3.3481293,-2.1974926,-3.559494,-2.1464744,-2.5775476,-3.489862,-3.640759,-3.4093795,-3.533874,-3.4138057,-3.166891,-2.3788884,-2.772614,-2.8391535
rsv_f,hermes_py_050_ft_cdna117k_ddg_st,Prol,S215P,A,4jhw_trimer,16,19,-2.6779249,-2.4700866,-2.7276368,-2.4930413,-2.5997725,-3.255664,-2.6743798,-2.447436,-2.5909753,-2.4885125,-2.5240965,-2.7427475,-3.2378826,-2.5769012,-2.653986,-2.679971,-2.4637027,-2.4491155,-2.5839505,-2.6113663
rsv_f,hermes_py_050_ft_mega_thermompnn_ddg_st,Cav1,S190F,A,4jhw_trimer,13,3,-2.8987556,-2.169851,-4.2307262,-3.7974079,-1.6811119,-3.6590862,-3.269135,-1.5135354,-3.8841336,-1.7151285,-1.9944804,-3.9917908,-4.408879,-3.4973798,-3.65976,-3.5913196,-3.1588352,-1.6101167,-2.3240337,-2.186375
rsv_f,hermes_py_050_ft_mega_thermompnn_ddg_st,Cav1,V207L,A,4jhw_trimer,3,2,-2.7493317,-2.5026882,-4.02676,-3.8184838,-2.2046518,-3.4592407,-3.4417167,-1.3231031,-3.4725025,-1.700785,-2.0191693,-3.6852233,-3.9481514,-3.4391105,-3.3711026,-3.373487,-3.1389992,-1.8990133,-2.4427404,-2.6680598
rsv_f,hermes_py_050_ft_mega_thermompnn_ddg_st,TriC,D486H,A,4jhw_trimer,18,9,-2.797377,-2.4530787,-3.253058,-3.3323505,-2.3429322,-2.8691208,-2.722945,-2.3042092,-2.8879871,-2.306451,-2.5728555,-2.7609034,-3.2786338,-2.9274385,-2.769112,-2.837344,-2.7439713,-2.4837453,-2.5002708,-2.5185387
rsv_f,hermes_py_050_ft_mega_thermompnn_ddg_st,TriC,E487Q,A,4jhw_trimer,14,12,-2.8438652,-2.0133805,-3.6643856,-3.2598457,-2.0127115,-3.4051502,-2.8719149,-2.3130364,-3.6756186,-1.7476791,-2.2253401,-3.3883102,-4.0186195,-3.2327168,-3.5894928,-3.2551506,-2.9885888,-2.28267,-2.4553993,-2.2302346
rsv_f,hermes_py_050_ft_mega_thermompnn_ddg_st,TriC,F488W,A,4jhw_trimer,1,2,-2.8143628,-2.2129824,-3.228852,-2.969734,-1.9208275,-3.220858,-2.4766955,-2.1465302,-2.5870793,-2.081904,-2.222403,-2.825396,-3.0286133,-2.6196654,-2.3940513,-2.9015214,-2.7541497,-2.4024625,-1.9984,-2.057787
rsv_f,hermes_py_050_ft_mega_thermompnn_ddg_st,TriC,D489H,A,4jhw_trimer,17,12,-2.5453398,-2.1472497,-3.1553867,-3.2027893,-2.1188614,-2.7398582,-2.7728753,-2.0288217,-3.1660604,-2.042347,-2.3521354,-2.8924878,-3.2337177,-3.0185287,-3.1410196,-2.8764412,-2.730885,-2.095019,-2.3764908,-2.4222188
rsv_f,hermes_py_050_ft_mega_thermompnn_ddg_st,Prol,S215P,A,4jhw_trimer,4,20,-2.3871064,-2.1083627,-2.3459678,-2.3417513,-2.3880687,-2.751576,-2.3876371,-2.373744,-2.4102445,-2.3578618,-2.2908874,-2.3470953,-2.8781865,-2.3296,-2.4761488,-2.3291924,-2.2105768,-2.3710322,-2.370461,-2.4025636
rsv_f,proteinmpnn_v_48_030,Cav1,S190F,A,4jhw_trimer,4,7,-4.837842,-5.098462,-5.4959226,-4.7767115,-3.6465764,-5.2770166,-3.8015084,-4.203283,-1.2979921,-4.5066776,-3.5650203,-4.9020357,-5.5000095,-3.8679833,-1.0687492,-3.1134887,-3.610562,-4.2679954,-4.591729,-2.2718325
rsv_f,proteinmpnn_v_48_030,Cav1,V207L,A,4jhw_trimer,2,7,-4.273351,-5.051395,-5.6886487,-5.4352293,-2.877602,-5.586236,-5.443185,-0.5049369,-4.931432,-4.638527,-4.6539187,-5.437923,-5.988243,-5.4936633,-5.4246936,-5.160024,-4.9279623,-1.8361267,-3.9407036,-2.7780576
rsv_f,proteinmpnn_v_48_030,TriC,D486H,A,4jhw_trimer,1,10,-5.6768494,-5.531054,-0.07080304,-5.506252,-5.6695857,-5.6236176,-5.677166,-5.667035,-5.6842036,-5.735133,-5.5558553,-5.788606,-5.7923155,-5.5872817,-5.7924585,-5.687397,-5.817427,-5.766578,-5.739276,-5.7001443
rsv_f,proteinmpnn_v_48_030,TriC,E487Q,A,4jhw_trimer,1,13,-5.6568418,-5.5264482,-5.4891005,-0.076485425,-5.5886626,-5.58314,-5.5897064,-5.631812,-5.6640267,-5.6150737,-5.5872765,-5.5538316,-5.6824512,-5.6214623,-5.6948934,-5.5411353,-5.63916,-5.6830354,-5.604772,-5.5830064
rsv_f,proteinmpnn_v_48_030,TriC,F488W,A,4jhw_trimer,1,14,-5.663884,-5.6616354,-5.675143,-5.6941233,-0.07028712,-5.72108,-5.697097,-5.541438,-5.655133,-5.8371525,-5.687939,-5.6804056,-5.731051,-5.68221,-5.768768,-5.716757,-5.644601,-5.691223,-5.7023993,-5.7181087
rsv_f,proteinmpnn_v_48_030,TriC,D489H,A,4jhw_trimer,3,14,-3.6591733,-4.5365143,-2.1327412,-3.2507877,-2.5859113,-3.6656613,-3.8927217,-3.0358524,-4.8565354,-1.8888676,-2.8566093,-1.6263497,-5.4646516,-3.4132264,-4.494238,-2.7935033,-3.448494,-4.014346,-4.1895432,-3.1835213
rsv_f,proteinmpnn_v_48_030,Prol,S215P,A,4jhw_trimer,1,14,-5.789216,-5.6664414,-5.5911293,-5.732154,-5.649028,-5.685372,-5.6628366,-5.6409187,-5.6883736,-5.6817193,-5.658784,-5.600608,-5.6853304,-5.6908617,-5.681731,-0.071325645,-5.669802,-5.7250214,-5.659064,-5.676939
rsv_f,thermompnn,Cav1,S190F,A,4jhw_trimer,14,3,0.036295861005783,-0.8743929862976074,1.2196674346923828,0.5553656816482544,-1.0008717775344849,0.8548319339752197,-0.1941106915473938,-1.2004845142364502,-0.2495573163032531,-0.8193846940994263,-0.8776965141296387,0.4270369410514831,0.9753284454345704,-0.01581671833992,-0.5035060048103333,0.0,-0.3097100853919983,-1.065998077392578,-0.9454145431518556,-0.8997818231582642
rsv_f,thermompnn,Cav1,V207L,A,4jhw_trimer,6,5,1.121744155883789,0.2572523355484009,2.585237979888916,2.3233957290649414,-0.1386996507644653,2.103301763534546,1.5218563079833984,-0.0980126857757568,2.06575870513916,-0.0339254140853881,0.2635241746902466,2.0126140117645264,2.4165914058685303,1.9043596982955933,1.979163646697998,1.827654838562012,1.5569885969161987,0.0,-0.3352656364440918,-0.0610619783401489
rsv_f,thermompnn,TriC,D486H,A,4jhw_trimer,1,8,0.4565410614013672,0.0154401063919067,0.0,0.1175737380981445,0.1364423036575317,0.667370080947876,0.3465710282325744,0.4538949131965637,0.709169864654541,0.3497624397277832,0.4147714972496032,0.2957929968833923,0.8611336946487427,0.4796246290206909,0.6904650926589966,0.4679058194160461,0.4509214758872986,0.4557982087135315,0.0781973600387573,0.1698284745216369
rsv_f,thermompnn,TriC,E487Q,A,4jhw_trimer,1,12,0.7151923179626465,0.1145240068435669,0.5800241231918335,0.0,0.2594398260116577,1.0975407361984253,0.7203645706176758,0.2587252855300903,1.1483291387557983,0.4974972605705261,0.3902299404144287,1.0169624090194702,1.204306721687317,0.5761476755142212,1.1305687427520752,0.4712832570075989,0.0930981636047363,0.2232446074485778,0.5397594571113586,0.4689896702766418
rsv_f,thermompnn,TriC,F488W,A,4jhw_trimer,3,1,0.402696430683136,-0.0003683567047119,0.5069911479949951,0.4146275520324707,0.0,0.5847875475883484,0.2397510409355163,0.3444209098815918,0.2675361037254333,0.3375483751296997,0.3145179152488708,0.3655459880828857,0.5513065457344055,0.3595921397209167,0.2497692704200744,0.30457603931427,0.2342968583106994,0.3348979949951172,-0.0958219766616821,0.0606179237365722
rsv_f,thermompnn,TriC,D489H,A,4jhw_trimer,5,12,0.1998859047889709,-0.3040140867233276,0.0,0.415595680475235,-0.0334367156028747,-0.1226612329483032,0.2393395900726318,0.5770769715309143,0.5596023201942444,0.2363865375518798,0.2113062143325805,0.1155912280082702,1.051798701286316,0.4494512975215912,0.5576057434082031,0.1951438784599304,0.5540881156921387,0.5932222008705139,-0.024949312210083,0.1326690316200256
rsv_f,thermompnn,Prol,S215P,A,4jhw_trimer,10,20,0.0128201842308044,-0.2718801498413086,0.1081548333168029,0.0010619759559631,-0.1823925375938415,0.1543641686439514,-0.0288622379302978,0.0403781533241272,0.0568965077400207,-0.0075832605361938,-0.0075060129165649,-0.0006693601608276,0.4536851346492767,0.104904294013977,0.0491957664489746,0.0,-0.041633129119873,0.0844044089317321,-0.1333537101745605,-0.0808615088462829
hmpv_f,hermes_py_050,M104,A159L,A,5WB0_trimer,1,7,4.3352623,2.9504852,-3.9657025,-4.038498,-6.1817164,-1.2961456,-5.5386705,-0.16995212,-5.7215405,-1.0264418,-2.3269458,-2.3396766,-2.1842914,-3.899762,-7.390373,1.1852484,1.5000528,3.099483,-10.291854,-7.496888
hmpv_f,hermes_py_050,M104,V203I,A,5WB0_trimer,1,2,-2.129852,-0.58116454,-3.476893,-2.8065057,-5.9930096,-7.2614007,-4.7827063,4.686869,-5.363019,2.063606,-1.1246217,-1.2545435,-6.1895375,-2.3102977,-6.050154,-2.8461266,1.5809132,5.5327063,-9.060284,-6.579383
hmpv_f,hermes_py_050,M104,L130D,A,5WB0_trimer,5,9,-2.8156886,-3.706578,-0.39936247,1.9884748,-3.003416,-7.405645,-1.8144581,-0.9010914,2.6947312,1.1894953,0.28531307,-0.09752925,-5.3946943,2.290318,2.3798244,-1.8920498,-0.34471616,-1.9103979,-3.7366252,-3.0145497
hmpv_f,hermes_py_050,M104,V430Q,A,5WB0_trimer,8,1,-0.937782,-2.2084594,-1.0278907,0.6926116,-3.0296555,-5.3478107,-1.4382868,-0.69714516,0.12834632,0.737689,0.56955993,-0.074662924,-4.069783,1.8236997,0.678415,-0.8593197,1.6771679,0.11272391,-5.0216074,-3.1248803
hmpv_f,hermes_py_050,M104,V449D,A,5WB0_trimer,11,2,-0.14635071,-3.1147285,1.8271347,1.9853003,-2.1948726,-3.951568,-0.7848171,-0.9765973,0.8557652,-0.19438103,-1.6851196,1.686088,-2.5372891,0.7848177,0.20969245,0.6536442,1.364534,-0.29792586,-4.0766716,-2.3238933
hmpv_f,hermes_py_050,MPV-2cREKR,V112R,A,5WB0_trimer,2,9,0.96033,-1.1566244,-0.7378608,-1.1668773,-3.6838017,-3.3620448,-1.2782061,-0.18154886,-0.43431282,-1.0555146,-1.7525089,0.44511232,-3.2036672,-0.47484842,-0.63488233,1.4704847,2.3071766,1.8716961,-6.54813,-3.8076248
hmpv_f,hermes_py_050,MPV-2cREKR,D209E,A,5WB0_trimer,3,1,-2.6147056,-0.46242437,1.0443909,3.9583027,-5.077274,-6.4599214,-2.2526543,0.15953262,-3.284406,2.1745722,0.46260834,0.95513916,-5.618561,1.0337919,-4.635736,-1.4560211,0.46398234,-0.14648272,-8.803202,-5.5503626
hmpv_f,hermes_py_050,MPV-2cREKR,V231I,A,5WB0_trimer,2,1,-2.2341552,-0.7312677,-6.4257,-3.8966224,-7.291468,-8.174997,-6.4973426,7.4640856,-6.574701,2.2891436,-1.4820282,-4.1042037,-7.3106284,-3.3154502,-8.3305,-3.8256748,0.7410212,5.493017,-11.236088,-8.69045
hmpv_f,hermes_py_050,MPV-2cREKR,E453P,A,5WB0_trimer,8,19,-2.9224868,-2.7804618,-1.4253485,0.14424643,-1.1852136,-6.4722214,-0.7667867,1.6497831,0.8410679,0.5941911,1.107542,0.0011943221,-3.4827778,1.504558,1.0734581,-2.1784034,-0.3766119,0.1612648,-3.251614,-1.4761094
hmpv_f,hermes_py_050,Uncleaved Prefusion-Closed,E80D,A,5WB0_trimer,1,12,-1.2363796,-2.1197898,-0.94942844,1.2447201,-0.90118665,-6.210898,-0.33708534,0.5352599,-2.4977152,1.0697188,0.3657052,-0.3114596,-5.5742245,1.2032253,-1.5691751,-0.8113656,1.0500648,0.26009157,-3.659856,-1.2070119
hmpv_f,hermes_py_050,Uncleaved Prefusion-Closed,V155P,A,5WB0_trimer,1,19,-3.685714,-2.8800175,-0.028492093,0.71146214,-3.4445968,-8.992603,-1.919453,2.5287395,-0.44261137,0.49703455,-0.12416424,-0.7867528,-6.448344,0.7769396,-0.7201985,-2.52487,1.6661949,2.8816032,-4.296398,-3.255217
hmpv_f,hermes_py_050_ft_cdna117k_relaxed_pred,M104,A159L,A,5WB0_trimer,2,4,-4.9558363,-6.561801,-12.451785,-11.364073,-8.279582,-8.10256,-10.517988,-6.069689,-10.627014,-6.461128,-8.352997,-10.71933,-11.740831,-10.552297,-10.667966,-8.065973,-7.582586,-4.403502,-10.178299,-8.398592
hmpv_f,hermes_py_050_ft_cdna117k_relaxed_pred,M104,V203I,A,5WB0_trimer,1,2,-8.012698,-8.326642,-12.036755,-10.930786,-8.419924,-9.443789,-10.705174,-3.9128628,-10.261574,-5.3207297,-8.030075,-10.159656,-14.787638,-9.74423,-8.821477,-9.788129,-6.6370215,-3.7323136,-8.167262,-8.416441
hmpv_f,hermes_py_050_ft_cdna117k_relaxed_pred,M104,L130D,A,5WB0_trimer,9,1,-7.193854,-9.901917,-5.412932,-6.7701197,-9.228953,-7.5390596,-7.4635177,-8.490392,-6.0643086,-7.1172485,-8.890787,-5.9613414,-11.494572,-6.975806,-5.7329736,-5.592303,-6.0871143,-8.650757,-9.651304,-8.820325
hmpv_f,hermes_py_050_ft_cdna117k_relaxed_pred,M104,V430Q,A,5WB0_trimer,7,5,-6.500801,-9.779459,-7.5708303,-6.803426,-7.73968,-7.621057,-7.991562,-6.8736267,-6.1117945,-5.914516,-7.1517763,-7.5848475,-9.983754,-6.6491227,-5.694977,-7.154003,-6.649451,-6.74919,-8.570211,-7.5348206
hmpv_f,hermes_py_050_ft_cdna117k_relaxed_pred,M104,V449D,A,5WB0_trimer,15,2,-5.9077196,-10.715241,-5.6202602,-5.4520354,-7.736477,-6.8140764,-7.274923,-8.481063,-5.8898134,-7.330912,-8.855598,-6.334531,-8.935152,-6.554053,-6.295478,-6.10922,-6.5952897,-7.951426,-8.684616,-7.5662704
hmpv_f,hermes_py_050_ft_cdna117k_relaxed_pred,MPV-2cREKR,V112R,A,5WB0_trimer,7,2,-6.1357303,-9.732535,-9.0704565,-8.091271,-7.3301315,-6.0895624,-8.174932,-6.71539,-6.8019843,-5.543524,-7.396634,-8.42903,-10.79158,-7.4417105,-6.0859213,-7.0737777,-7.2510977,-6.832344,-8.028073,-7.298047
hmpv_f,hermes_py_050_ft_cdna117k_relaxed_pred,MPV-2cREKR,D209E,A,5WB0_trimer,12,2,-7.2913933,-8.387856,-7.5538,-5.6302385,-8.213328,-6.907527,-8.990385,-6.124531,-7.320218,-5.5854187,-7.3017626,-7.784147,-13.852943,-6.93255,-7.182063,-7.606369,-6.832202,-6.260807,-9.937401,-7.8630915
hmpv_f,hermes_py_050_ft_cdna117k_relaxed_pred,MPV-2cREKR,V231I,A,5WB0_trimer,2,1,-9.462682,-7.915539,-14.358858,-11.481549,-10.939085,-9.4675865,-13.070711,-1.862479,-11.974789,-4.3861012,-8.553836,-12.04828,-15.942789,-10.719989,-11.640204,-11.591768,-7.395358,-3.1887705,-11.038211,-11.0020075
hmpv_f,hermes_py_050_ft_cdna117k_relaxed_pred,MPV-2cREKR,E453P,A,5WB0_trimer,13,1,-6.7007537,-9.718027,-7.8610697,-7.5037627,-7.976664,-7.373652,-8.281954,-6.2863836,-6.19917,-6.289424,-7.3752823,-7.769844,-5.9013414,-7.453555,-5.993565,-7.142083,-6.904432,-6.4671884,-8.449704,-7.7144346
hmpv_f,hermes_py_050_ft_cdna117k_relaxed_pred,Uncleaved Prefusion-Closed,E80D,A,5WB0_trimer,12,17,-6.0476675,-9.349587,-8.670303,-7.2794695,-6.404312,-6.2219687,-8.512506,-6.8172174,-8.320979,-5.865329,-7.1058364,-8.8524475,-13.408798,-7.121063,-6.8114004,-7.2035837,-7.2606096,-7.580078,-7.454116,-6.300479
hmpv_f,hermes_py_050_ft_cdna117k_relaxed_pred,Uncleaved Prefusion-Closed,V155P,A,5WB0_trimer,1,20,-6.715436,-9.248204,-7.298829,-6.660018,-8.366418,-8.053309,-8.436213,-5.7669992,-6.7809706,-6.2358556,-7.176979,-8.501859,-13.143621,-6.6980195,-6.595164,-7.3497057,-5.890704,-5.4758787,-8.322202,-7.8964157
hmpv_f,hermes_py_050_ft_cdna117k_ddg_st,M104,A159L,A,5WB0_trimer,7,3,-2.8670468,-2.505993,-4.500481,-4.47468,-2.6395574,-3.993924,-4.1741996,-1.4203866,-4.3602366,-2.0314782,-2.6810052,-4.509969,-4.422309,-4.3941216,-4.3605394,-4.0511713,-3.6257806,-1.5719185,-3.4376915,-3.1768463
hmpv_f,hermes_py_050_ft_cdna117k_ddg_st,M104,V203I,A,5WB0_trimer,3,1,-3.0267177,-2.7771432,-4.386226,-4.4097586,-2.8895123,-4.1117544,-4.195333,-1.3695586,-4.260978,-1.6904873,-2.5403492,-4.277978,-4.4679155,-4.1290984,-4.0811534,-3.9077454,-3.1122618,-1.7009592,-3.2257512,-3.4750874
hmpv_f,hermes_py_050_ft_cdna117k_ddg_st,M104,L130D,A,5WB0_trimer,8,2,-2.6463096,-2.5155506,-2.3943272,-2.646687,-3.0801673,-3.065426,-2.6772428,-2.8694608,-2.6361337,-2.62444,-2.6907964,-2.4292254,-4.05219,-2.6195683,-2.600872,-2.3877277,-2.4061704,-2.9491093,-3.1104932,-3.0787632
hmpv_f,hermes_py_050_ft_cdna117k_ddg_st,M104,V430Q,A,5WB0_trimer,5,12,-2.8585165,-2.7215543,-3.5136466,-3.266127,-2.5812564,-3.4756756,-3.0080726,-2.4507532,-2.939153,-2.3832507,-2.4697063,-3.1817653,-3.9499657,-2.9078496,-2.7673225,-3.0818121,-2.8513405,-2.5933928,-2.6468801,-2.6728377
hmpv_f,hermes_py_050_ft_cdna117k_ddg_st,M104,V449D,A,5WB0_trimer,18,2,-2.457559,-2.5175867,-2.4415622,-2.3821757,-2.6493833,-2.8515434,-2.5293205,-2.7209344,-2.5687582,-2.5782576,-2.575787,-2.480645,-3.9028556,-2.4985175,-2.5500731,-2.487063,-2.5645335,-2.7838943,-2.6483405,-2.6377053
hmpv_f,hermes_py_050_ft_cdna117k_ddg_st,MPV-2cREKR,V112R,A,5WB0_trimer,4,11,-2.987214,-2.7397513,-3.9317043,-3.7166355,-2.7052999,-3.767735,-3.338389,-2.1612835,-3.2637124,-1.900239,-2.3755279,-3.5587044,-4.0998793,-3.26241,-3.1092627,-3.3506646,-3.0551114,-2.4664123,-2.9079432,-2.9463277
hmpv_f,hermes_py_050_ft_cdna117k_ddg_st,MPV-2cREKR,D209E,A,5WB0_trimer,15,6,-2.9823666,-2.5254817,-3.2482674,-2.5627763,-2.881506,-3.6740222,-3.296938,-2.163623,-3.3273377,-1.9399719,-2.2812774,-3.2077606,-4.5988173,-2.864855,-3.312121,-3.0906951,-2.7818666,-2.4664414,-3.07954,-3.03692
hmpv_f,hermes_py_050_ft_cdna117k_ddg_st,MPV-2cREKR,V231I,A,5WB0_trimer,3,1,-3.5612838,-3.070703,-4.2366824,-4.1313977,-3.2948036,-4.203479,-4.282679,-0.9124931,-4.118376,-1.494172,-2.6330357,-4.3148336,-4.341941,-4.019827,-4.057756,-4.0816984,-3.3565907,-1.6121361,-3.647448,-3.8798172
hmpv_f,hermes_py_050_ft_cdna117k_ddg_st,MPV-2cREKR,E453P,A,5WB0_trimer,17,16,-2.9697995,-2.6953955,-3.80858,-3.3596578,-2.5820043,-3.659367,-3.0735514,-2.183749,-2.9915838,-2.3539944,-2.464562,-3.399033,-3.1988165,-2.9868639,-2.8358662,-3.151994,-2.8504415,-2.3901558,-2.5697973,-2.65899
hmpv_f,hermes_py_050_ft_cdna117k_ddg_st,Uncleaved Prefusion-Closed,E80D,A,5WB0_trimer,15,19,-2.8641574,-2.8386703,-3.9633782,-3.5372531,-2.3302362,-3.8324387,-3.4131055,-2.040751,-3.6566536,-1.929678,-2.3572936,-3.7889416,-4.5969596,-3.326835,-3.5354996,-3.4249134,-3.125975,-2.4649034,-2.4331193,-2.5779936
hmpv_f,hermes_py_050_ft_cdna117k_ddg_st,Uncleaved Prefusion-Closed,V155P,A,5WB0_trimer,2,20,-3.0556023,-2.611975,-3.3553443,-3.0634515,-2.679917,-3.8737988,-3.1269581,-2.1320589,-3.2137947,-2.3799005,-2.3688943,-3.4025211,-4.5412483,-2.7984455,-3.0017762,-3.2132804,-2.750124,-2.303032,-2.567274,-2.7830048
hmpv_f,hermes_py_050_ft_mega_thermompnn_ddg_st,M104,A159L,A,5WB0_trimer,5,3,-2.2137852,-1.9862541,-4.2218614,-4.229174,-2.3721669,-3.3682914,-3.9990647,-1.6682975,-4.204998,-1.7802973,-2.3811464,-4.112174,-3.9210887,-4.1487303,-4.2390776,-3.591444,-3.2481952,-1.4225038,-3.079456,-2.8332026
hmpv_f,hermes_py_050_ft_mega_thermompnn_ddg_st,M104,V203I,A,5WB0_trimer,2,1,-2.5323164,-2.3205945,-4.002805,-3.9138248,-2.3702884,-3.645979,-3.5275903,-1.3645581,-3.6699615,-1.5796299,-2.2101493,-3.8224938,-3.9949489,-3.5653586,-3.6576295,-3.4320664,-2.78856,-1.4396913,-2.5492873,-2.9387746
hmpv_f,hermes_py_050_ft_mega_thermompnn_ddg_st,M104,L130D,A,5WB0_trimer,10,4,-2.4330935,-2.4422317,-2.2179406,-2.5062401,-2.867114,-2.7598977,-2.5280566,-2.8254743,-2.5235384,-2.5068958,-2.5717783,-2.207384,-3.7580059,-2.4804068,-2.4995632,-2.0981922,-2.2153354,-2.8612616,-2.885304,-2.8741884
hmpv_f,hermes_py_050_ft_mega_thermompnn_ddg_st,M104,V430Q,A,5WB0_trimer,10,8,-2.619461,-2.2943015,-3.2255237,-2.9163156,-2.3307362,-3.250019,-2.593061,-2.2719185,-2.5100987,-2.0383825,-2.1119528,-2.7415843,-3.6791744,-2.4087641,-2.3012116,-2.8181577,-2.5187042,-2.4354084,-2.261808,-2.4188645
hmpv_f,hermes_py_050_ft_mega_thermompnn_ddg_st,M104,V449D,A,5WB0_trimer,19,6,-2.2292976,-2.2653215,-2.274666,-2.190667,-2.2972064,-2.5282,-2.2739038,-2.4841542,-2.3300126,-2.3072925,-2.3471358,-2.2907953,-3.438065,-2.3066568,-2.3348947,-2.226243,-2.3299224,-2.536001,-2.275248,-2.294204
hmpv_f,hermes_py_050_ft_mega_thermompnn_ddg_st,MPV-2cREKR,V112R,A,5WB0_trimer,5,10,-2.5227118,-2.2572389,-3.4308124,-3.2158592,-2.3814902,-3.25465,-2.842484,-2.1228588,-2.6517823,-1.8549868,-2.1374733,-3.0893173,-3.559801,-2.750942,-2.539996,-2.9145389,-2.646246,-2.295827,-2.376249,-2.5216763
hmpv_f,hermes_py_050_ft_mega_thermompnn_ddg_st,MPV-2cREKR,D209E,A,5WB0_trimer,16,7,-2.6324263,-2.1423337,-3.0177357,-2.4048216,-2.6065266,-3.1233144,-3.0068069,-1.9108658,-3.0743954,-1.9249674,-1.9426787,-2.935663,-4.049039,-2.5933993,-3.0205362,-2.700604,-2.390444,-2.1205757,-2.699986,-2.7364635
hmpv_f,hermes_py_050_ft_mega_thermompnn_ddg_st,MPV-2cREKR,V231I,A,5WB0_trimer,3,1,-3.251494,-2.6038113,-3.9231598,-3.9105518,-2.6820636,-3.8160312,-3.76013,-0.7472657,-3.6884956,-1.3329964,-2.2669206,-3.9789472,-3.9735756,-3.759357,-3.6542618,-3.7737556,-3.208062,-1.3926607,-3.188685,-3.4771855
hmpv_f,hermes_py_050_ft_mega_thermompnn_ddg_st,MPV-2cREKR,E453P,A,5WB0_trimer,19,6,-2.577227,-2.3847034,-3.245266,-3.1652029,-2.5288925,-3.0000489,-2.8159924,-2.0157006,-2.731851,-2.3797638,-2.4101846,-2.8619332,-2.5036657,-2.7797234,-2.6797256,-2.680196,-2.5139356,-2.1822886,-2.6717796,-2.7010963
hmpv_f,hermes_py_050_ft_mega_thermompnn_ddg_st,Uncleaved Prefusion-Closed,E80D,A,5WB0_trimer,14,18,-2.7032986,-2.492618,-3.4988341,-3.0432203,-1.8264424,-3.6261508,-2.8035178,-1.9030218,-3.2648227,-1.6443087,-2.014742,-3.3292687,-3.89217,-2.826146,-2.9307551,-3.189574,-2.8789997,-2.2783828,-1.9673284,-2.1214745
hmpv_f,hermes_py_050_ft_mega_thermompnn_ddg_st,Uncleaved Prefusion-Closed,V155P,A,5WB0_trimer,4,20,-2.8175278,-2.3500323,-3.0343173,-2.897139,-2.2044559,-3.5735538,-2.7036092,-1.90102,-2.8973994,-2.1020947,-2.071377,-3.2313912,-4.149999,-2.5861728,-2.636582,-3.0787237,-2.668536,-2.081678,-2.076003,-2.1861696
hmpv_f,proteinmpnn_v_48_030,M104,A159L,A,5WB0_trimer,1,12,-0.8379858,-2.1517508,-4.7627077,-4.6401763,-5.6993155,-5.1840544,-4.549194,-4.844798,-5.2588186,-4.927495,-5.383088,-2.4232318,-5.2096825,-4.573233,-5.1322656,-2.389,-3.1458917,-2.0836203,-5.4756784,-5.4746943
hmpv_f,proteinmpnn_v_48_030,M104,V203I,A,5WB0_trimer,1,2,-4.555915,-4.3994017,-5.5675516,-5.557317,-5.3014193,-5.5328407,-5.605283,-2.03481,-5.129439,-3.1558237,-3.8401322,-5.4167624,-5.5414395,-4.9059744,-5.0710015,-5.4115033,-4.35062,-0.35374287,-5.38986,-5.449229
hmpv_f,proteinmpnn_v_48_030,M104,L130D,A,5WB0_trimer,8,9,-3.15158,-5.2680216,-3.4663815,-2.4857876,-5.2122087,-3.8536384,-4.204892,-4.9907613,-0.9242654,-3.4129767,-4.829195,-3.1721063,-5.5021963,-1.9611782,-2.8409967,-2.9764273,-3.5170524,-4.5697775,-5.680791,-5.220283
hmpv_f,proteinmpnn_v_48_030,M104,V430Q,A,5WB0_trimer,5,4,-3.043863,-5.1426992,-1.9801948,-1.5233536,-4.8722076,-5.1714425,-4.3457613,-4.2762733,-2.9569561,-3.6058247,-4.5560193,-1.7792413,-5.302632,-2.406278,-3.007139,-3.77761,-3.2976322,-2.9494462,-4.9923887,-4.453568
hmpv_f,proteinmpnn_v_48_030,M104,V449D,A,5WB0_trimer,13,3,-2.6693308,-5.339225,-1.8527143,-1.4480484,-4.3409696,-4.429328,-4.881593,-4.8391924,-3.384725,-3.751384,-4.9189825,-2.5167441,-5.5676274,-3.444194,-4.2525415,-1.6371273,-2.6588807,-4.4958177,-5.1220884,-4.5457983
hmpv_f,proteinmpnn_v_48_030,MPV-2cREKR,V112R,A,5WB0_trimer,8,1,-2.287191,-5.2569337,-4.0354776,-3.755397,-5.2416353,-5.2095904,-3.7471356,-4.408806,-1.7670826,-3.852757,-4.6089997,-1.9074166,-5.5151772,-2.346196,-1.6817272,-2.7413387,-2.8390045,-3.5516286,-5.645434,-5.080032
hmpv_f,proteinmpnn_v_48_030,MPV-2cREKR,D209E,A,5WB0_trimer,11,1,-3.0437512,-5.1079993,-3.7931392,-1.3089569,-5.006732,-4.908359,-4.537678,-2.492929,-4.07142,-2.0575414,-3.9124558,-3.5533776,-5.402735,-2.508839,-3.1490922,-3.6914272,-2.7517917,-2.218181,-4.985402,-4.638299
hmpv_f,proteinmpnn_v_48_030,MPV-2cREKR,V231I,A,5WB0_trimer,3,1,-5.7604976,-5.5257044,-5.7663326,-5.98736,-5.6659985,-5.6932898,-6.109084,-0.23715511,-5.803109,-2.1588361,-5.3643713,-5.7707505,-5.9125566,-5.8905177,-5.903196,-5.707527,-5.7292686,-3.3490365,-6.0423217,-5.1416707
hmpv_f,proteinmpnn_v_48_030,MPV-2cREKR,E453P,A,5WB0_trimer,1,20,-5.7263145,-5.584681,-5.5670056,-0.07328572,-5.620073,-5.679404,-5.6212897,-5.72566,-5.6615653,-5.668579,-5.6432037,-5.6063905,-5.7477694,-5.6823,-5.7299967,-5.608475,-5.7082214,-5.455012,-5.6508765,-5.6412663
hmpv_f,proteinmpnn_v_48_030,Uncleaved Prefusion-Closed,E80D,A,5WB0_trimer,3,1,-2.5357168,-5.21599,-1.2963264,-2.0518918,-5.2986712,-2.8555508,-4.466426,-5.0159516,-5.1765203,-3.9683723,-4.2714033,-2.4777284,-5.429598,-3.634418,-2.990729,-1.9150112,-3.2005553,-5.154465,-5.048751,-4.9172707
hmpv_f,proteinmpnn_v_48_030,Uncleaved Prefusion-Closed,V155P,A,5WB0_trimer,4,20,-4.4963827,-5.207306,-3.0543149,-2.0373163,-5.473582,-5.1427693,-4.2681,-2.4686608,-3.8702908,-3.523667,-5.1073723,-3.499845,-5.504527,-2.0705135,-2.942902,-3.9408836,-1.3280216,-2.2245586,-4.621258,-4.800568
hmpv_f,thermompnn,M104,A159L,A,5WB0_trimer,3,5,0.0,-0.0696933269500732,2.6478137969970703,2.359118223190308,1.39194655418396,1.9384198188781736,2.0986111164093018,0.3454493284225464,2.5204553604125977,0.9109106063842772,1.344206690788269,2.2158801555633545,1.7781696319580078,2.460163354873657,2.62087631225586,1.3989825248718262,1.3456677198410034,-0.673875093460083,1.860098361968994,1.6920921802520752
hmpv_f,thermompnn,M104,V203I,A,5WB0_trimer,1,2,2.0750656127929688,1.291301131248474,2.9828240871429443,2.7369537353515625,1.7786778211593628,2.913893699645996,2.8504414558410645,0.3132352828979492,2.787712812423706,0.5836716890335083,1.3165884017944336,2.959256172180176,3.1012508869171143,2.6990530490875244,2.7516510486602783,2.7781877517700195,2.022830009460449,0.0,2.264864683151245,2.308995246887207
hmpv_f,thermompnn,M104,L130D,A,5WB0_trimer,4,10,0.2606080770492553,0.2485833764076233,0.2030770182609558,0.2718296647071838,0.5016717910766602,0.6389178037643433,0.2748560905456543,0.1320973634719848,-0.0219724178314209,0.0,0.1942899823188781,0.0834365487098693,1.2337101697921753,0.0261626839637756,-0.0226246118545532,0.2092793583869934,-0.0761650800704956,0.1501172184944152,0.5985872745513916,0.5427412986755371
hmpv_f,thermompnn,M104,V430Q,A,5WB0_trimer,12,6,-0.2413004636764526,-0.1153257489204406,0.3429461717605591,0.2311473488807678,0.1095279455184936,0.4078777134418487,-0.0622053146362304,-0.0584266185760498,-0.4594953656196594,-0.3261222243309021,-0.254802942276001,-0.1719949841499328,1.232201337814331,-0.2129595875740051,-0.5629709362983704,-0.0017454624176025,0.0078197717666625,0.0,0.2834381461143493,0.1798070073127746
hmpv_f,thermompnn,M104,V449D,A,5WB0_trimer,16,2,-0.4026731252670288,-0.451600432395935,-0.557822585105896,-0.668613076210022,0.0973763465881347,0.2380776107311248,-0.1143540740013122,-0.0708280205726623,-0.077176809310913,-0.3794630169868469,-0.3119176626205444,-0.261050283908844,1.3698989152908323,-0.384820282459259,-0.0448013544082641,-0.326729953289032,-0.2970551252365112,0.0,-0.0287678241729736,0.1047962307929992
hmpv_f,thermompnn,MPV-2cREKR,V112R,A,5WB0_trimer,2,1,0.2414726018905639,0.2954778671264648,1.1124686002731323,0.8363995552062988,0.5512927174568176,0.9270412921905518,0.5279375910758972,0.0964598655700683,0.0176851749420166,0.2678204178810119,0.2511193752288818,0.6156061887741089,1.4877883195877075,0.2950518727302551,-0.0659102201461792,0.4561864137649536,0.2837867140769958,0.0,0.6840651035308838,0.6022820472717285
hmpv_f,thermompnn,MPV-2cREKR,D209E,A,5WB0_trimer,12,4,-0.159462571144104,-0.2038314938545227,0.0,-0.2013626098632812,0.1014490127563476,0.5108351111412048,0.0178364515304565,-0.1194624304771423,-0.1898356676101684,-0.1541607975959777,-0.1475352644920349,0.0060055255889892,1.961435914039612,-0.2706965208053589,-0.2936775684356689,0.015129268169403,-0.0015957355499267,-0.0867739915847778,0.0092982053756713,0.0928913354873657
hmpv_f,thermompnn,MPV-2cREKR,V231I,A,5WB0_trimer,3,1,1.4446070194244385,0.902043879032135,2.1749279499053955,2.097409963607788,1.2742040157318115,2.2993476390838623,2.291783809661865,-0.718878984451294,2.137275218963623,-0.3571202754974365,0.6564546823501587,2.136808156967163,2.44095230102539,2.138963222503662,2.213165044784546,2.1207404136657715,1.525116205215454,0.0,1.629980206489563,1.6579618453979492
hmpv_f,thermompnn,MPV-2cREKR,E453P,A,5WB0_trimer,1,2,0.2978184223175049,0.2531538009643554,0.3442995548248291,0.0,0.7719597816467285,0.5894624590873718,0.57928866147995,0.7152626514434814,0.658557653427124,0.6894659996032715,0.5694825649261475,0.5899345278739929,0.1157140731811523,0.306642472743988,0.8019323348999023,0.1590204238891601,0.4237568974494934,0.7224471569061279,0.8844500780105591,0.8286113739013672
hmpv_f,thermompnn,Uncleaved Prefusion-Closed,E80D,A,5WB0_trimer,13,18,-0.22991544008255,-0.2692180275917053,0.510627031326294,0.0,-0.0515282750129699,0.5375399589538574,0.0607961416244506,-0.0812706351280212,-0.1999294161796569,-0.1839913725852966,-0.2180795073509216,0.2687156796455383,2.2449002265930176,-0.1602277755737304,-0.2706976532936096,-0.0009863376617431,0.0210273265838623,0.0461110472679138,-0.0642698407173156,-0.080357015132904
hmpv_f,thermompnn,Uncleaved Prefusion-Closed,V155P,A,5WB0_trimer,1,20,0.5219836831092834,0.2724019289016723,0.92624831199646,0.7554810643196106,0.3782702684402466,1.2054132223129272,0.5033261179924011,0.1735454797744751,0.5171979069709778,0.3951805830001831,0.4238314032554626,0.7774976491928101,1.9426474571228027,0.4683067202568054,0.5107172131538391,0.7820452451705933,0.5477739572525024,0.0,0.3047384023666382,0.2749183177947998
ha,hermes_py_050,Universal-HA,H355W,A,7VDF,4,3,-7.883673,-6.0592093,-4.216626,-2.3965077,5.768859,-11.341516,4.1724787,-5.8426847,-3.6614952,-5.5884,-4.0282173,-1.7798424,-9.058772,-1.9256929,-2.5294976,-5.681056,-5.1673117,-5.1912594,5.0380898,7.371525
ha,hermes_py_050,Universal-HA,K380I,A,7VDF,8,4,-3.7628834,-2.8384433,-2.7798257,-0.79845804,-0.6531223,-7.742308,-0.9327103,0.41089302,-0.7041637,1.3063476,2.9061124,-0.6521307,-3.5328221,1.739781,-0.63404346,-2.9576106,-0.9840503,-1.4768107,-5.7171793,-2.056304
ha,hermes_py_050,Universal-HA,E432I,A,7VDF,9,4,-5.031632,-2.0202541,-4.969535,-1.9396031,0.03300672,-9.096723,-1.330691,0.029510375,-3.7499428,5.930305,2.221376,-2.1377628,-7.7515936,-0.7062976,-5.4967084,-4.790536,-2.487388,-1.8153375,-6.46634,-1.5145304
ha,hermes_py_050_ft_cdna117k_relaxed_pred,Universal-HA,H355W,A,7VDF,6,4,-5.7239127,-9.086744,-9.831736,-9.350195,-4.9697113,-8.167644,-6.9449434,-8.776929,-9.848482,-10.545206,-10.161827,-9.214563,-13.179857,-9.405302,-9.212593,-6.6534324,-7.642639,-7.2621317,-5.8240376,-3.7894413
ha,hermes_py_050_ft_cdna117k_relaxed_pred,Universal-HA,K380I,A,7VDF,14,3,-6.5722136,-9.460524,-11.344286,-10.231301,-7.1532707,-5.911733,-10.005857,-6.234534,-9.529474,-5.476323,-6.4383574,-9.981601,-11.492624,-8.53441,-8.3099165,-8.166674,-8.707869,-7.4369135,-9.6105385,-8.084358
ha,hermes_py_050_ft_cdna117k_relaxed_pred,Universal-HA,E432I,A,7VDF,16,5,-7.753231,-8.113621,-13.415497,-11.093128,-6.531478,-6.736435,-10.209968,-6.8969803,-11.780223,-2.6476135,-6.2261696,-10.994127,-15.178207,-9.92998,-12.112117,-9.667848,-9.005014,-7.770877,-10.399455,-7.489637
ha,hermes_py_050_ft_cdna117k_ddg_st,Universal-HA,H355W,A,7VDF,5,3,-3.538192,-2.9620721,-4.166671,-3.9589257,-1.1347543,-4.061051,-2.9719224,-3.3285522,-3.9412518,-3.3811138,-3.3796756,-3.8439326,-4.3758297,-3.7896614,-3.8433704,-3.5883472,-3.7328,-3.3319583,-1.5978596,-1.1855667
ha,hermes_py_050_ft_cdna117k_ddg_st,Universal-HA,K380I,A,7VDF,13,2,-3.4214916,-2.9169545,-3.8084874,-3.736349,-2.627911,-3.8187141,-3.6948216,-2.114427,-3.6684022,-1.9626182,-2.3532205,-3.6914933,-3.6874657,-3.443315,-3.566681,-3.6802316,-3.41281,-2.597684,-3.244493,-3.2776146
ha,hermes_py_050_ft_cdna117k_ddg_st,Universal-HA,E432I,A,7VDF,12,3,-3.582357,-2.8719764,-3.9029899,-3.85747,-2.4188619,-4.080733,-3.878716,-2.3053296,-3.934486,-1.1782427,-2.0803132,-3.9727643,-4.12439,-3.812302,-3.997987,-3.892939,-3.69344,-3.0001922,-3.150435,-3.1643097
ha,hermes_py_050_ft_mega_thermompnn_ddg_st,Universal-HA,H355W,A,7VDF,8,3,-2.72091,-2.569491,-3.9729111,-3.8279552,-1.2642068,-3.425815,-2.728762,-2.5747592,-3.541732,-2.8514419,-2.8158076,-3.5365226,-3.942141,-3.492897,-3.3289933,-3.0364976,-3.0685368,-2.4747393,-1.3594906,-1.2261249
ha,hermes_py_050_ft_mega_thermompnn_ddg_st,Universal-HA,K380I,A,7VDF,17,2,-3.047579,-2.5844123,-3.7632236,-3.661466,-2.170033,-3.4911785,-3.3732285,-1.8782406,-3.5380383,-1.7220951,-2.0064855,-3.393535,-3.5442626,-3.3360734,-3.3479645,-3.396321,-3.2085342,-2.3674483,-2.9086456,-3.0308316
ha,hermes_py_050_ft_mega_thermompnn_ddg_st,Universal-HA,E432I,A,7VDF,14,3,-3.1059258,-2.4274044,-3.9357502,-3.618157,-2.2946765,-3.6074605,-3.7356973,-2.0148034,-3.763326,-0.95178145,-1.8683164,-3.8754668,-4.0793366,-3.596815,-3.8411472,-3.5951676,-3.335851,-2.5600688,-2.983303,-3.0470805
ha,proteinmpnn_v_48_030,Universal-HA,H355W,A,7VDF,5,1,-4.3482485,-5.5368147,-5.3164606,-5.6005225,-3.3257942,-5.310955,-4.0109587,-5.6266565,-5.889907,-5.3797975,-5.6572123,-5.0803323,-5.666689,-5.3542852,-5.704343,-3.524231,-4.402488,-5.6837,-0.34268445,-2.0900908
ha,proteinmpnn_v_48_030,Universal-HA,K380I,A,7VDF,9,1,-4.379614,-5.3673644,-5.6151953,-5.3007417,-5.0174565,-5.281275,-5.4174495,-0.4384489,-4.7931337,-2.3306432,-2.206805,-5.344659,-5.642392,-4.409138,-4.2343836,-4.293763,-4.867221,-3.697398,-5.860809,-4.839343
ha,proteinmpnn_v_48_030,Universal-HA,E432I,A,7VDF,12,2,-4.753579,-4.748599,-5.3674574,-5.137317,-4.428956,-5.3337564,-5.27556,-2.4984426,-5.0685835,-0.24296086,-4.1934443,-5.159901,-5.5650196,-4.989196,-5.446171,-4.7768908,-4.7747507,-4.492383,-5.9786677,-5.1803694
ha,thermompnn,Universal-HA,H355W,A,7VDF,4,2,0.7177399396896362,0.4014208912849426,1.1020947694778442,0.905404806137085,-0.7298852205276489,0.9461066126823424,0.0,0.263461709022522,1.1056842803955078,0.6909312009811401,0.5507527589797974,0.936268150806427,0.4924084544181824,0.8026843070983887,0.8321821689605713,0.5236616134643555,0.5062046051025391,0.2665900588035583,-1.211658000946045,-1.2494738101959229
ha,thermompnn,Universal-HA,K380I,A,7VDF,11,1,0.1234111189842224,-0.3266196250915527,1.219902276992798,0.78581702709198,-0.2385176420211792,0.759311318397522,0.3587127029895782,-0.9771625995635986,0.0,-0.7110443115234375,-0.4938467741012573,0.6160768270492554,1.0740114450454712,0.3190837502479553,-0.1454806923866272,0.2262658178806305,-0.0488849282264709,-0.694975733757019,-0.1697532534599304,-0.1088616251945495
ha,thermompnn,Universal-HA,E432I,A,7VDF,13,2,-0.5310921669006348,-0.7343608140945435,0.3973224461078644,0.0,-0.691500186920166,0.2942234873771667,-0.0189189910888671,-1.140133261680603,0.098108947277069,-1.3629121780395508,-0.986453890800476,0.2703244984149933,0.852776288986206,-0.0456785559654235,0.1683640778064727,0.031517744064331,-0.1092834174633026,-0.666732668876648,-0.5695730447769165,-0.5152910947799683
denv_e,hermes_py_050,SC.10,A259W,A,1OAN,1,20,4.603974,-0.43927082,0.074993856,-1.7579682,-6.4371634,2.7839255,-4.3830185,-4.1957808,-4.508956,-4.2658167,-5.2457743,-1.5597593,2.1134136,-2.7270215,-5.647435,3.1183317,0.5493618,-0.82409936,-8.902033,-6.5683303
denv_e,hermes_py_050,SC.10,T262R,A,1OAN,3,14,2.8429072,-1.8265178,0.22926828,0.053783048,-2.5550957,-0.38831663,-0.7703391,-1.513842,-0.5353409,-1.1824329,-2.7250562,-0.019374033,-4.6016355,-0.3432291,-1.7630081,1.9809319,1.1679219,0.44836503,-4.4051332,-2.5105274
denv_e,hermes_py_050,SC.10,S29K,A,1OAN,1,12,2.654766,-0.1095472,0.07040209,-0.72356397,-6.9339705,1.056722,-2.497233,-4.191828,-2.7056162,-3.931701,-4.4549694,0.5051653,-6.3135743,-0.7771895,-4.2841506,3.8793054,2.7574596,-0.9947832,-9.360916,-7.0604277
denv_e,hermes_py_050,SC.10,T33V,A,1OAN,3,1,0.5351488,2.0299957,-5.762141,-3.6787727,-6.478891,-6.1692653,-5.6674585,0.9415005,-5.2663856,1.457733,-1.7695135,-3.3781903,-6.0695853,-3.3749568,-6.9774795,-2.3770347,1.6270411,6.61968,-10.246273,-7.3313513
denv_e,hermes_py_050,SC.10,A35M,A,1OAN,1,12,3.1320784,2.3211102,-1.8166702,-0.9259146,-4.4925833,0.07545708,-2.7376847,-3.0016236,-4.048068,-1.8158888,-2.028767,-1.2664665,-2.2554824,-1.4352422,-5.021892,1.6950201,0.85608613,0.14091271,-7.780786,-5.3116875
denv_e,hermes_py_050,SC.10,G106D,A,1OAN,8,1,1.5751812,-2.770081,2.796107,1.0526532,-4.3343515,0.41913253,-2.048954,-2.7842898,0.09351158,-1.797069,-3.4203289,1.3635571,2.209969,-0.82453203,-1.2298533,1.8702654,0.7766551,-1.2978544,-6.171649,-4.280875
denv_e,hermes_py_050,SC.10,T280P,A,1OAN,4,19,0.17754741,-2.4220402,1.9835304,1.2208536,-2.2283447,-2.2000754,-0.6325274,-1.4135406,0.8534638,-0.77025366,-1.6245397,1.2626702,-3.440581,0.4564623,-0.096863665,1.0102066,1.0915058,-0.16549963,-3.8989887,-2.2087736
denv_e,hermes_py_050,SC.10,F279W,A,1OAN,1,6,-6.3370423,-4.0885015,-3.8641953,-0.8533932,2.7141013,-9.46585,-0.8685873,0.78881854,-1.6260045,1.6924384,1.8640038,-3.053826,-2.4387946,-0.45137048,-0.6272072,-5.936797,-2.837653,-1.3342607,0.6310604,2.2243047
denv_e,hermes_py_050_ft_cdna117k_relaxed_pred,SC.10,A259W,A,1OAN,1,14,-5.433295,-9.718867,-7.2022576,-6.0836644,-7.344232,-6.5593324,-7.864173,-7.8832855,-7.355254,-6.8006086,-8.525973,-8.44904,-8.561215,-7.056784,-7.121707,-6.870453,-7.6256285,-7.131295,-7.737722,-6.696026
denv_e,hermes_py_050_ft_cdna117k_relaxed_pred,SC.10,T262R,A,1OAN,10,4,-5.5923357,-9.615542,-6.9609427,-5.8396454,-8.20827,-5.6479406,-7.8705344,-7.2047005,-6.2507653,-6.4961267,-7.8118386,-7.20923,-12.779707,-6.2948594,-6.007495,-6.53123,-7.0082564,-7.271838,-8.342085,-7.9070563
denv_e,hermes_py_050_ft_cdna117k_relaxed_pred,SC.10,S29K,A,1OAN,2,4,-5.796549,-8.635024,-8.151983,-6.8288817,-8.737375,-6.940933,-7.720651,-7.966905,-6.207329,-8.0928,-8.401472,-7.9983115,-11.5549965,-6.4528527,-6.363634,-5.8219347,-5.9419794,-6.7044,-9.356508,-8.315268
denv_e,hermes_py_050_ft_cdna117k_relaxed_pred,SC.10,T33V,A,1OAN,6,1,-6.521066,-6.5750628,-14.477867,-12.162577,-8.829079,-11.164127,-11.850441,-5.123458,-11.725436,-5.9360633,-8.822135,-12.598108,-13.17722,-11.474192,-11.8792515,-10.270922,-7.233288,-1.8722506,-9.619726,-8.773999
denv_e,hermes_py_050_ft_cdna117k_relaxed_pred,SC.10,A35M,A,1OAN,1,13,-5.4368563,-8.19767,-9.960823,-8.976193,-6.6784964,-6.6457243,-8.185929,-8.17608,-9.062596,-7.4793396,-8.421682,-9.738045,-10.290837,-8.946372,-8.652819,-7.027734,-7.7270865,-6.4838233,-8.173491,-6.571023
denv_e,hermes_py_050_ft_cdna117k_relaxed_pred,SC.10,G106D,A,1OAN,9,2,-6.207558,-10.731175,-5.1505475,-5.5885973,-7.3825235,-6.9509706,-7.378478,-8.342878,-6.427794,-7.2062545,-8.253652,-6.593374,-4.8908396,-7.194757,-7.0850058,-6.042062,-6.6236672,-7.778672,-7.454094,-7.1808763
denv_e,hermes_py_050_ft_cdna117k_relaxed_pred,SC.10,T280P,A,1OAN,6,1,-6.621566,-10.281263,-6.028075,-5.928295,-7.159209,-7.205928,-7.055903,-7.641652,-6.0926595,-7.251748,-8.449045,-6.8525743,-5.743243,-6.7116737,-6.468997,-6.306696,-6.396791,-7.134514,-7.850647,-6.807209
denv_e,hermes_py_050_ft_cdna117k_relaxed_pred,SC.10,F279W,A,1OAN,2,9,-6.283143,-9.368209,-10.284847,-9.568149,-5.6256685,-6.195069,-9.404833,-6.0345836,-9.893362,-5.508813,-6.8270736,-10.10374,-8.728798,-9.102374,-8.85748,-7.6796217,-7.963992,-6.6108427,-7.3241067,-6.2439947
denv_e,hermes_py_050_ft_cdna117k_ddg_st,SC.10,A259W,A,1OAN,1,2,-2.2615035,-2.6675758,-3.0646942,-2.7951133,-2.606611,-3.0296242,-2.9079125,-2.6423893,-3.157995,-2.5416443,-2.6322627,-3.2696197,-3.6451735,-2.8522787,-3.1217532,-2.7896953,-2.9935122,-2.6882718,-2.463548,-2.5969293
denv_e,hermes_py_050_ft_cdna117k_ddg_st,SC.10,T262R,A,1OAN,16,3,-2.4223404,-2.6204944,-2.9680026,-2.6095927,-2.6340094,-3.0910106,-2.610043,-2.3855584,-2.5057774,-2.3270795,-2.416401,-2.7489505,-4.445797,-2.457129,-2.411465,-2.6628456,-2.7122998,-2.5324397,-2.5947628,-2.6043966
denv_e,hermes_py_050_ft_cdna117k_ddg_st,SC.10,S29K,A,1OAN,6,12,-2.5999207,-2.631831,-3.550645,-3.150412,-2.8474288,-3.1055222,-2.9288387,-2.6869798,-2.865184,-2.7410588,-2.7238545,-3.2430115,-4.117265,-2.763495,-2.8553033,-2.7003994,-2.6534352,-2.6006808,-2.9927025,-2.8971798
denv_e,hermes_py_050_ft_cdna117k_ddg_st,SC.10,T33V,A,1OAN,10,1,-3.334975,-2.661725,-4.5099535,-4.412204,-2.9825864,-4.3645244,-4.289271,-1.3036659,-4.4135914,-2.0279136,-2.9364254,-4.6836615,-4.595839,-4.471864,-4.4358764,-4.386663,-3.7549565,-1.0202525,-3.7394073,-3.4214432
denv_e,hermes_py_050_ft_cdna117k_ddg_st,SC.10,A35M,A,1OAN,1,7,-2.5423694,-2.6327307,-3.9801087,-3.8396885,-2.7126002,-3.1297612,-3.3474476,-2.7436538,-3.8002687,-2.8087285,-2.861715,-3.8503098,-3.9889731,-3.5447528,-3.7445953,-3.2180495,-3.3236141,-2.5507953,-2.93788,-2.8706079
denv_e,hermes_py_050_ft_cdna117k_ddg_st,SC.10,G106D,A,1OAN,20,1,-2.5309353,-2.5194466,-2.4200203,-2.4454014,-2.6099916,-2.8363788,-2.5396917,-2.7836223,-2.604981,-2.645997,-2.656544,-2.5607734,-2.5499098,-2.57651,-2.6411214,-2.5445132,-2.6096706,-2.752468,-2.5671797,-2.5804405
denv_e,hermes_py_050_ft_cdna117k_ddg_st,SC.10,T280P,A,1OAN,2,20,-2.7690456,-2.396414,-2.8168502,-2.7765164,-2.5556498,-3.0329738,-2.609654,-2.6530938,-2.5958076,-2.6428607,-2.625286,-2.7265832,-3.4170463,-2.6826637,-2.5816324,-2.6276717,-2.5390162,-2.6531272,-2.5953221,-2.543825
denv_e,hermes_py_050_ft_cdna117k_ddg_st,SC.10,F279W,A,1OAN,1,4,-3.462851,-2.760202,-4.0186167,-3.966106,-1.8227909,-3.8523133,-3.6094983,-2.1175072,-3.9452846,-1.9921138,-2.4670463,-4.035796,-3.7803626,-3.8509068,-3.7802544,-3.8393497,-3.5289085,-2.5294094,-2.4062784,-2.4115653
denv_e,hermes_py_050_ft_mega_thermompnn_ddg_st,SC.10,A259W,A,1OAN,2,1,-2.1124053,-2.2962546,-3.1014369,-2.8508503,-2.2578244,-2.9465456,-2.7482967,-2.327329,-2.7503781,-2.184448,-2.3026068,-3.012919,-3.3021874,-2.657937,-2.6835861,-2.642693,-2.7792442,-2.421372,-1.9586465,-2.255454
denv_e,hermes_py_050_ft_mega_thermompnn_ddg_st,SC.10,T262R,A,1OAN,17,4,-2.2341592,-2.2686563,-2.6653023,-2.4544785,-2.3629022,-2.7642677,-2.3839507,-2.1414542,-2.2743392,-2.0356727,-2.106172,-2.477802,-3.7343113,-2.251872,-2.1833389,-2.4394164,-2.4943995,-2.3779385,-2.33925,-2.3630176
denv_e,hermes_py_050_ft_mega_thermompnn_ddg_st,SC.10,S29K,A,1OAN,9,14,-2.4128537,-2.3316462,-3.6692405,-3.1620228,-2.3940346,-2.798759,-2.8588586,-2.197289,-2.7702208,-2.493341,-2.410416,-3.1810741,-3.7185268,-2.7384493,-2.694288,-2.5200868,-2.3893273,-2.1882186,-2.6486337,-2.5809023
denv_e,hermes_py_050_ft_mega_thermompnn_ddg_st,SC.10,T33V,A,1OAN,10,1,-2.7723122,-2.1409721,-4.0763845,-4.0505204,-2.6638274,-3.8118439,-3.8887467,-1.3536246,-3.9516976,-1.5071981,-2.436613,-4.0723815,-3.9002686,-3.9821255,-3.9693465,-3.8339696,-3.329583,-0.97003555,-3.2684646,-3.1713316
denv_e,hermes_py_050_ft_mega_thermompnn_ddg_st,SC.10,A35M,A,1OAN,6,7,-2.4263248,-2.1559925,-3.5722508,-3.5679848,-2.3804543,-2.9769735,-3.1081033,-2.3183866,-3.4883912,-2.3337443,-2.5255227,-3.417939,-3.4116204,-3.3915076,-3.3714619,-3.0133255,-3.0609384,-2.211476,-2.7352433,-2.5767486
denv_e,hermes_py_050_ft_mega_thermompnn_ddg_st,SC.10,G106D,A,1OAN,18,1,-2.3558424,-2.2622228,-2.171758,-2.3859563,-2.3600101,-2.5941105,-2.380398,-2.5976892,-2.4509573,-2.4166222,-2.4009032,-2.3344436,-2.3294086,-2.456227,-2.4945765,-2.3274498,-2.4242132,-2.62841,-2.3707283,-2.353436
denv_e,hermes_py_050_ft_mega_thermompnn_ddg_st,SC.10,T280P,A,1OAN,8,19,-2.5552135,-2.0854452,-2.580277,-2.6210678,-2.319147,-2.8074882,-2.3191044,-2.4652505,-2.322619,-2.4902341,-2.4640427,-2.4552789,-2.7062435,-2.441894,-2.3254476,-2.4105487,-2.3641284,-2.4784954,-2.2845256,-2.3247943
denv_e,hermes_py_050_ft_mega_thermompnn_ddg_st,SC.10,F279W,A,1OAN,1,2,-3.0271287,-2.2656312,-3.5891922,-3.5113652,-1.6261457,-3.5615869,-3.1682332,-1.9886875,-3.6391366,-1.9928858,-2.110981,-3.609406,-3.5801835,-3.346044,-3.373447,-3.3932834,-3.0112026,-2.2595363,-1.9388905,-2.0196261
denv_e,proteinmpnn_v_48_030,SC.10,A259W,A,1OAN,1,3,-0.066180214,-5.7085943,-5.808302,-5.856672,-5.6532826,-5.7050133,-5.823743,-5.857776,-5.7880206,-5.6755176,-5.696931,-5.713479,-5.911228,-5.5152802,-5.8250456,-5.688941,-5.8607965,-5.8166876,-5.6153197,-5.7030783
denv_e,proteinmpnn_v_48_030,SC.10,T262R,A,1OAN,1,15,-5.7162676,-5.689332,-5.830927,-5.7390947,-5.6570745,-5.7721977,-5.6944847,-5.723207,-5.7610164,-5.649485,-5.674634,-5.724486,-5.771907,-5.7019973,-5.756485,-5.7045746,-0.06773572,-5.6705074,-5.790347,-5.6859903
denv_e,proteinmpnn_v_48_030,SC.10,S29K,A,1OAN,3,1,-4.478156,-5.009286,-5.285487,-4.700956,-4.9555125,-3.751823,-2.541095,-5.4730196,-0.8116639,-5.0838723,-4.8125887,-3.6942074,-5.6263275,-4.033813,-1.98717,-2.1879706,-2.6488278,-5.2151823,-5.0226207,-4.3804073
denv_e,proteinmpnn_v_48_030,SC.10,T33V,A,1OAN,3,1,-2.7668302,-4.4284763,-5.4889402,-5.5978236,-4.9343786,-5.3979955,-5.68553,-4.387928,-5.4680505,-4.74827,-5.037883,-5.514701,-5.6676707,-5.5835276,-5.485671,-4.584756,-3.3856041,-0.23020239,-5.1484904,-5.1010857
denv_e,proteinmpnn_v_48_030,SC.10,A35M,A,1OAN,6,1,-2.6649747,-3.5439372,-4.9105363,-4.694385,-2.3281198,-3.5646205,-4.23444,-3.5846138,-4.779148,-2.5540602,-1.2585329,-4.303985,-5.553336,-3.2572968,-4.856583,-4.123445,-4.4416084,-2.296364,-2.4229493,-2.8390079
denv_e,proteinmpnn_v_48_030,SC.10,G106D,A,1OAN,11,1,-3.2695966,-5.357812,-1.5699661,-2.166259,-5.160411,-3.9510334,-4.388343,-4.943654,-2.7233396,-4.180091,-4.866689,-2.4076505,-2.4887106,-3.474559,-3.7503788,-1.778417,-2.5413647,-4.7608643,-5.2832117,-5.0536857
denv_e,proteinmpnn_v_48_030,SC.10,T280P,A,1OAN,7,10,-3.5034206,-4.7937255,-2.959734,-2.499498,-3.881895,-3.4230552,-2.571301,-4.604538,-1.8717209,-4.189568,-4.930533,-2.3902922,-3.2897327,-2.582116,-2.861857,-2.0946069,-2.622807,-4.078262,-4.959499,-3.72858
denv_e,proteinmpnn_v_48_030,SC.10,F279W,A,1OAN,4,11,-4.5907555,-5.0288153,-5.0327497,-4.542202,-2.8771784,-4.6051626,-4.6893067,-2.3761756,-5.350342,-0.7090812,-1.9243978,-4.8118205,-3.6464698,-4.226117,-5.051097,-4.431105,-3.7804885,-3.8340755,-4.4515386,-3.6839485
denv_e,thermompnn,SC.10,A259W,A,1OAN,4,11,0.0,0.021324872970581,0.386569082736969,0.0058951377868652,0.2389672994613647,0.5812418460845947,0.1554728150367736,0.0467788577079772,-0.0937469005584716,0.030163824558258,0.0766207575798034,0.3270557522773742,1.2513427734375,-0.0471569895744323,-0.0764514207839965,0.2227001786231994,0.2240726351737976,0.0702900290489196,0.1007646918296814,0.1613838672637939
denv_e,thermompnn,SC.10,T262R,A,1OAN,18,7,-0.3249072432518005,-0.3018808960914612,-0.0197755694389343,-0.2952885031700134,-0.0396206974983215,0.1863701939582824,-0.0732098221778869,-0.1184866428375244,-0.2708959579467773,-0.2211344242095947,-0.2611512541770935,-0.0030725598335266,1.277921438217163,-0.3008382320404053,-0.2602930665016174,-0.0914867520332336,0.0,-0.0538700222969055,-0.1672582626342773,-0.0889285802841186
denv_e,thermompnn,SC.10,S29K,A,1OAN,7,2,0.2394260168075561,-0.1634438633918762,0.8669133186340332,0.7663785219192505,0.0680699944496154,0.3404550850391388,0.0106679797172546,0.0050929188728332,-0.2701483368873596,0.1790894269943237,0.048165738582611,0.1408367753028869,0.8792645335197449,0.2188152074813842,-0.3604536652565002,0.0,-0.0472161769866943,0.1732205748558044,-0.0569639205932617,-0.0146954655647277
denv_e,thermompnn,SC.10,T33V,A,1OAN,6,1,0.1735671758651733,-0.4043582081794739,1.7569372653961182,1.4488110542297363,-0.0700562596321106,0.6430478096008301,1.2328357696533203,-0.774604856967926,1.64180326461792,-0.3452269434928894,0.0209415555000305,1.47737717628479,1.4729626178741455,1.4261066913604736,1.4271023273468018,0.5921669006347656,0.0,-1.0872771739959717,0.3099206686019897,0.3602913022041321
denv_e,thermompnn,SC.10,A35M,A,1OAN,10,8,0.0,-0.4414639472961426,0.7094783186912537,0.9275966882705688,-0.4162811040878296,1.2296173572540283,-0.2503141164779663,-0.1717242002487182,0.598268985748291,-0.039993405342102,-0.1109097599983215,0.4195674955844879,1.2934141159057615,0.3591726422309875,0.4896318614482879,0.3994110822677612,0.5445694923400879,-0.2546589374542236,-0.5545049905776978,-0.5781154632568359
denv_e,thermompnn,SC.10,G106D,A,1OAN,6,11,-0.0719889402389526,-0.2411227822303772,0.0504397749900817,0.0656933188438415,0.1151899695396423,0.0,0.0332286953926086,0.1175068020820617,0.0668268203735351,0.0102807283401489,0.1105796694755554,0.0199159383773803,-0.0189865827560424,0.078527808189392,0.1443187594413757,-0.0972699522972107,-0.0692842006683349,0.0448883771896362,0.0888205766677856,0.1366881728172302
denv_e,thermompnn,SC.10,T280P,A,1OAN,9,14,0.1452713012695312,-0.2019924521446228,0.3400082588195801,0.3887316882610321,-0.1139281392097473,0.245215892791748,-0.0734749436378479,-0.09854257106781,-0.0534600615501403,0.0080260634422302,0.0646628141403198,0.0687003135681152,0.09062260389328,0.199095070362091,-0.1080393195152282,0.0930688977241516,0.0,0.0181798934936523,-0.270221471786499,-0.1924026608467102
denv_e,thermompnn,SC.10,F279W,A,1OAN,4,1,0.2834339737892151,-0.0824999809265136,0.7293051481246948,0.8160902857780457,0.0,0.6233253479003906,0.5303811430931091,0.0831087827682495,0.5875102281570435,-0.0609453916549682,0.016848087310791,0.6904237866401672,0.5086309909820557,0.5409557819366455,0.6242092251777649,0.6745274066925049,0.6290725469589233,0.1898941397666931,-0.2600060701370239,0.1549744009971618
sars_cov_2,hermes_py_050,hexapro,F817P,A,6VSB,2,16,-6.062588,-5.0995255,-2.5268273,0.39628664,2.425714,-9.951016,2.149492,-0.43088716,0.09012911,1.6886498,-0.61111987,-1.0399132,-4.553276,0.5577147,0.69274986,-5.137559,-1.1856501,-1.0089662,-0.27335253,2.74099
sars_cov_2,hermes_py_050,hexapro,A892P,A,6VSB,2,1,2.1301174,-2.0970669,0.32326755,0.18357003,-4.775126,-0.34555846,-1.9954334,-2.2330768,-1.4787188,-1.732097,-3.2344346,0.39148083,3.8993287,-0.742,-2.8079276,1.5138249,0.5231463,-0.5597054,-7.3284326,-5.0612054
sars_cov_2,hermes_py_050,hexapro,A899P,A,6VSB,2,6,1.5326498,-1.1266505,-0.13170709,-1.2814913,-5.004075,-2.2523465,-4.0949492,1.3560727,-5.4110503,-2.5598207,-0.5828524,-0.9557314,0.545487,-2.0703328,-6.147082,1.5096025,1.7281876,1.3493241,-8.193579,-6.0873594
sars_cov_2,hermes_py_050,hexapro,A942P,A,6VSB,1,4,3.1977372,-2.359202,1.0431614,0.2636923,-4.784184,1.5994917,-3.3092084,-2.8551116,-0.8278864,-2.1711075,-3.736292,-0.28448454,1.3015006,-1.1510037,-1.8946365,2.83424,1.0439106,-0.6244376,-6.630706,-4.9211297
sars_cov_2,hermes_py_050_ft_cdna117k_relaxed_pred,hexapro,F817P,A,6VSB,3,1,-6.940108,-10.526914,-7.4248824,-6.4073935,-6.133197,-7.8065977,-7.368196,-6.4908743,-6.750586,-6.18859,-8.506763,-8.281725,-5.6712995,-7.4890976,-6.390532,-7.768454,-6.7492347,-6.4287844,-6.968653,-5.6804113
sars_cov_2,hermes_py_050_ft_cdna117k_relaxed_pred,hexapro,A892P,A,6VSB,2,1,-5.9839582,-10.155285,-7.3261414,-6.320913,-8.432772,-7.2266374,-7.9001074,-8.534514,-6.2965264,-7.31116,-8.700319,-7.7749014,-4.0338316,-7.0632186,-6.5962653,-6.945321,-7.631214,-7.730157,-10.239168,-8.15504
sars_cov_2,hermes_py_050_ft_cdna117k_relaxed_pred,hexapro,A899P,A,6VSB,1,4,-6.135829,-9.558735,-8.040678,-7.399228,-7.318362,-7.9699593,-8.550189,-6.344306,-8.454667,-7.515544,-7.4965186,-8.856018,-6.5921187,-8.150479,-8.24716,-7.239398,-7.1178536,-6.2501125,-7.2300196,-7.0954905
sars_cov_2,hermes_py_050_ft_cdna117k_relaxed_pred,hexapro,A942P,A,6VSB,2,1,-5.646372,-10.56661,-6.417775,-5.664431,-7.82722,-7.155009,-7.8630075,-8.092543,-6.0264616,-7.094335,-8.531473,-7.4671974,-4.537671,-6.7735825,-6.8391137,-6.0327973,-6.6843996,-7.3188796,-8.529477,-7.7823625
sars_cov_2,hermes_py_050_ft_cdna117k_ddg_st,hexapro,F817P,A,6VSB,2,18,-2.9151158,-2.739859,-3.3423386,-2.9981225,-2.1560893,-3.633165,-2.7845845,-2.4158368,-3.058742,-2.2997212,-2.552971,-3.2381644,-3.265759,-2.959909,-2.9532156,-3.1208181,-2.878678,-2.5897179,-2.0526087,-2.1649442
sars_cov_2,hermes_py_050_ft_cdna117k_ddg_st,hexapro,A892P,A,6VSB,4,1,-2.597585,-2.5831926,-2.9838996,-2.8414392,-2.7278821,-3.1201305,-2.8050647,-2.6825998,-2.7722821,-2.5938346,-2.7433755,-2.913767,-2.0453937,-2.8126845,-2.8283353,-2.8116748,-2.8569107,-2.7130585,-2.7886658,-2.7560794
sars_cov_2,hermes_py_050_ft_cdna117k_ddg_st,hexapro,A899P,A,6VSB,8,15,-2.8642848,-2.7644408,-3.5376167,-3.3930917,-2.6942654,-3.6271958,-3.6442165,-1.8532236,-3.9534104,-2.2491415,-2.4535964,-3.7371593,-3.5724106,-3.4572263,-3.8104713,-3.3536441,-3.0630674,-2.2386985,-2.6629329,-2.969509
sars_cov_2,hermes_py_050_ft_cdna117k_ddg_st,hexapro,A942P,A,6VSB,2,1,-2.4688034,-2.5675044,-2.7246654,-2.6216426,-2.6199145,-2.8957021,-2.627034,-2.5788636,-2.5865674,-2.5501542,-2.6069179,-2.7443833,-2.2992933,-2.6327207,-2.667905,-2.5709605,-2.5878253,-2.5971417,-2.5677323,-2.6325045
sars_cov_2,hermes_py_050_ft_mega_thermompnn_ddg_st,hexapro,F817P,A,6VSB,2,19,-2.4251435,-2.2819602,-2.886228,-2.66621,-1.9683186,-3.1697934,-2.5370107,-2.2266135,-2.6551685,-2.1856797,-2.282696,-2.9484305,-3.033412,-2.6522653,-2.6163259,-2.6999516,-2.570026,-2.3498955,-1.8536665,-2.0226681
sars_cov_2,hermes_py_050_ft_mega_thermompnn_ddg_st,hexapro,A892P,A,6VSB,5,1,-2.4589126,-2.341593,-3.0583513,-2.9360642,-2.5505967,-2.7922149,-2.6363614,-2.4727411,-2.5347714,-2.3675015,-2.4447513,-2.727443,-1.8207725,-2.6039934,-2.6085048,-2.707085,-2.701216,-2.4821923,-2.8039925,-2.6859844
sars_cov_2,hermes_py_050_ft_mega_thermompnn_ddg_st,hexapro,A899P,A,6VSB,5,17,-2.269426,-2.4998975,-3.2262769,-3.1253963,-2.3874753,-3.1864505,-3.0948215,-1.8998314,-3.1493068,-2.200379,-2.2548404,-3.2774072,-3.1565793,-3.048636,-3.012981,-2.8502488,-2.743957,-2.1358275,-2.399984,-2.469842
sars_cov_2,hermes_py_050_ft_mega_thermompnn_ddg_st,hexapro,A942P,A,6VSB,2,1,-2.2162032,-2.2954822,-2.4420211,-2.3974576,-2.4368937,-2.576077,-2.3470075,-2.4497118,-2.2352529,-2.469439,-2.400705,-2.4961936,-2.0041416,-2.3243866,-2.3595493,-2.2648923,-2.3330498,-2.4095812,-2.5019872,-2.5045686
sars_cov_2,proteinmpnn_v_48_030,hexapro,F817P,A,6VSB,16,1,-2.9130688,-5.340577,-3.2889428,-2.9753616,-4.416028,-4.367219,-4.4525337,-3.838982,-2.7680807,-3.8378136,-4.906636,-3.2139816,-0.944265,-3.358268,-3.862297,-2.4662814,-2.7570271,-3.2510598,-5.1203594,-4.093148
sars_cov_2,proteinmpnn_v_48_030,hexapro,A892P,A,6VSB,5,1,-3.1008658,-5.564405,-2.9109962,-3.5946991,-5.5469866,-4.4611883,-5.1255674,-5.181113,-3.8277988,-5.4231596,-5.51312,-2.3121567,-0.5558892,-4.090081,-4.8087397,-2.743135,-3.5764275,-4.7026105,-5.7173233,-5.4580827
sars_cov_2,proteinmpnn_v_48_030,hexapro,A899P,A,6VSB,6,8,-2.9449043,-4.920735,-3.1544845,-3.6524155,-4.8981977,-4.5768023,-4.3994727,-1.9530249,-3.801622,-3.418839,-2.960822,-2.871521,-2.985112,-3.0780551,-3.8675733,-2.6196694,-1.9337361,-1.8629376,-4.4720163,-3.6523347
sars_cov_2,proteinmpnn_v_48_030,hexapro,A942P,A,6VSB,3,1,-2.616651,-5.461736,-2.6834574,-2.8299887,-5.341632,-3.8324304,-4.963798,-5.1305633,-3.1393485,-4.78794,-5.5155854,-3.1833518,-1.0465606,-3.6501358,-4.600359,-1.6825001,-2.8420758,-4.515262,-5.409985,-5.2722363
sars_cov_2,thermompnn,hexapro,F817P,A,6VSB,1,12,0.6493709087371826,0.2862780690193176,1.2207812070846558,0.9174951314926147,0.0,0.990727424621582,0.4939427375793457,0.3047472834587097,0.3378078937530517,0.2847080826759338,0.4058816432952881,0.838836669921875,0.5748974084854126,0.7271866798400879,0.2685139775276184,0.8000144958496094,0.6932682991027832,0.3805190920829773,0.318913996219635,0.2100412845611572
sars_cov_2,thermompnn,hexapro,A892P,A,6VSB,2,4,0.0,-0.0038685202598571,0.0548021793365478,0.1227034926414489,0.3561788201332092,0.3043830990791321,0.2278977036476135,0.326185941696167,0.1741722822189331,0.2130724191665649,0.3286811709403991,0.1949924826622009,0.0962861180305481,0.1737744808197021,0.2527843117713928,0.1181885600090026,0.2652084231376648,0.2203152179718017,0.3841164112091064,0.432816207408905
sars_cov_2,thermompnn,hexapro,A899P,A,6VSB,7,18,0.0,-0.1859910488128662,0.9898561239242554,0.465664803981781,0.1542996764183044,0.909743309020996,0.3790090680122375,-0.3854717016220093,0.2760737538337707,-0.2285572290420532,-0.1569396257400512,0.6778987646102905,0.9052854776382446,0.285999596118927,0.2263864278793335,0.3258641362190246,-0.0505130290985107,-0.4429144859313965,0.0270864367485046,0.1223773956298828
sars_cov_2,thermompnn,hexapro,A942P,A,6VSB,2,8,0.0,-0.1158260107040405,0.070792019367218,0.0954436659812927,0.0484706163406372,0.1173135638236999,0.0813570022583007,0.1149876117706298,0.0805888772010803,0.0904303789138794,0.1757410168647766,0.1188089847564697,0.0770501494407653,0.0980132222175598,0.1250270009040832,0.0452281236648559,0.0709736347198486,0.0511708855628967,0.1698444485664367,0.1784417033195495
