mutant,mt_pdb,ddG,ph,Change melting temp,effect,source,pos,wt,mut,wt_pdb,mutant_chain,pe_wt,pe_mt,log_proba_wt,log_proba_mt,log_proba_mt__minus__log_proba_wt
G77A,1L23,-0.4,6.5,,Neutral,[64],77,G,A,2LZM,A,-1.294061,-1.0944749,-2.5597615,-2.3601756,0.19958591
A82P,1L24,-0.8,6.5,,Neutral,[64],82,A,P,2LZM,A,-1.2596767,-1.0522416,-2.826496,-2.6190608,0.20743513
A93T,129L,,5.4,0.13,Neutral,[65],93,A,T,2LZM,A,-1.2115905,-1.5287192,-2.814433,-3.1315618,-0.31712866
T151S,130L,,5.4,0.93,Neutral,[65],151,T,S,2LZM,A,-1.6038157,-1.7608719,-3.0242596,-3.1813157,-0.1570561
T26S,131L,,5.4,1.35,Neutral,[65],26,T,S,2LZM,A,-1.9644585,-1.881993,-3.1123059,-3.0298405,0.08246541
V149M,1CV6,2.8,5.4,,Destabilizing,[66],149,V,M,2LZM,A,-0.50016797,-1.8186433,-1.7358427,-3.054318,-1.3184752
V87M,1CU3,2.3,5.4,,Destabilizing,[66],87,V,M,2LZM,A,-0.5050359,-1.5483637,-1.7650496,-2.8083773,-1.0433277
S38N,1L61,-0.6,5.7 -5.9,,Neutral,[67],38,S,N,2LZM,A,-1.188617,-1.3869625,-2.5658526,-2.764198,-0.19834542
T109N,1L59,-0.1,5.7 -5.9,,Neutral,[67],109,T,N,2LZM,A,-1.405578,-1.4807329,-2.9846249,-3.0597796,-0.07515478
T109D,1L62,-0.6,5.7 -5.9,,Neutral,[67],109,T,D,2LZM,A,-1.405578,-1.2726368,-2.9846249,-2.8516836,0.13294125
N116D,1L57,-0.6,5.7 -5.9,,Neutral,[67],116,N,D,2LZM,A,-1.5732181,-1.2139629,-3.054403,-2.695148,0.35925508
D92N,1L55,1.4,5.7 -5.9,,Destabilizing,[67],92,D,N,2LZM,A,-0.88440657,-1.380981,-2.2795556,-2.77613,-0.4965744
S38D,1L19,,5,2.2,Neutral,[68],38,S,D,2LZM,A,-1.188617,-1.1116167,-2.5658526,-2.4888523,0.07700038
N144D,1L20,,5,2.0,Neutral,[68],144,N,D,2LZM,A,-1.5356286,-1.1591665,-3.0898056,-2.7133436,0.37646198
M106I,1P46,-0.2,5,,Neutral,[69],106,M,I,2LZM,A,-0.7338189,-1.1171042,-2.0418518,-2.425137,-0.38328528
M120Y,1P6Y,0.1,5,,Neutral,[69],120,M,Y,2LZM,A,-1.1471012,-1.28234,-2.4160264,-2.5512652,-0.13523889
V149I,1G0Q,0.1,5.4,,Neutral,[70],149,V,I,2LZM,A,-0.50016797,-0.30357277,-1.7358427,-1.5392475,0.19659519
T152V,1G0L,-0.2,5.4,,Neutral,[70],152,T,V,2LZM,A,-1.640116,-0.7958893,-2.929048,-2.0848212,0.84422684
V149S,1G06,4.4,5.4,,Destabilizing,[70],149,V,S,2LZM,A,-0.50016797,-2.4647415,-1.7358427,-3.700416,-1.9645734
V149C,1G07,2.0,5.4,,Destabilizing,[70],149,V,C,2LZM,A,-0.50016797,-1.6970129,-1.7358427,-2.9326878,-1.196845
V149G,1G0P,4.9,5.4,,Destabilizing,[70],149,V,G,2LZM,A,-0.50016797,-2.8605669,-1.7358427,-4.0962415,-2.3603988
E108V,1QUG,-0.7,5.4,,Neutral,[71],108,E,V,2LZM,A,-1.8771152,-1.1030047,-3.2010956,-2.426985,0.77411056
L99G,1QUD,6.3,5.4,,Destabilizing,[71],99,L,G,2LZM,A,0.13534021,-3.0938487,-1.286662,-4.515851,-3.229189
S117F,1TLA,-1.1,5.4,,Neutral,[72],117,S,F,2LZM,A,-2.132382,-1.3424728,-3.198979,-2.40907,0.7899089
M106L,234L,-0.5,3,,Neutral,[73],106,M,L,2LZM,A,-0.7338189,-0.7196733,-2.0418518,-2.0277061,0.014145613
M120L,233L,-0.5,3,,Neutral,[73],120,M,L,2LZM,A,-1.1471012,-0.7139303,-2.4160264,-1.9828556,0.4331708
M106K,231L,3.4,3,,Destabilizing,[73],106,M,K,2LZM,A,-0.7338189,-2.4001832,-2.0418518,-3.7082162,-1.6663644
M120K,232L,1.6,3,,Destabilizing,[73],120,M,K,2LZM,A,-1.1471012,-2.0936854,-2.4160264,-3.3626106,-0.9465842
I3V,1L17,0.4,6.5,,Neutral,[74],3,I,V,2LZM,A,-0.6180562,-0.95600146,-1.9215403,-2.2594855,-0.33794522
I3Y,1L18,2.3,6.5,,Destabilizing,[74],3,I,Y,2LZM,A,-0.6180562,-1.6913319,-1.9215403,-2.9948158,-1.0732756
M102K,1L54,6.9,5.3,,Destabilizing,[75],102,M,K,2LZM,A,-0.3973993,-2.6179194,-1.5555735,-3.7760935,-2.22052
T157I,1L10,1.2,6,,Destabilizing,[76],157,T,I,2LZM,A,-0.99855673,-1.9860433,-2.3144515,-3.301938,-0.9874866
G156D,1L16,2.3,6.5,,Destabilizing,[77],156,G,D,2LZM,A,-0.69785345,-2.141516,-1.973443,-3.4171057,-1.4436626
R96H,1L34,,,,Destabilizing,[78],96,R,H,2LZM,A,-0.7078135,-2.0550036,-1.9457223,-3.2929125,-1.3471901
I3P,1L97,,,,Destabilizing,[79],3,I,P,2LZM,A,-0.6180562,-2.2020347,-1.9215403,-3.505519,-1.5839787
R96N,3CDT,3.0,5.35,,Destabilizing,[80],96,R,N,2LZM,A,-0.7078135,-2.4380467,-1.9457223,-3.6759555,-1.7302332
R96D,3C8Q,3.5,5.35,,Destabilizing,[80],96,R,D,2LZM,A,-0.7078135,-3.0719676,-1.9457223,-4.3098764,-2.364154
R96W,3FI5,4.5,5.35,,Destabilizing,[80],96,R,W,2LZM,A,-0.7078135,-1.9316505,-1.9457223,-3.1695595,-1.2238371
R96Y,3C80,4.7,5.35,,Destabilizing,[80],96,R,Y,2LZM,A,-0.7078135,-2.2102244,-1.9457223,-3.4481332,-1.5024109
M102L,1L77,2.11,5.7,,Destabilizing,[81],102,M,L,2LZM,A,-0.3973993,-0.7010848,-1.5555735,-1.8592589,-0.30368543
