pdbid,chainid,variant,score,mt_pdbid,pe_wt,pe_mt,log_proba_wt,log_proba_mt,log_proba_mt__minus__log_proba_wt
1AMQ,A,C191F,1.6,1QIS,-96.70137023925781,-96.55900573730469,-2.8860206604003906,-2.71623158454895,0.16978907585144043
1AMQ,A,C191S,1.9,5EAA,-96.70137023925781,-97.1178970336914,-2.8860206604003906,-3.322737216949463,-0.43671655654907227
1AMQ,A,C191W,3.9,1QIT,-96.70137023925781,-96.80156707763672,-2.8860206604003906,-2.962104082107544,-0.07608342170715332
1AMQ,A,C191Y,2.3,1QIR,-96.70137023925781,-96.49772644042969,-2.8860206604003906,-2.686032295227051,0.19998836517333984
1ARR,A,P8L,-2.49,1MYK,-97.28070831298828,-96.75013732910156,-3.402771472930908,-2.8638882637023926,0.5388832092285156
1BNI,A,F7L,4.1,1BRG,-96.37538146972656,-96.16803741455078,-2.641173839569092,-2.3475265502929688,0.29364728927612305
1BNI,A,I51V,1.1,1BSA,-96.23431396484375,-96.35523986816406,-2.449443817138672,-2.6162729263305664,-0.16682910919189453
1BNI,A,I76A,1.7,1BRI,-95.57698822021484,-96.65150451660156,-1.9370676279067993,-3.0495426654815674,-1.112475037574768
1BNI,A,I76V,1.0,1BSB,-95.57698822021484,-95.74739837646484,-1.9370676279067993,-2.124133586883545,-0.1870659589767456
1BNI,A,I88A,4.0,1BRJ,-96.39059448242188,-96.76945495605469,-2.535754442214966,-2.9291398525238037,-0.3933854103088379
1BNI,A,I88V,1.6,1BSC,-96.39059448242188,-96.49685668945312,-2.535754442214966,-2.690131425857544,-0.15437698364257812
1BNI,A,I96A,3.2,1BRK,-95.15377807617188,-96.68706512451172,-1.6535940170288086,-3.149674415588379,-1.4960803985595703
1BNI,A,I96V,3.1,1BSD,-95.15377807617188,-95.69923400878906,-1.6535940170288086,-2.1539158821105957,-0.5003218650817871
1BNI,A,L14A,4.5,1BRH,-95.8779296875,-96.423583984375,-2.1280148029327393,-2.7783472537994385,-0.6503324508666992
1BNI,A,L89V,0.5,1BSE,-96.23799133300781,-96.50889587402344,-2.4270946979522705,-2.6513671875,-0.2242724895477295
1BNI,A,S91A,2.4,1BAN,-97.4443359375,-96.71995544433594,-3.8975658416748047,-3.0766725540161133,0.8208932876586914
1BNI,A,T26A,1.7,1BNS,-96.84326934814453,-96.74646759033203,-2.9854345321655273,-2.899087429046631,0.08634710311889648
1BNI,A,Y78F,1.1,1BAO,-96.59434509277344,-96.39631652832031,-2.815751314163208,-2.63460373878479,0.18114757537841797
1CEY,A,D12A,-2.5,1E6K,-97.57047271728516,-96.95064544677734,-3.914454221725464,-3.4794983863830566,0.4349558353424072
1CEY,A,D13A,-2.7,1E6L,-97.3969955444336,-96.66627502441406,-3.5739850997924805,-2.8332507610321045,0.740734338760376
1CEY,A,D57A,-3.3,1E6M,-97.63896942138672,-96.6422348022461,-4.041705131530762,-3.066133499145508,0.9755716323852539
1EY0,A,I72L,0.2,2F0I,-95.73731994628906,-95.5909652709961,-2.0675745010375977,-2.0016841888427734,0.06589031219482422
1EY0,A,I72V,1.2,2F0J,-95.73731994628906,-95.60331726074219,-2.0675745010375977,-2.055079221725464,0.012495279312133789
1EY0,A,I92V,0.4,2F0D,-96.25221252441406,-96.30413055419922,-2.4292609691619873,-2.5093538761138916,-0.0800929069519043
1EY0,A,K116G,-1.0,1KAB,-96.85627746582031,-96.82581329345703,-2.9611916542053223,-2.949777603149414,0.011414051055908203
1EY0,A,L25I,1.7,2F0F,-95.40031433105469,-95.2352523803711,-1.8368754386901855,-1.6940839290618896,0.1427915096282959
1EY0,A,P117A,-0.8,1SYG,-97.828125,-96.77494049072266,-3.9628591537475586,-2.901792287826538,1.0610668659210205
1EY0,A,P117G,-0.9,1SYC,-97.828125,-97.0831298828125,-3.9628591537475586,-3.218747615814209,0.7441115379333496
1EY0,A,P117T,-1.1,1SYE,-97.828125,-96.8831787109375,-3.9628591537475586,-3.0145275592803955,0.9483315944671631
1EY0,A,S128A,-0.7,1EY7,-97.05728149414062,-96.86369323730469,-3.2134857177734375,-3.042781114578247,0.17070460319519043
1EY0,A,S59A,-0.5,1EY4,-97.29820251464844,-96.86421203613281,-3.544436454772949,-3.147347927093506,0.39708852767944336
1EY0,A,T120C,1.7,2EYM,-96.78214263916016,-96.59136962890625,-2.9270143508911133,-2.7512269020080566,0.17578744888305664
1EY0,A,T120S,0.6,2EYO,-96.78214263916016,-96.95268249511719,-2.9270143508911133,-3.1119906902313232,-0.18497633934020996
1EY0,A,T120V,1.8,2EYP,-96.78214263916016,-96.57344818115234,-2.9270143508911133,-2.712726593017578,0.21428775787353516
1EY0,A,T22C,0.9,2EXZ,-96.86992645263672,-96.4267807006836,-3.1715385913848877,-2.835151433944702,0.33638715744018555
1EY0,A,T22V,0.9,2EY1,-96.86992645263672,-95.725341796875,-3.1715385913848877,-2.1152689456939697,1.056269645690918
1EY0,A,T33V,-0.4,1EY5,-97.0000991821289,-96.44522857666016,-3.2254416942596436,-2.624413013458252,0.6010286808013916
1EY0,A,T41C,-0.6,2EY2,-96.8149185180664,-96.556884765625,-3.191312313079834,-2.8713138103485107,0.31999850273132324
1EY0,A,T41I,-0.7,1EY6,-96.8149185180664,-95.25807189941406,-3.191312313079834,-1.6770336627960205,1.5142786502838135
1EY0,A,T41S,1.1,2EY5,-96.8149185180664,-97.43441009521484,-3.191312313079834,-3.8660287857055664,-0.6747164726257324
1EY0,A,T41V,-0.8,2EY6,-96.8149185180664,-95.731689453125,-3.191312313079834,-2.105685234069824,1.0856270790100098
1EY0,A,T44V,-0.1,2EYF,-96.77638244628906,-96.70970916748047,-2.909874200820923,-2.8592300415039062,0.0506441593170166
1EY0,A,T62S,2.1,2EYH,-96.91896057128906,-97.3765869140625,-3.369168758392334,-3.803178310394287,-0.4340095520019531
1EY0,A,T62V,0.2,2EYJ,-96.91896057128906,-95.87693786621094,-3.369168758392334,-2.246699094772339,1.1224696636199951
1EY0,A,T82S,0.7,2EYL,-96.86237335205078,-96.88518524169922,-3.0065155029296875,-3.0542397499084473,-0.047724246978759766
1EY0,A,V23L,0.1,2F0E,-95.91846466064453,-95.36601257324219,-2.3405075073242188,-1.8343089818954468,0.506198525428772
1EY0,A,V66I,1.0,2F0G,-95.73281860351562,-95.32742309570312,-2.1679840087890625,-1.8051656484603882,0.3628183603286743
1EY0,A,V66K,7.5,2SNM,-95.73281860351562,-97.63268280029297,-2.1679840087890625,-4.11088752746582,-1.9429035186767578
1EY0,A,V66L,0.3,2F0H,-95.73281860351562,-95.28917694091797,-2.1679840087890625,-1.8227307796478271,0.34525322914123535
1IHB,A,F71N,-0.7,1MX2,-96.63963317871094,-97.16435241699219,-2.801891326904297,-3.328981637954712,-0.527090311050415
1IHB,A,F82Q,0.4,1MX4,-96.64811706542969,-96.82940673828125,-2.834568738937378,-2.9891903400421143,-0.15462160110473633
1IHB,A,F92N,1.1,1MX6,-96.68103790283203,-97.02496337890625,-2.831080436706543,-3.1472368240356445,-0.31615638732910156
1IOB,A,T9G,2.6,1HIB,-96.93262481689453,-97.47115325927734,-3.2876181602478027,-3.8506717681884766,-0.5630536079406738
1L63,A,A129F,1.2,1QTC,-96.90696716308594,-96.07307434082031,-3.3023314476013184,-2.408956527709961,0.8933749198913574
1L63,A,A129W,2.2,1QTD,-96.90696716308594,-96.63368225097656,-3.3023314476013184,-2.9274885654449463,0.37484288215637207
1L63,A,A130S,-1.0,118L,-96.60638427734375,-97.43611145019531,-2.934980869293213,-3.7800354957580566,-0.8450546264648438
1L63,A,A134S,0.1,119L,-96.8714370727539,-97.08783721923828,-3.0344433784484863,-3.254487991333008,-0.22004461288452148
1L63,A,A41S,0.6,120L,-96.73876953125,-96.85442352294922,-2.862140655517578,-3.005115270614624,-0.1429746150970459
1L63,A,A42S,2.3,206L,-96.63215637207031,-97.1994400024414,-2.9243760108947754,-3.4714879989624023,-0.547111988067627
1L63,A,A42V,2.7,1QTB,-96.63215637207031,-96.01393127441406,-2.9243760108947754,-2.297548532485962,0.6268274784088135
1L63,A,A49S,0.5,221L,-96.67716979980469,-96.90100860595703,-2.8439507484436035,-3.0668463706970215,-0.22289562225341797
1L63,A,A73S,0.4,122L,-96.679931640625,-97.0230484008789,-2.8313562870025635,-3.1691510677337646,-0.33779478073120117
1L63,A,A82S,0.3,123L,-96.78922271728516,-96.80131530761719,-2.918050765991211,-2.9371654987335205,-0.01911473274230957
1L63,A,A93S,0.2,224L,-96.62773132324219,-96.77104187011719,-2.747213363647461,-2.888242244720459,-0.14102888107299805
1L63,A,A98C,1.0,1QSB,-96.7312240600586,-96.75224304199219,-2.87888503074646,-2.891388177871704,-0.01250314712524414
1L63,A,A98L,4.3,1QS5,-96.7312240600586,-96.52171325683594,-2.87888503074646,-2.6782870292663574,0.20059800148010254
1L63,A,A98S,2.5,125L,-96.7312240600586,-97.0548324584961,-2.87888503074646,-3.203237771987915,-0.3243527412414551
1L63,A,A98V,3.2,1QS9,-96.7312240600586,-96.415771484375,-2.87888503074646,-2.5898144245147705,0.28907060623168945
1L63,A,D20A,0.3,253L,-97.35960388183594,-96.74690246582031,-3.513566493988037,-2.879800796508789,0.633765697479248
1L63,A,D20N,-1.3,255L,-97.35960388183594,-97.19782257080078,-3.513566493988037,-3.342343807220459,0.17122268676757812
1L63,A,D20S,-0.7,254L,-97.35960388183594,-97.08147430419922,-3.513566493988037,-3.228951930999756,0.28461456298828125
1L63,A,D47A,1.0,1L65,-97.2222671508789,-96.66664123535156,-3.3907833099365234,-2.824286937713623,0.5664963722229004
1L63,A,D72P,2.7,1L76,-97.09245300292969,-97.73255920410156,-3.2405359745025635,-3.8689398765563965,-0.628403902053833
1L63,A,D92N,1.4,1L55,-96.94224548339844,-96.92852020263672,-3.0598254203796387,-3.0586049556732178,0.0012204647064208984
1L63,A,E11H,-0.1,1QT6,-97.12165069580078,-96.96112060546875,-3.304656744003296,-3.1773464679718018,0.12731027603149414
1L63,A,E11N,0.1,1QT7,-97.12165069580078,-97.3248519897461,-3.304656744003296,-3.579169988632202,-0.27451324462890625
1L63,A,F104M,0.4,1CV0,-96.17503356933594,-96.5115737915039,-2.496372699737549,-2.801191568374634,-0.30481886863708496
1L63,A,F153A,3.8,1L85,-96.30745697021484,-96.64768981933594,-2.772381067276001,-3.1035654544830322,-0.33118438720703125
1L63,A,F153I,0.2,1L86,-96.30745697021484,-95.33328247070312,-2.772381067276001,-1.7617191076278687,1.0106619596481323
1L63,A,F153L,-0.3,1L87,-96.30745697021484,-95.38418579101562,-2.772381067276001,-1.892575740814209,0.879805326461792
1L63,A,F153M,0.6,1L88,-96.30745697021484,-96.16249084472656,-2.772381067276001,-2.646510124206543,0.125870943069458
1L63,A,F153V,1.8,1L95,-96.30745697021484,-95.55390930175781,-2.772381067276001,-2.0050511360168457,0.7673299312591553
1L63,A,F67A,1.9,246L,-96.1653060913086,-96.90655517578125,-2.4858245849609375,-3.2276859283447266,-0.7418613433837891
1L63,A,I100A,3.4,244L,-96.41026306152344,-96.80223083496094,-2.5619308948516846,-2.9713022708892822,-0.40937137603759766
1L63,A,I100M,1.6,1CUP,-96.41026306152344,-96.50929260253906,-2.5619308948516846,-2.665099620819092,-0.10316872596740723
1L63,A,I100V,0.4,1P36,-96.41026306152344,-96.42146301269531,-2.5619308948516846,-2.61600923538208,-0.05407834053039551
1L63,A,I17A,2.7,239L,-95.53702545166016,-96.56416320800781,-1.8746662139892578,-2.973529815673828,-1.0988636016845703
1L63,A,I27A,3.1,240L,-95.90583801269531,-96.69598388671875,-2.187373161315918,-2.967629909515381,-0.7802567481994629
1L63,A,I27M,3.1,1D2W,-95.90583801269531,-96.38314819335938,-2.187373161315918,-2.6534712314605713,-0.4660980701446533
1L63,A,I29A,2.6,241L,-95.99445343017578,-96.72093200683594,-2.281895875930786,-3.0409488677978516,-0.7590529918670654
1L63,A,I50A,2.0,242L,-96.38134002685547,-96.80655670166016,-2.535487413406372,-2.9853954315185547,-0.4499080181121826
1L63,A,I50M,0.4,1D2Y,-96.38134002685547,-96.56625366210938,-2.535487413406372,-2.699655055999756,-0.1641676425933838
1L63,A,I58A,3.2,243L,-95.95921325683594,-96.45658874511719,-2.215003728866577,-2.780989646911621,-0.565985918045044
1L63,A,I58T,3.4,1G1V,-95.95921325683594,-96.7555923461914,-2.215003728866577,-3.0930020809173584,-0.8779983520507812
1L63,A,I78A,1.2,1CTW,-95.4581069946289,-96.62051391601562,-1.851853847503662,-3.057710886001587,-1.2058570384979248
1L63,A,I78M,1.5,1CU0,-95.4581069946289,-96.19564056396484,-1.851853847503662,-2.588346004486084,-0.7364921569824219
1L63,A,I78V,0.8,1P2R,-95.4581069946289,-95.75109100341797,-1.851853847503662,-2.1800928115844727,-0.32823896408081055
1L63,A,K43A,1.0,1L66,-97.10271453857422,-96.74313354492188,-3.3174219131469727,-2.9574522972106934,0.3599696159362793
1L63,A,L118A,3.2,1CVK,-95.47776794433594,-96.87663269042969,-1.912490963935852,-3.16929292678833,-1.256801962852478
1L63,A,L118M,0.7,1CV4,-95.47776794433594,-96.16828918457031,-1.912490963935852,-2.6532301902770996,-0.7407392263412476
1L63,A,L121M,0.8,1CV3,-95.59668731689453,-96.17063903808594,-2.0675389766693115,-2.6969215869903564,-0.6293826103210449
1L63,A,L133F,0.3,1P64,-95.5134048461914,-96.06980895996094,-1.8573081493377686,-2.479241371154785,-0.6219332218170166
1L63,A,L133M,0.4,1CV5,-95.5134048461914,-96.14787292480469,-1.8573081493377686,-2.515531301498413,-0.6582231521606445
1L63,A,L46A,1.9,1L67,-95.40441131591797,-96.66736602783203,-1.8117735385894775,-3.0783944129943848,-1.2666208744049072
1L63,A,L66M,1.0,1D3J,-95.98897552490234,-96.412109375,-2.243070125579834,-2.675710439682007,-0.43264031410217285
1L63,A,L84A,2.6,247L,-95.69639587402344,-96.61970520019531,-2.042149782180786,-2.9613027572631836,-0.9191529750823975
1L63,A,L84M,1.9,1CU2,-95.69639587402344,-96.18627166748047,-2.042149782180786,-2.627032518386841,-0.5848827362060547
1L63,A,L91A,3.9,1CU6,-96.03438568115234,-96.53717803955078,-2.28153657913208,-2.7609541416168213,-0.4794175624847412
1L63,A,L91M,0.8,1CU5,-96.03438568115234,-96.533935546875,-2.28153657913208,-2.7344119548797607,-0.45287537574768066
1L63,A,L99A,4.5,1L90,-96.28807830810547,-96.88638305664062,-2.518188714981079,-3.03818941116333,-0.520000696182251
1L63,A,L99F,0.3,1L91,-96.28807830810547,-96.62593078613281,-2.518188714981079,-2.7769391536712646,-0.25875043869018555
1L63,A,L99I,1.5,1L92,-96.28807830810547,-96.99060821533203,-2.518188714981079,-3.2924585342407227,-0.7742698192596436
1L63,A,L99M,0.6,1L93,-96.28807830810547,-96.72684478759766,-2.518188714981079,-2.8988943099975586,-0.3807055950164795
1L63,A,L99V,2.0,1L94,-96.28807830810547,-96.5024185180664,-2.518188714981079,-2.655775547027588,-0.1375868320465088
1L63,A,M102L,1.0,1L77,-96.11883544921875,-95.68033599853516,-2.4844789505004883,-2.0391950607299805,0.4452838897705078
1L63,A,M106I,-0.2,1P46,-96.41095733642578,-96.14732360839844,-2.6298394203186035,-2.3602278232574463,0.2696115970611572
1L63,A,M106K,3.4,231L,-96.41095733642578,-97.06010437011719,-2.6298394203186035,-3.2815561294555664,-0.6517167091369629
1L63,A,M106L,-0.5,234L,-96.41095733642578,-96.08473205566406,-2.6298394203186035,-2.26843523979187,0.3614041805267334
1L63,A,M120K,1.6,232L,-96.50624084472656,-97.17405700683594,-2.7413721084594727,-3.437180757522583,-0.6958086490631104
1L63,A,M120L,-0.5,233L,-96.50624084472656,-96.2203140258789,-2.7413721084594727,-2.4311680793762207,0.31020402908325195
1L63,A,M120Y,0.1,1P6Y,-96.50624084472656,-96.46318817138672,-2.7413721084594727,-2.722564458847046,0.018807649612426758
1L63,A,M6A,1.9,245L,-96.4044418334961,-96.89234161376953,-2.6747019290924072,-3.1765050888061523,-0.5018031597137451
1L63,A,M6L,2.8,230L,-96.4044418334961,-95.7042007446289,-2.6747019290924072,-2.0269980430603027,0.6477038860321045
1L63,A,N101A,1.5,1I6S,-97.38795471191406,-96.8348388671875,-3.5780110359191895,-3.024958372116089,0.5530526638031006
1L63,A,N144E,-0.5,1L39,-96.83778381347656,-96.89681243896484,-2.957066297531128,-3.0267486572265625,-0.06968235969543457
1L63,A,Q105M,1.2,1G1W,-97.07676696777344,-96.50697326660156,-3.341383934020996,-2.677222490310669,0.6641614437103271
1L63,A,S117F,-1.1,1TLA,-97.38046264648438,-96.40511322021484,-3.7753100395202637,-2.8715155124664307,0.903794527053833
1L63,A,S38N,-0.0,1L61,-96.86357879638672,-96.88555908203125,-2.9930031299591064,-3.0222554206848145,-0.029252290725708008
1L63,A,S44A,-0.3,1L68,-96.86100769042969,-96.67176055908203,-3.0111677646636963,-2.8097355365753174,0.2014322280883789
1L63,A,S44E,-0.0,217L,-96.86100769042969,-96.81938934326172,-3.0111677646636963,-2.9555509090423584,0.05561685562133789
1L63,A,S44F,-0.1,137L,-96.86100769042969,-96.82027435302734,-3.0111677646636963,-2.9808578491210938,0.03030991554260254
1L63,A,S44G,0.5,107L,-96.86100769042969,-97.07260131835938,-3.0111677646636963,-3.2079668045043945,-0.19679903984069824
1L63,A,S44I,-0.3,108L,-96.86100769042969,-96.75428771972656,-3.0111677646636963,-2.895726442337036,0.11544132232666016
1L63,A,S44K,-0.2,109L,-96.86100769042969,-96.74243927001953,-3.0111677646636963,-2.9072072505950928,0.10396051406860352
1L63,A,S44L,-0.4,110L,-96.86100769042969,-96.7382583618164,-3.0111677646636963,-2.885324001312256,0.12584376335144043
1L63,A,S44N,0.1,111L,-96.86100769042969,-96.94176483154297,-3.0111677646636963,-3.0713415145874023,-0.060173749923706055
1L63,A,S44P,3.0,112L,-96.86100769042969,-97.81217956542969,-3.0111677646636963,-3.9615554809570312,-0.950387716293335
1L63,A,S44R,-0.2,113L,-96.86100769042969,-96.68290710449219,-3.0111677646636963,-2.8308303356170654,0.18033742904663086
1L63,A,S44T,-0.0,114L,-96.86100769042969,-96.64290618896484,-3.0111677646636963,-2.791735887527466,0.21943187713623047
1L63,A,S44V,-0.1,115L,-96.86100769042969,-96.77195739746094,-3.0111677646636963,-2.9175171852111816,0.09365057945251465
1L63,A,T109D,-0.6,1L62,-96.88639831542969,-97.01396942138672,-3.0213840007781982,-3.1373558044433594,-0.11597180366516113
1L63,A,T109N,-0.1,1L59,-96.88639831542969,-96.91232299804688,-3.0213840007781982,-3.0306389331817627,-0.009254932403564453
1L63,A,T152A,1.5,1G0G,-97.01288604736328,-96.62187194824219,-3.499934673309326,-3.0732874870300293,0.4266471862792969
1L63,A,T152C,0.5,1G0K,-97.01288604736328,-96.3916015625,-3.499934673309326,-2.8394534587860107,0.6604812145233154
1L63,A,T152I,0.4,1G0M,-97.01288604736328,-95.16683197021484,-3.499934673309326,-1.6362829208374023,1.8636517524719238
1L63,A,T152S,2.0,1G0J,-97.01288604736328,-97.49891662597656,-3.499934673309326,-3.9764175415039062,-0.4764828681945801
1L63,A,T152V,-0.2,1G0L,-97.01288604736328,-95.49590301513672,-3.499934673309326,-1.970588207244873,1.5293464660644531
1L63,A,T59A,1.5,1LYJ,-96.8141860961914,-96.66819763183594,-2.9575693607330322,-2.798933982849121,0.15863537788391113
1L63,A,T59D,1.2,1LYI,-96.8141860961914,-97.15235137939453,-2.9575693607330322,-3.2864530086517334,-0.32888364791870117
1L63,A,T59G,1.6,1LYH,-96.8141860961914,-96.92908477783203,-2.9575693607330322,-3.0500683784484863,-0.0924990177154541
1L63,A,T59N,1.1,1LYG,-96.8141860961914,-97.01556396484375,-2.9575693607330322,-3.1536026000976562,-0.19603323936462402
1L63,A,T59S,0.2,1LYF,-96.8141860961914,-96.8967056274414,-2.9575693607330322,-3.043203830718994,-0.08563446998596191
1L63,A,T59V,1.5,1LYE,-96.8141860961914,-96.7939453125,-2.9575693607330322,-2.907834053039551,0.049735307693481445
1L63,A,V103A,2.2,238L,-96.02029418945312,-96.78377532958984,-2.3669400215148926,-3.0517284870147705,-0.6847884654998779
1L63,A,V103I,0.5,1P7S,-96.02029418945312,-95.82667541503906,-2.3669400215148926,-2.109240770339966,0.25769925117492676
1L63,A,V103M,1.2,1CUQ,-96.02029418945312,-96.33982849121094,-2.3669400215148926,-2.6579384803771973,-0.2909984588623047
1L63,A,V111A,1.3,235L,-96.12932586669922,-96.68949127197266,-2.42067551612854,-3.051441192626953,-0.6307656764984131
1L63,A,V111I,0.9,2L78,-96.12932586669922,-95.88343811035156,-2.42067551612854,-2.143880844116211,0.2767946720123291
1L63,A,V111M,0.7,1CV1,-96.12932586669922,-96.28909301757812,-2.42067551612854,-2.5370867252349854,-0.11641120910644531
1L63,A,V149A,3.2,237L,-96.11676025390625,-96.84819030761719,-2.4097204208374023,-3.0521018505096436,-0.6423814296722412
1L63,A,V149C,2.0,1G07,-96.11676025390625,-96.52283477783203,-2.4097204208374023,-2.7918026447296143,-0.3820822238922119
1L63,A,V149G,4.9,1G0P,-96.11676025390625,-97.6034927368164,-2.4097204208374023,-3.822416067123413,-1.4126956462860107
1L63,A,V149I,0.1,1G0Q,-96.11676025390625,-96.13053131103516,-2.4097204208374023,-2.3317296504974365,0.07799077033996582
1L63,A,V149M,2.8,1CV6,-96.11676025390625,-96.31461334228516,-2.4097204208374023,-2.5819144248962402,-0.1721940040588379
1L63,A,V149S,4.4,1G06,-96.11676025390625,-97.2896728515625,-2.4097204208374023,-3.499805212020874,-1.0900847911834717
1L63,A,V149T,2.8,126L,-96.11676025390625,-96.94313049316406,-2.4097204208374023,-3.21000075340271,-0.8002803325653076
1L63,A,V75T,1.3,127L,-96.21867370605469,-96.89649200439453,-2.480360269546509,-3.0885539054870605,-0.6081936359405518
1L63,A,V87A,1.7,236L,-95.87043762207031,-96.58978271484375,-2.242601156234741,-2.8476271629333496,-0.6050260066986084
1L63,A,V87I,0.3,1P2L,-95.87043762207031,-95.48080444335938,-2.242601156234741,-1.8969511985778809,0.34564995765686035
1L63,A,V87M,2.3,1CU3,-95.87043762207031,-96.2789306640625,-2.242601156234741,-2.6475014686584473,-0.40490031242370605
1L63,A,V87T,1.6,128L,-95.87043762207031,-96.87943267822266,-2.242601156234741,-3.165113925933838,-0.9225127696990967
1LZ1,A,A47P,-0.1,1LHL,-96.71163177490234,-97.38590240478516,-2.8427932262420654,-3.5361995697021484,-0.693406343460083
1LZ1,A,C77A,4.6,1HNL,-96.69807434082031,-96.74388122558594,-2.9084291458129883,-2.897306442260742,0.011122703552246094
1LZ1,A,D91P,0.4,1LHK,-97.25157165527344,-97.82920837402344,-3.4091501235961914,-3.981191396713257,-0.5720412731170654
1LZ1,A,I106A,0.9,2HEA,-95.6046142578125,-96.68174743652344,-1.9459866285324097,-2.9432640075683594,-0.9972773790359497
1LZ1,A,I106V,0.7,1YAM,-95.6046142578125,-96.43111419677734,-1.9459866285324097,-2.6607816219329834,-0.7147949934005737
1LZ1,A,I23A,2.5,2HEB,-96.05906677246094,-96.72053527832031,-2.3050594329833984,-2.968681573867798,-0.6636221408843994
1LZ1,A,I23V,0.4,1YAN,-96.05906677246094,-96.21125793457031,-2.3050594329833984,-2.452425241470337,-0.14736580848693848
1LZ1,A,I56A,3.7,2HEC,-95.89205932617188,-96.81390380859375,-2.159433603286743,-3.0633745193481445,-0.9039409160614014
1LZ1,A,I56T,4.3,1OUA,-95.89205932617188,-96.8515625,-2.159433603286743,-3.072780132293701,-0.913346529006958
1LZ1,A,I56V,1.2,1YAO,-95.89205932617188,-96.2381362915039,-2.159433603286743,-2.469212055206299,-0.30977845191955566
1LZ1,A,I59A,1.7,2HED,-96.0047607421875,-96.67389678955078,-2.2648353576660156,-2.956747055053711,-0.6919116973876953
1LZ1,A,I59G,3.8,2HEE,-96.0047607421875,-97.44154357910156,-2.2648353576660156,-3.671651601791382,-1.4068162441253662
1LZ1,A,I59V,1.1,1YAP,-96.0047607421875,-95.97462463378906,-2.2648353576660156,-2.274632453918457,-0.009797096252441406
1LZ1,A,I89A,2.7,2HEF,-95.08433532714844,-96.54801940917969,-1.5962960720062256,-2.9987051486968994,-1.4024090766906738
1LZ1,A,I89V,0.5,1YAQ,-95.08433532714844,-95.580322265625,-1.5962960720062256,-2.0640807151794434,-0.4677846431732178
1LZ1,A,P103G,0.1,1LHJ,-97.71434020996094,-96.64436340332031,-3.8307271003723145,-2.7393791675567627,1.0913479328155518
1LZ1,A,P71G,1.6,1LHI,-97.56553649902344,-96.76246643066406,-3.6846022605895996,-2.87231183052063,0.8122904300689697
1LZ1,A,V100A,0.3,1OUB,-96.03910827636719,-96.71068572998047,-2.381681442260742,-2.991241216659546,-0.6095597743988037
1LZ1,A,V110A,-0.5,1OUC,-96.89694213867188,-96.77973937988281,-3.026226043701172,-2.9115304946899414,0.11469554901123047
1LZ1,A,V110D,-0.2,1GFU,-96.89694213867188,-97.06482696533203,-3.026226043701172,-3.1896159648895264,-0.1633899211883545
1LZ1,A,V110F,1.9,1GBZ,-96.89694213867188,-96.84217071533203,-3.026226043701172,-2.9729809761047363,0.05324506759643555
1LZ1,A,V110G,2.2,1GBO,-96.89694213867188,-97.15831756591797,-3.026226043701172,-3.2945849895477295,-0.2683589458465576
1LZ1,A,V110I,0.8,1GBW,-96.89694213867188,-96.80780792236328,-3.026226043701172,-2.9431450366973877,0.08308100700378418
1LZ1,A,V110L,-0.1,1GBX,-96.89694213867188,-96.7835464477539,-3.026226043701172,-2.912571668624878,0.11365437507629395
1LZ1,A,V110M,-0.4,1GBY,-96.89694213867188,-96.64753723144531,-3.026226043701172,-2.796660900115967,0.22956514358520508
1LZ1,A,V110N,-0.1,1GFV,-96.89694213867188,-96.99011993408203,-3.026226043701172,-3.126434087753296,-0.10020804405212402
1LZ1,A,V110P,-0.5,1LHH,-96.89694213867188,-97.62826538085938,-3.026226043701172,-3.7461354732513428,-0.7199094295501709
1LZ1,A,V110R,-0.9,1INU,-96.89694213867188,-96.72642517089844,-3.026226043701172,-2.8731822967529297,0.1530437469482422
1LZ1,A,V110Y,0.1,1GFT,-96.89694213867188,-96.90088653564453,-3.026226043701172,-3.0060811042785645,0.020144939422607422
1LZ1,A,V121A,1.4,1OUD,-96.51890563964844,-96.77066040039062,-2.7143197059631348,-2.9350671768188477,-0.2207474708557129
1LZ1,A,V125A,1.3,1OUE,-96.26192474365234,-96.65184020996094,-2.5031275749206543,-2.9855306148529053,-0.482403039932251
1LZ1,A,V130A,0.8,1OUF,-96.88581848144531,-96.80770874023438,-3.0004591941833496,-2.9215385913848877,0.07892060279846191
1LZ1,A,V2A,1.5,1OUG,-96.8148193359375,-96.75402069091797,-2.951420307159424,-2.8715872764587402,0.0798330307006836
1LZ1,A,V2D,1.4,1GFA,-96.8148193359375,-97.17301940917969,-2.951420307159424,-3.3044049739837646,-0.3529846668243408
1LZ1,A,V2F,0.8,1GB3,-96.8148193359375,-96.74235534667969,-2.951420307159424,-2.88106369972229,0.07035660743713379
1LZ1,A,V2G,1.3,1GAY,-96.8148193359375,-97.21955871582031,-2.951420307159424,-3.370199680328369,-0.4187793731689453
1LZ1,A,V2I,-1.1,1GAZ,-96.8148193359375,-96.69151306152344,-2.951420307159424,-2.8248138427734375,0.12660646438598633
1LZ1,A,V2L,-0.3,1GB0,-96.8148193359375,-96.6556625366211,-2.951420307159424,-2.785318374633789,0.16610193252563477
1LZ1,A,V2M,0.2,1GB2,-96.8148193359375,-96.66310119628906,-2.951420307159424,-2.7934741973876953,0.15794610977172852
1LZ1,A,V2N,1.3,1GFE,-96.8148193359375,-97.10194396972656,-2.951420307159424,-3.2196240425109863,-0.2682037353515625
1LZ1,A,V2R,0.4,1GFG,-96.8148193359375,-96.73818969726562,-2.951420307159424,-2.881486177444458,0.06993412971496582
1LZ1,A,V2S,1.4,1GF8,-96.8148193359375,-96.95497131347656,-2.951420307159424,-3.0752735137939453,-0.12385320663452148
1LZ1,A,V2Y,0.4,1GF9,-96.8148193359375,-96.83313751220703,-2.951420307159424,-2.972226619720459,-0.020806312561035156
1LZ1,A,V74A,0.4,1OUH,-96.9045639038086,-96.79933166503906,-3.036789655685425,-2.9431488513946533,0.09364080429077148
1LZ1,A,V74D,0.4,1GFJ,-96.9045639038086,-96.88460540771484,-3.036789655685425,-3.015592575073242,0.021197080612182617
1LZ1,A,V74F,-0.0,1GB9,-96.9045639038086,-96.9853286743164,-3.036789655685425,-3.091083526611328,-0.05429387092590332
1LZ1,A,V74G,0.1,1GB5,-96.9045639038086,-96.90431213378906,-3.036789655685425,-3.0475034713745117,-0.010713815689086914
1LZ1,A,V74I,1.9,1GB6,-96.9045639038086,-96.84577941894531,-3.036789655685425,-2.9445297718048096,0.09225988388061523
1LZ1,A,V74L,0.4,1GB7,-96.9045639038086,-96.82352447509766,-3.036789655685425,-2.942626476287842,0.09416317939758301
1LZ1,A,V74M,0.4,1GB8,-96.9045639038086,-96.80059814453125,-3.036789655685425,-2.9317586421966553,0.10503101348876953
1LZ1,A,V74N,0.3,1GFK,-96.9045639038086,-96.91619110107422,-3.036789655685425,-3.05216646194458,-0.015376806259155273
1LZ1,A,V74R,0.1,1GFR,-96.9045639038086,-96.8992919921875,-3.036789655685425,-3.0225751399993896,0.014214515686035156
1LZ1,A,V74S,0.4,1B7S,-96.9045639038086,-96.77662658691406,-3.036789655685425,-2.9062845706939697,0.13050508499145508
1LZ1,A,V74Y,0.3,1GFH,-96.9045639038086,-96.98360443115234,-3.036789655685425,-3.0944323539733887,-0.05764269828796387
1LZ1,A,V93A,0.7,1OUI,-95.92744445800781,-96.67826843261719,-2.2844834327697754,-3.002427339553833,-0.7179439067840576
1LZ1,A,V99A,1.0,1OUJ,-96.35911560058594,-96.72106170654297,-2.59460186958313,-3.0408101081848145,-0.44620823860168457
1LZ1,A,Y124F,0.4,1WQM,-96.21505737304688,-96.30645751953125,-2.4839446544647217,-2.5527055263519287,-0.06876087188720703
1LZ1,A,Y20F,0.5,1WQN,-96.69181060791016,-96.81404113769531,-2.8663651943206787,-2.968001127243042,-0.10163593292236328
1LZ1,A,Y38F,0.2,1WQO,-96.50230407714844,-96.27479553222656,-2.7866411209106445,-2.506218433380127,0.2804226875305176
1LZ1,A,Y45F,-0.1,1WQP,-96.85399627685547,-96.8449478149414,-2.982795476913452,-2.9574825763702393,0.02531290054321289
1LZ1,A,Y54F,1.0,1WQQ,-96.49634552001953,-96.36380767822266,-2.7307887077331543,-2.5976102352142334,0.1331784725189209
1LZ1,A,Y63F,0.2,1WQR,-96.58541107177734,-96.71879577636719,-2.7419087886810303,-2.8666203022003174,-0.12471151351928711
1N0J,A,I58T,2.7,1VAR,-96.69514465332031,-96.7564926147461,-2.8060948848724365,-2.876594305038452,-0.07049942016601562
1OH0,A,Y32F,-0.2,1DMQ,-96.83929443359375,-96.40702056884766,-3.279080390930176,-2.7919514179229736,0.48712897300720215
1OH0,A,Y57F,1.2,1DMM,-96.66079711914062,-96.2222900390625,-3.009481906890869,-2.4949235916137695,0.5145583152770996
1RN1,C,Q25K,-1.4,1RGC,,,,,
1VQB,A,I47L,0.4,1VQG,-96.20826721191406,-96.18466186523438,-2.4081690311431885,-2.3987932205200195,0.009375810623168945
1VQB,A,I47M,1.7,1VQH,-96.20826721191406,-96.53239440917969,-2.4081690311431885,-2.7295520305633545,-0.321382999420166
1VQB,A,I47V,2.0,1VQI,-96.20826721191406,-96.43495178222656,-2.4081690311431885,-2.6497576236724854,-0.24158859252929688
1VQB,A,V35I,0.6,1VQJ,-96.12995910644531,-95.95387268066406,-2.400493621826172,-2.180213451385498,0.22028017044067383
1VQB,A,Y41F,3.2,1YHB,-96.93342590332031,-96.99506378173828,-3.0566492080688477,-3.11122465133667,-0.054575443267822266
2LZM,A,A82P,-0.8,1L24,-96.72224426269531,-97.12590026855469,-2.849436044692993,-3.2654623985290527,-0.41602635383605957
2LZM,A,A98V,4.9,1L48,-96.75090789794922,-96.63855743408203,-2.908210039138794,-2.8082563877105713,0.09995365142822266
2LZM,A,D89A,0.5,3C83,-96.81588745117188,-96.65928649902344,-2.9462063312530518,-2.79133939743042,0.15486693382263184
2LZM,A,G113A,-0.3,1L60,-97.10234069824219,-96.81705474853516,-3.2570090293884277,-2.923142671585083,0.3338663578033447
2LZM,A,G156D,2.3,1L16,-97.58927917480469,-96.98127746582031,-3.759408473968506,-3.124858856201172,0.634549617767334
2LZM,A,G77A,-0.4,1L23,-97.46205139160156,-96.65049743652344,-3.629413366317749,-2.8245327472686768,0.8048806190490723
2LZM,A,I3C,-0.0,172L,-95.9704818725586,-96.56322479248047,-2.2300946712493896,-2.886882781982422,-0.6567881107330322
2LZM,A,I3L,-0.7,149L,-95.9704818725586,-96.0351333618164,-2.2300946712493896,-2.2478415966033936,-0.017746925354003906
2LZM,A,I3P,3.0,1L96,-95.9704818725586,-97.76972961425781,-2.2300946712493896,-4.0114946365356445,-1.7813999652862549
2LZM,A,I3V,0.4,1L17,-95.9704818725586,-96.36040496826172,-2.2300946712493896,-2.6438441276550293,-0.41374945640563965
2LZM,A,I3Y,2.3,1L18,-95.9704818725586,-96.59027099609375,-2.2300946712493896,-2.9755873680114746,-0.745492696762085
2LZM,A,K124G,0.1,1L22,-96.94086456298828,-97.1715087890625,-3.0850720405578613,-3.3083457946777344,-0.22327375411987305
2LZM,A,K135E,1.0,1L45,-96.80581665039062,-96.8512191772461,-2.9415910243988037,-2.967087745666504,-0.025496721267700195
2LZM,A,K147E,0.7,1L46,-96.83052062988281,-96.97412872314453,-2.9895565509796143,-3.1351888179779053,-0.14563226699829102
2LZM,A,K16E,-0.5,1L42,-96.83678436279297,-96.73602294921875,-2.9709055423736572,-2.8892898559570312,0.08161568641662598
2LZM,A,K60P,-0.0,1L56,-96.87056732177734,-97.27335357666016,-2.9901158809661865,-3.4207606315612793,-0.4306447505950928
2LZM,A,K85A,0.6,3C81,-96.86731719970703,-96.54834747314453,-3.0151705741882324,-2.7166659832000732,0.2985045909881592
2LZM,A,L133A,4.2,1L69,-95.59855651855469,-96.8489990234375,-1.9174281358718872,-3.1414575576782227,-1.2240294218063354
2LZM,A,M6I,1.4,150L,-96.330322265625,-96.06721496582031,-2.64626407623291,-2.291557550430298,0.3547065258026123
2LZM,A,N116D,-0.6,1L57,-97.02925109863281,-97.03138732910156,-3.1803629398345947,-3.1747474670410156,0.0056154727935791016
2LZM,A,N144D,-0.4,1L20,-96.9057846069336,-96.83628845214844,-3.0266737937927246,-2.9645111560821533,0.06216263771057129
2LZM,A,N55G,0.6,1L21,-96.86178588867188,-96.73045349121094,-2.967097759246826,-2.8411877155303955,0.12591004371643066
2LZM,A,Q105A,0.6,1L00,-97.10307312011719,-96.69290924072266,-3.357076644897461,-2.9750428199768066,0.3820338249206543
2LZM,A,Q105E,1.1,1L98,-97.10307312011719,-97.33851623535156,-3.357076644897461,-3.5957324504852295,-0.23865580558776855
2LZM,A,Q105G,1.5,1L99,-97.10307312011719,-97.49089050292969,-3.357076644897461,-3.7023723125457764,-0.34529566764831543
2LZM,A,Q123E,-0.4,1L38,-96.75717163085938,-96.84004974365234,-2.8853907585144043,-2.986652374267578,-0.10126161575317383
2LZM,A,R119E,-0.0,1L44,-96.81968688964844,-96.93375396728516,-2.9819579124450684,-3.082481622695923,-0.10052371025085449
2LZM,A,R154E,1.1,1L47,-97.03685760498047,-97.24266815185547,-3.223372459411621,-3.4903244972229004,-0.2669520378112793
2LZM,A,R96A,2.0,3C7Y,-97.12504577636719,-96.49040222167969,-3.402582883834839,-2.889890670776367,0.5126922130584717
2LZM,A,R96D,3.5,3C8Q,-97.12504577636719,-97.67548370361328,-3.402582883834839,-4.0313801765441895,-0.6287972927093506
2LZM,A,R96E,2.5,3C8S,-97.12504577636719,-97.47804260253906,-3.402582883834839,-3.860623836517334,-0.4580409526824951
2LZM,A,R96G,2.6,3C8R,-97.12504577636719,-97.38987731933594,-3.402582883834839,-3.7176222801208496,-0.31503939628601074
2LZM,A,R96H,3.1,3F8V,-97.12504577636719,-97.3392333984375,-3.402582883834839,-3.6385180950164795,-0.23593521118164062
2LZM,A,R96K,-0.0,3C7W,-97.12504577636719,-97.21253204345703,-3.402582883834839,-3.5270333290100098,-0.1244504451751709
2LZM,A,R96M,2.7,3CDV,-97.12504577636719,-96.21878814697266,-3.402582883834839,-2.591369390487671,0.811213493347168
2LZM,A,R96N,3.0,3CDT,-97.12504577636719,-97.6334228515625,-3.402582883834839,-3.9946842193603516,-0.5921013355255127
2LZM,A,R96Q,0.3,3CDR,-97.12504577636719,-97.35438537597656,-3.402582883834839,-3.7634525299072266,-0.3608696460723877
2LZM,A,R96S,2.6,3CDQ,-97.12504577636719,-97.29643249511719,-3.402582883834839,-3.679306745529175,-0.27672386169433594
2LZM,A,R96V,2.4,3CDO,-97.12504577636719,-95.70780944824219,-3.402582883834839,-2.131251096725464,1.271331787109375
2LZM,A,R96W,4.5,3FI5,-97.12504577636719,-96.77247619628906,-3.402582883834839,-2.940706729888916,0.46187615394592285
2LZM,A,R96Y,4.7,3C80,-97.12504577636719,-96.49119567871094,-3.402582883834839,-2.896247148513794,0.5063357353210449
2LZM,A,S38D,-0.6,1L19,-96.88981628417969,-96.87844848632812,-3.0220553874969482,-3.011159896850586,0.010895490646362305
2LZM,A,T115E,-0.3,1L37,-96.86958312988281,-96.75932312011719,-3.0148122310638428,-2.911773920059204,0.10303831100463867
2LZM,A,T152S,2.6,1L52,-96.97207641601562,-97.38224792480469,-3.4738528728485107,-3.8565945625305176,-0.38274168968200684
2LZM,A,T157A,0.5,1L02,-96.7420425415039,-96.78614807128906,-2.8986828327178955,-2.933382749557495,-0.03469991683959961
2LZM,A,T157C,1.3,1L03,,,,,
2LZM,A,T157D,1.1,1L04,-96.7420425415039,-97.0530014038086,-2.8986828327178955,-3.218524217605591,-0.3198413848876953
2LZM,A,T157E,0.8,1L06,-96.7420425415039,-96.97435760498047,-2.8986828327178955,-3.120678663253784,-0.22199583053588867
2LZM,A,T157F,2.4,1L07,-96.7420425415039,-96.77771759033203,-2.8986828327178955,-2.9320783615112305,-0.03339552879333496
2LZM,A,T157G,1.1,1L08,-96.7420425415039,-97.20923614501953,-2.8986828327178955,-3.3937196731567383,-0.4950368404388428
2LZM,A,T157H,2.1,1L09,-96.7420425415039,-96.91549682617188,-2.8986828327178955,-3.0593841075897217,-0.16070127487182617
2LZM,A,T157I,1.5,1L10,-96.7420425415039,-96.79090881347656,-2.8986828327178955,-2.939396381378174,-0.04071354866027832
2LZM,A,T157L,1.7,1L11,-96.7420425415039,-96.80583190917969,-2.8986828327178955,-2.9528040885925293,-0.05412125587463379
2LZM,A,T157N,1.2,1L12,-96.7420425415039,-97.034912109375,-2.8986828327178955,-3.198890209197998,-0.30020737648010254
2LZM,A,T157R,-0.3,1L13,-96.7420425415039,-96.7216796875,-2.8986828327178955,-2.8675644397735596,0.031118392944335938
2LZM,A,T157S,0.7,1L14,-96.7420425415039,-96.82015991210938,-2.8986828327178955,-2.985142946243286,-0.08646011352539062
2LZM,A,T157V,1.2,1L15,-96.7420425415039,-96.80390930175781,-2.8986828327178955,-2.9594576358795166,-0.060774803161621094
2LZM,A,V131A,-0.3,1L33,-96.76168060302734,-96.79817199707031,-2.9255056381225586,-2.9439098834991455,-0.018404245376586914
2LZM,A,V131D,-0.1,1DYA,-96.76168060302734,-97.15592193603516,-2.9255056381225586,-3.2930209636688232,-0.36751532554626465
2LZM,A,V131E,-0.2,1DYG,-96.76168060302734,-96.82444763183594,-2.9255056381225586,-2.9715003967285156,-0.04599475860595703
2LZM,A,V131G,0.7,1DYB,-96.76168060302734,-97.36781311035156,-2.9255056381225586,-3.5173027515411377,-0.5917971134185791
2LZM,A,V131I,-0.2,1DYC,-96.76168060302734,-96.64398956298828,-2.9255056381225586,-2.7852954864501953,0.14021015167236328
2LZM,A,V131L,-0.1,1DYD,-96.76168060302734,-96.58595275878906,-2.9255056381225586,-2.7308759689331055,0.19462966918945312
2LZM,A,V131M,-0.1,1DYF,-96.76168060302734,-96.69660949707031,-2.9255056381225586,-2.831336259841919,0.09416937828063965
2LZM,A,V131S,0.1,1DYE,-96.76168060302734,-96.95445251464844,-2.9255056381225586,-3.0991580486297607,-0.17365241050720215
2LZM,A,V149C,2.2,1L53,-96.3018569946289,-96.5791244506836,-2.5275442600250244,-2.810429573059082,-0.2828853130340576
2RN2,A,A52F,0.5,3AA5,,,,,
2RN2,A,A52I,-1.9,3AA2,-96.81316375732422,-96.40815734863281,-2.9649972915649414,-2.572530508041382,0.39246678352355957
2RN2,A,A52L,-1.3,3AA3,-96.81316375732422,-96.2625732421875,-2.9649972915649414,-2.438568592071533,0.5264286994934082
2RN2,A,A52V,-1.7,3AA4,-96.81316375732422,-96.68106842041016,-2.9649972915649414,-2.8445017337799072,0.12049555778503418
2RN2,A,D10N,-0.9,1RDA,-97.49803161621094,-97.55271911621094,-3.759063720703125,-3.7907302379608154,-0.03166651725769043
2RN2,A,D134A,-2.1,1KVA,-97.36474609375,-96.8087387084961,-3.562671661376953,-3.0142033100128174,0.5484683513641357
2RN2,A,D134H,-2.3,1KVB,-97.36474609375,-97.19988250732422,-3.562671661376953,-3.4311399459838867,0.1315317153930664
2RN2,A,D134N,-1.0,1KVC,-97.36474609375,-97.47602844238281,-3.562671661376953,-3.6637158393859863,-0.1010441780090332
2RN2,A,D70N,-0.9,1RDC,-97.71531677246094,-97.3360595703125,-3.971466302871704,-3.5453083515167236,0.42615795135498047
2RN2,A,E48Q,-0.2,1RDB,-97.14338684082031,-97.14622497558594,-3.4748971462249756,-3.4243836402893066,0.050513505935668945
2RN2,A,G77A,0.9,1GOB,-97.48548889160156,-96.56727600097656,-3.8383774757385254,-2.8956210613250732,0.9427564144134521
2RN2,A,H62A,-0.4,1RBS,-96.85311126708984,-96.76790618896484,-3.0012879371643066,-2.887570858001709,0.11371707916259766
2RN2,A,H62P,-1.1,1RBR,-96.85311126708984,-97.56024169921875,-3.0012879371643066,-3.7086524963378906,-0.707364559173584
2RN2,A,K95A,-0.1,1RBV,-96.91800689697266,-96.7618179321289,-3.012568473815918,-2.8817858695983887,0.1307826042175293
2RN2,A,K95G,-1.9,1RBT,-96.91800689697266,-96.6692123413086,-3.012568473815918,-2.812530279159546,0.20003819465637207
2RN2,A,K95N,-0.9,1RBU,-96.91800689697266,-96.87257385253906,-3.012568473815918,-2.992035150527954,0.020533323287963867
2RN2,A,V74I,-0.6,1LAW,-95.71598815917969,-95.34797668457031,-2.101621389389038,-1.7692612409591675,0.3323601484298706
2RN2,A,V74L,-1.0,1LAV,-95.71598815917969,-95.55229949951172,-2.101621389389038,-1.8818985223770142,0.21972286701202393
3ZCF,A,G41S,3.9,3NWV,-97.47628021240234,-97.281982421875,-3.9300155639648438,-3.569845199584961,0.3601703643798828
3ZCF,A,Y48H,5.56,5O10,-96.64242553710938,-97.12059020996094,-2.7904293537139893,-3.293256998062134,-0.5028276443481445
4BVM,A,F57A,1.91,6EW5,-96.93629455566406,-96.73868560791016,-3.0483343601226807,-2.868800401687622,0.1795339584350586
4BVM,A,I51T,5.17,5N4P,-95.4611587524414,-96.81080627441406,-1.8688559532165527,-3.1023170948028564,-1.2334611415863037
4BVM,A,P38G,5.38,4D6B,-97.86419677734375,-97.55591583251953,-4.3294572830200195,-3.8240888118743896,0.5053684711456299
4LYZ,A,G102A,1.2,1FLY,-96.77986145019531,-96.76350402832031,-2.9049618244171143,-2.923414707183838,-0.018452882766723633
4LYZ,A,G117A,0.8,1FLQ,-96.92005920410156,-96.79780578613281,-3.0305511951446533,-2.920114517211914,0.11043667793273926
4LYZ,A,G49A,0.7,1FN5,-96.89869689941406,-96.72764587402344,-3.0529720783233643,-2.8628768920898438,0.1900951862335205
4LYZ,A,G67A,0.5,1FLU,-96.81523132324219,-96.78656768798828,-2.930966377258301,-2.898291826248169,0.032674551010131836
4LYZ,A,G71A,2.1,1FLW,-96.93473052978516,-96.78369140625,-3.067331075668335,-2.901289939880371,0.16604113578796387
4LYZ,A,I55V,0.9,1HEO,-95.80891418457031,-96.18170166015625,-2.080199718475342,-2.4226789474487305,-0.34247922897338867
4LYZ,A,I58M,1.2,1IR8,-95.67182922363281,-96.3447036743164,-2.02496600151062,-2.6949708461761475,-0.6700048446655273
4LYZ,A,I78M,0.9,1IR7,-96.60166931152344,-96.72618865966797,-2.752824068069458,-2.8526246547698975,-0.09980058670043945
4LYZ,A,I98M,0.9,1IR9,-95.90715026855469,-96.43536376953125,-2.178758144378662,-2.6509482860565186,-0.47219014167785645
4LYZ,A,M12F,-0.5,1IOS,-96.04486083984375,-96.22798156738281,-2.5111663341522217,-2.818704843521118,-0.3075385093688965
4LYZ,A,M12L,0.4,1IOT,-96.04486083984375,-95.18561553955078,-2.5111663341522217,-1.7475982904434204,0.7635680437088013
4LYZ,A,S91A,0.2,1LSN,-97.40223693847656,-96.65943908691406,-3.8916091918945312,-3.115908145904541,0.7757010459899902
4LYZ,A,S91T,-1.0,1HEM,-97.40223693847656,-97.0625228881836,-3.8916091918945312,-3.441622734069824,0.44998645782470703
4LYZ,A,T40S,0.3,1HER,-97.02381134033203,-97.29263305664062,-3.416304349899292,-3.6679234504699707,-0.2516191005706787
5PTI,A,F22A,1.2,1BTI,-96.66374206542969,-96.72569274902344,-2.8263583183288574,-2.922210454940796,-0.09585213661193848
5PTI,A,F45A,6.9,1FAN,-96.1572494506836,-96.70161437988281,-2.4946017265319824,-2.8906469345092773,-0.3960452079772949
5PTI,A,N43G,5.7,1NAG,-97.5971450805664,-97.58341979980469,-3.8740975856781006,-3.8519973754882812,0.022100210189819336
5PTI,A,Y23A,5.9,1BPT,-96.47871398925781,-96.70484924316406,-2.7114429473876953,-3.0017952919006348,-0.29035234451293945
5PTI,A,Y35G,5.0,8PTI,-96.55096435546875,-97.36314392089844,-2.8787379264831543,-3.511336326599121,-0.6325984001159668
