pdb,chain,resname,resnum,insertion_code,logit_G,logit_A,logit_C,logit_S,logit_P,logit_T,logit_V,logit_D,logit_I,logit_L,logit_N,logit_M,logit_Q,logit_K,logit_E,logit_H,logit_F,logit_R,logit_Y,logit_W
4jhw,F,Q,26, ,2.8834023,2.8463469,3.1177058,2.8895762,2.553122,2.7878416,2.7054582,2.9382648,2.7177649,2.8656116,2.8534536,2.8298519,2.7602448,2.7050834,2.8639057,2.858046,2.7696958,2.7055783,2.6960492,2.662297
4jhw,F,N,27, ,2.8559766,2.7914786,3.0643082,2.8947105,2.279348,2.871523,2.6030946,2.9358559,2.6517434,2.7971878,2.9057117,2.8162675,2.808325,2.7807636,2.9564252,2.9144332,2.9809384,2.6891546,2.918555,2.9093568
4jhw,F,I,28, ,1.8886992,2.2596421,2.9177337,2.1372044,2.423778,2.5133119,3.2215393,1.9584014,3.5298932,3.6613503,2.1514041,3.2245026,2.3805778,2.5401528,2.0607424,2.5667005,3.3078933,2.6001914,3.0650296,3.026319
4jhw,F,T,29, ,1.1457334,2.197492,3.2027824,2.360959,-0.042976677,3.0189483,3.489201,1.1332911,3.564727,3.1167557,1.8754823,3.1751342,2.5332046,2.5747116,2.2729487,2.6062737,3.3376534,2.6878264,3.3843925,3.2954564
4jhw,F,E,30, ,1.5771244,2.5375614,3.2019525,1.830562,1.2388194,2.2531638,3.9843216,1.2261045,3.9954705,3.653933,1.4560612,3.073285,1.6547829,1.658634,1.512246,1.7491741,3.1335611,1.7348938,2.6016438,2.4795651
4jhw,F,E,31, ,1.366707,2.184956,3.0376086,2.2266204,0.66131365,2.9061856,3.621678,1.6765563,3.8313363,3.049045,1.9886253,3.0258033,2.4098525,2.463544,2.4274874,2.5682714,3.2772822,2.6057642,3.268086,3.0173287
4jhw,F,F,32, ,1.6990967,2.484274,3.0527644,1.871788,1.6349484,1.9887238,3.356378,1.2284483,3.3356507,2.9828465,1.4680772,2.6731122,1.4123392,1.4294579,1.2687515,2.117791,4.598025,1.5890292,4.0669236,3.50177
4jhw,F,Y,33, ,1.5660145,1.9463154,2.946365,2.1352305,1.0926445,2.2735782,3.0286822,1.8336837,3.4136345,3.0499377,2.279914,2.8446343,2.0804744,2.2054272,1.8255713,2.79491,4.195076,2.5611274,4.2256184,3.7858455
4jhw,F,Q,34, ,1.9360044,2.5983624,3.1646166,2.4017167,1.6164925,2.308191,2.8447912,1.939613,3.0399928,3.5461888,2.4534526,3.062187,2.610803,2.806518,2.2210884,2.6482522,3.1374404,2.9554036,3.1218355,2.9715667
4jhw,F,S,35, ,2.2939596,2.7191074,3.0562277,2.6226122,1.9413372,2.7116225,2.975515,2.186859,3.1438518,3.0245378,2.340102,2.915465,2.6106808,2.6077309,2.5784545,2.6247864,3.0431008,2.627465,3.0529397,2.9251828
4jhw,F,T,36, ,2.0382867,2.568087,2.976924,2.6024957,1.5344808,2.841819,2.8523204,2.2619767,2.9895396,3.2454693,2.474935,2.972292,2.3703837,2.0258174,2.2011151,2.620481,3.3131905,2.1255276,3.1711311,3.1046383
4jhw,F,C,37, ,3.069038,2.8841083,3.1523545,2.462662,1.7967012,2.0759935,2.7474146,1.9914522,2.7403767,3.0769904,2.4654205,2.9469814,2.375856,2.3279736,1.886833,2.5016613,3.0070953,2.3960483,2.8173182,2.7054355
4jhw,F,S,38, ,2.4869096,3.4070601,3.087219,2.8883977,0.869223,2.538724,3.1498039,1.978451,2.8314905,2.449805,1.9556522,2.7663493,2.4735138,1.9556404,2.4858346,2.3602352,2.9661062,2.0556185,2.8081212,2.649219
4jhw,F,A,39, ,1.7272803,3.2772994,3.196336,2.321463,0.9741538,2.3606868,3.8663726,1.1856863,3.4357553,2.9460073,1.5071937,2.7187228,1.738004,1.8842666,1.3822666,1.8276714,2.5966141,1.8741957,2.3917284,2.2669048
4jhw,F,V,40, ,1.2305778,2.3425167,3.1689126,2.0220833,1.1383694,2.6868737,4.0275493,1.7397524,4.0271006,3.4529662,1.6041399,3.1170292,2.4150481,2.1029172,2.5437586,1.9902318,2.6359313,2.1522102,2.484903,2.5236254
4jhw,F,S,41, ,1.5738916,2.8576245,3.1464658,2.2371364,1.5440719,2.3161976,3.9443116,1.5816755,3.8221946,3.4171786,1.6607956,2.8956473,1.8512862,1.8396034,1.6348785,1.8665211,2.6202664,1.8253027,2.28609,2.3942301
4jhw,F,K,42, ,1.7722744,2.1939805,3.0317397,2.390062,1.1014421,2.7079186,2.937761,1.4304544,3.2317448,3.2221189,2.4518585,3.0080094,2.4398787,3.0334702,1.7825291,2.982879,3.2892537,3.3192825,3.3935776,3.4125621
4jhw,F,G,43, ,2.9662251,2.8200946,3.161987,2.9361491,1.6771816,2.934401,2.759145,2.613814,2.68409,2.7275732,2.7772813,2.8595045,2.6941476,2.6137137,2.5991309,2.8110783,2.918571,2.7026722,2.9064267,2.803186
4jhw,F,Y,44, ,1.7601601,2.2206674,3.0643928,1.886488,2.0740523,1.9590254,2.8667197,1.5745871,2.9408045,3.111548,1.9380888,2.8238862,1.7794205,1.9089553,1.5861645,2.674938,4.26696,2.2231588,4.467672,3.730381
4jhw,F,L,45, ,1.5808499,2.399665,3.3563595,2.662662,0.9700686,2.9809113,2.9792514,2.1480782,3.0860403,3.197114,2.213942,3.2480686,2.822164,2.5781846,2.9131486,2.6348276,3.0965333,2.583711,3.121101,3.0836194
4jhw,F,S,46, ,2.4389849,3.4552238,3.0904887,2.4565,1.5290282,2.2923338,3.400952,1.5228469,3.1150403,2.8070683,1.6141583,2.7217584,1.7534235,1.747345,1.4291016,1.840646,2.5728288,1.8459742,2.3271053,2.181973
4jhw,F,A,47, ,1.615339,2.8415017,2.9195487,1.9185159,1.2781861,2.2775958,4.262489,1.4990671,4.076479,3.0605645,1.643368,2.6869617,1.6095688,1.6256552,1.4506193,1.9114857,2.7069273,1.6589642,2.4117534,2.197569
4jhw,F,L,48, ,1.6036222,2.2016919,2.9891682,1.9553583,1.2565758,2.4029362,3.5333543,1.5999168,3.8516693,4.0801353,1.5402185,3.2915108,1.8544614,1.6215973,1.9171314,1.8168647,3.3942828,1.6229302,2.8286033,2.4414313
4jhw,F,R,49, ,1.6281561,2.4345448,2.9818664,1.9706656,1.2952356,2.37419,3.6433449,1.2151749,3.746467,3.5210736,1.6978651,3.089285,2.1138592,2.4497333,1.5757289,2.2139168,3.2857296,2.5678763,3.0282638,2.8650165
4jhw,F,T,50, ,2.3494747,2.6015887,3.073777,2.7515259,1.3626735,3.0772328,3.1139266,2.2138617,3.1986797,3.133116,2.461093,3.0853877,2.6313512,2.5771186,2.524448,2.4765308,2.669806,2.6500404,2.6063428,2.6410184
4jhw,F,G,51, ,3.091553,3.1506207,3.129099,3.0109005,1.0126507,2.6999254,2.5557895,2.3021796,2.4350343,2.6392462,2.4886444,2.7572684,2.6667788,2.7052612,2.5859544,2.7417016,2.826685,2.701629,2.7870553,2.5589702
4jhw,F,W,52, ,1.6588806,2.0724294,3.2587643,2.4253213,1.9947598,2.6045423,2.7010946,1.9566625,2.793383,3.0013676,2.3356743,2.858961,2.1153893,2.2322211,1.9935004,2.6373534,3.8980088,2.3724883,4.0599923,4.1739097
4jhw,F,Y,53, ,1.5744115,2.4601083,3.0901713,2.1668625,1.1566789,2.2516437,3.351888,1.6476704,3.4996147,3.115205,1.7244085,2.9287868,2.0898838,1.8698295,1.9333332,2.6454818,3.989329,2.057901,3.8333435,3.7934296
4jhw,F,T,54, ,1.5976204,2.5012498,3.1637056,2.0326,2.1031868,2.4716115,3.9174736,1.7508056,3.991445,3.204974,1.7620533,2.922381,2.020249,1.834383,1.9343379,2.2862382,3.2636771,1.9164464,3.0986712,3.148665
4jhw,F,S,55, ,1.364687,2.5849688,3.1406634,1.6135632,1.348219,1.950065,4.4084334,1.1631746,4.166333,3.1555486,1.2969682,2.6274972,1.358425,1.4076954,1.2758783,1.8759464,3.3138664,1.4055531,2.8479702,2.2792199
4jhw,F,V,56, ,1.1305109,1.9271692,2.9661837,1.0744189,1.0465596,1.8091238,4.607831,1.0933908,4.905615,4.0356436,1.072057,3.1659648,1.1903923,1.1936098,1.3066566,1.4205664,2.931772,1.0780232,2.2425923,2.1004758
4jhw,F,I,57, ,1.4232818,1.9757761,2.993625,1.4193436,1.6468918,2.0513728,4.267438,1.7456846,4.604812,3.4641795,1.6616995,2.868834,1.6645864,1.6671412,1.7498554,1.9101009,3.2097702,1.643851,2.670344,2.4706743
4jhw,F,T,58, ,1.4863024,2.023274,3.0306342,1.4153781,1.3620584,2.000815,4.245334,1.2682972,4.409602,3.7877269,1.2978946,2.9410338,1.3472706,1.2893952,1.4156268,1.8737524,3.5353858,1.3218967,2.9763732,2.7097552
4jhw,F,I,59, ,1.4510245,1.8324401,2.8210278,1.369924,1.5119598,2.0305235,4.1247454,1.2772074,4.6703825,3.6885078,1.2517358,3.1651993,1.24676,1.3387396,1.3341291,1.6068691,3.6997535,1.4550836,2.8897378,2.8168921
4jhw,F,E,60, ,1.4948503,2.2002144,3.2303357,2.0248456,1.4114746,2.364265,3.337603,2.1889808,3.525285,3.5333443,2.0002558,3.1258063,2.3036969,2.1164067,2.5882137,2.3087716,3.3603892,2.184874,3.1798785,3.0344808
4jhw,F,L,61, ,1.4582103,1.9641607,3.0107758,1.5313576,1.5268352,2.220092,3.6631522,1.4184972,4.0911574,4.174657,1.400761,3.2024066,1.511893,1.5317174,1.3053315,1.7588173,3.5488467,1.5804375,2.649182,2.5120878
4jhw,F,S,62, ,1.9125464,2.9070623,3.1071787,2.362604,2.0757484,2.582518,3.3960793,1.5511411,3.2693348,3.0413003,2.014591,2.7321455,2.1289692,2.2178054,1.5717537,2.4168324,2.9978294,2.192332,2.8115902,2.5486884
4jhw,F,N,63, ,2.3918407,2.83669,3.026978,2.8408096,2.8738055,2.8316007,2.9559968,2.6420755,3.0331852,2.973062,2.6967037,2.8448052,2.7898917,2.878725,2.7915485,2.9186077,2.8978143,2.8103707,2.8249161,2.6722364
4jhw,F,I,64, ,1.821763,2.3373685,3.0301158,2.150969,2.6567008,2.4272058,3.4321167,2.074472,3.7516532,3.6031387,1.9599221,3.2565823,2.064589,1.9858902,1.934873,2.327182,3.4429626,1.9960384,2.9053192,2.945182
4jhw,F,K,65, ,2.6168964,2.812241,2.9740243,2.8636198,2.9164472,2.8575437,2.7944438,2.8555217,2.7834997,2.7625728,2.7708929,2.770558,2.7914207,2.7402225,2.8700786,2.7498965,2.700128,2.6420083,2.5978055,2.529634
4jhw,F,E,66, ,2.8423867,2.8353076,3.0256705,2.8399074,2.4519622,2.8053713,2.7444243,2.8992622,2.7145052,2.809777,2.9105675,2.8007934,2.8301075,2.729016,2.8785677,2.8755896,2.8118057,2.7781713,2.7589421,2.7170627
4jhw,F,N,67, ,1.9329624,2.6149952,3.0547097,2.1606212,2.8012018,2.4549546,3.5014691,1.884372,3.7240531,3.4653773,1.9288467,3.2109566,1.9255989,1.963701,1.7751207,2.0810165,3.1842885,2.02169,2.7066014,2.9120784
4jhw,F,K,68, ,2.792356,2.8219516,2.982472,2.8412807,2.3848376,2.7813518,2.7163327,2.8418813,2.7480726,2.9091551,2.938535,2.923816,2.848997,2.8475683,2.821477,2.8916404,2.7988286,2.828579,2.7355027,2.6951103
4jhw,F,C,69, ,2.078825,2.5621195,2.7773798,2.1111019,2.506147,2.381584,3.3423455,1.9326967,3.7771144,3.5819993,1.9685951,3.2303092,2.1498296,2.074973,2.0427818,2.2057319,3.191896,2.0897775,2.7736726,2.6833231
4jhw,F,N,70, ,2.5335603,2.7601068,3.027503,2.8809788,2.717062,2.9491925,2.9038746,2.6874764,2.8814435,2.759836,2.6760128,2.7367508,2.7929847,2.766622,2.8667343,2.792223,2.7370844,2.6510978,2.6611917,2.6140628
4jhw,F,G,71, ,3.0124376,2.7657568,3.1140294,2.8439906,2.686638,2.809703,2.6984036,2.9122677,2.7107587,2.7751923,2.912209,2.8107305,2.800999,2.7737076,2.862477,2.8449295,2.7976553,2.6976514,2.7239773,2.6003284
4jhw,F,T,72, ,2.5034926,2.8337443,3.0857902,2.7343845,2.7176516,2.8365571,2.959021,2.869051,2.9655137,2.8651922,2.563095,2.8955646,2.7093205,2.4789596,3.0236151,2.598195,2.7785408,2.4397957,2.724363,2.7687178
4jhw,F,D,73, ,2.591066,2.5509772,3.0360255,3.4996464,1.5755994,3.6864314,2.4496844,3.2661483,2.434228,2.500998,3.3797023,2.449743,2.604117,2.5527606,2.4535918,2.781571,2.2898045,2.6388204,2.2296662,2.2471428
4jhw,F,A,74, ,2.390015,2.839912,2.9178195,2.6689148,2.7753596,2.7520535,2.8396165,2.7047427,2.907689,2.8785083,2.5975637,2.8385677,2.7892215,2.817126,2.8850372,2.7491872,2.8529716,2.8472843,2.8673995,2.9264293
4jhw,F,K,75, ,2.1236582,2.8593984,3.0393438,2.5865476,1.9306593,2.5581024,2.6901941,2.3901997,2.9363651,3.3647335,2.5311315,3.1384885,2.7242944,2.457687,2.5556715,2.6064088,3.1014845,2.5096023,3.0173874,3.0036085
4jhw,F,V,76, ,1.9209398,2.747225,2.8128693,2.42592,1.4215198,2.8149452,3.2473617,1.7467276,3.4108016,3.310735,2.0001369,3.1771312,2.7978122,2.6190314,2.4643235,2.4246757,2.962449,2.810203,2.8592372,2.7036357
4jhw,F,K,77, ,2.2852824,3.0046027,2.9560492,2.771313,0.61268425,2.732308,2.781307,2.6343,2.9798467,3.0214007,2.7704067,3.0598881,3.0279605,2.9267604,3.0350735,2.8263714,2.861733,3.1321437,2.9543498,3.0406036
4jhw,F,L,78, ,1.9454387,3.0988107,3.0963836,2.4922502,0.69783294,2.4922566,2.7003732,2.3350031,3.121974,3.4937139,2.4236195,3.3365273,2.8768897,2.804301,2.7616315,2.5452847,2.9108775,2.8757143,2.8765516,3.0564816
4jhw,F,I,79, ,1.6249374,2.5996332,2.9868503,1.7905601,1.4999235,2.1223552,3.5866954,1.3843863,4.196447,4.0702963,1.5117786,3.380294,1.6024125,1.5173163,1.3725672,1.7928104,3.3377185,1.7124773,2.7719905,2.8837948
4jhw,F,K,80, ,1.9555662,2.7363782,2.96555,2.4365602,0.65771186,2.6845906,3.1284199,1.6617491,3.4402804,3.5335777,2.479095,3.3096156,2.8492303,2.9406896,2.4801831,2.5241878,2.894257,3.0568557,2.829822,2.7981553
4jhw,F,Q,81, ,2.149106,2.9196033,2.9748268,2.711633,0.5893619,2.7094104,2.761309,2.902256,3.0248456,3.03577,2.700114,2.990992,2.9879968,2.793072,3.2447002,2.742906,2.7790592,2.8393865,2.7796695,2.8054225
4jhw,F,E,82, ,1.5378397,2.9983115,2.9537406,2.088052,0.91845286,2.4041512,3.2334304,1.7037671,3.6272705,3.7463212,1.9569776,3.274325,2.3973007,1.807266,2.5373216,2.3773115,3.0216603,1.8964603,2.9316869,2.9488041
4jhw,F,L,83, ,1.6352955,2.2729602,2.8978744,1.8813627,1.4898407,2.2689054,3.2743466,1.4274241,3.9844766,4.1321893,1.8062077,3.5168648,2.0605404,2.1015553,1.7445524,1.9047703,3.459283,2.230651,2.770817,2.7687142
4jhw,F,D,84, ,2.2818952,2.8843646,2.8863716,2.699876,0.4492448,2.7178166,2.7936666,2.7516685,3.045804,3.039362,2.804482,3.0474637,3.0108862,2.906036,3.1046216,2.728004,2.6632867,3.0235553,2.669763,2.736396
4jhw,F,K,85, ,2.053059,3.053499,3.1214087,2.6156867,0.67457736,2.5921743,2.74425,2.5303273,3.0031257,3.2895749,2.6834617,3.1764493,3.0109963,3.041341,3.035132,2.6837327,2.6919498,3.1044197,2.7073307,2.737024
4jhw,F,Y,86, ,1.8414867,2.4033432,2.9511743,1.8171413,1.338276,1.9576805,2.7812185,1.4424033,3.136701,3.6429482,1.8581549,3.0572128,1.707812,1.7248275,1.5165478,2.3981485,4.4999976,2.093184,4.0706215,4.051296
4jhw,F,K,87, ,2.1860733,2.8401437,2.8396943,2.5614066,0.52168155,2.6881504,2.996729,1.7965904,3.281118,3.439207,2.6572328,3.2616036,2.8706803,3.1070418,2.3826518,2.7262063,2.9025385,3.329235,2.8545425,2.868827
4jhw,F,N,88, ,2.21429,3.0065804,2.88726,2.7043128,0.63514507,2.6579964,2.6427474,2.5593174,2.9293659,3.0507119,2.7111316,2.9861693,2.9609284,3.0622382,2.8835824,2.8189168,2.8632042,3.1380467,2.887359,3.0589576
4jhw,F,A,89, ,2.0270138,3.9620254,3.0196683,2.530423,1.042745,2.4534512,3.2555172,1.198771,3.234588,2.8734262,1.59289,2.7610164,1.8141012,1.8025262,1.4768642,1.9331605,2.7388053,1.956548,2.6717398,2.6782038
4jhw,F,V,90, ,1.4743494,2.442466,2.8553996,1.9275863,1.0550627,2.4591947,3.7133617,0.81614554,4.1475863,3.848828,1.7239443,3.2931328,2.1634583,2.4192529,1.4650276,2.0857277,3.061412,2.5946472,2.9352107,2.9454863
4jhw,F,T,91, ,2.2439587,2.9697556,2.8672318,2.7379503,0.5981267,2.7137895,2.7391965,2.6216888,2.9920778,3.0315166,2.8231034,2.9911084,2.9838636,3.026534,2.9377408,2.8032923,2.791616,3.095103,2.7801814,2.8691087
4jhw,F,E,92, ,1.8897841,3.0140448,3.0065503,2.4531002,0.66292757,2.6494584,3.0263722,1.9274575,3.387518,3.3436704,2.1723537,3.2756813,2.8075826,2.8558476,2.4373035,2.5148754,3.0449042,2.9804025,2.9514039,3.0105457
4jhw,F,L,93, ,1.7621834,2.7700734,2.8239632,1.9594257,1.6132997,2.0382006,3.1115434,1.535588,3.7816372,4.374458,1.6916527,3.4129243,1.8890194,1.904817,1.6856956,1.7907377,2.9110265,2.0918152,2.375235,2.675589
4jhw,F,Q,94, ,2.3529973,2.888236,2.953145,2.7642312,0.51008624,2.732703,2.814804,2.169421,3.046039,3.143684,2.7741704,3.0739083,2.9917142,3.0937016,2.729052,2.8330278,2.8657632,3.2813878,2.9494622,2.8508344
4jhw,F,L,95, ,2.6230514,3.1512098,2.7278893,2.9307504,0.6956319,2.7339084,2.6667886,2.65373,2.8284965,3.058363,2.8714085,3.0567665,3.0237324,3.0783088,2.9064193,2.7952557,2.776209,3.182278,2.7460642,2.588196
4jhw,F,L,96, ,2.0937302,2.9392674,2.7191994,2.426693,0.9462511,2.3667367,2.6738405,1.5784847,3.134323,3.850967,2.3322167,3.6337285,2.7285848,2.8317387,2.0378356,2.4962976,3.0490005,2.9182353,2.8350773,2.861486
4jhw,F,M,97, ,2.2596803,2.7732193,2.7296708,2.514429,1.6664045,2.4982617,2.8013463,1.9074333,3.0134585,3.4035034,2.3804448,3.1448722,2.5711842,2.4437861,2.2080784,2.4766567,3.0843346,2.4486542,2.7514172,2.6911557
4jhw,F,F,137, ,2.4269035,2.6414547,2.9390428,2.646945,2.3718588,2.719173,2.7538853,2.469967,2.8406665,2.89947,2.5828722,2.8167953,2.6593177,2.5404649,2.6885443,2.6545887,2.8827233,2.4789681,2.8720496,2.9090424
4jhw,F,L,138, ,2.1844618,2.506233,2.9579635,2.2984383,2.1011777,2.4384315,3.0097115,2.24851,3.2991662,3.7160034,2.2011456,3.2474952,2.254648,2.0787027,2.2360892,2.2928135,3.1776657,2.164357,2.9125638,2.922624
4jhw,F,G,139, ,2.9798934,2.8651855,3.0449884,2.8454933,2.2599976,2.4509044,2.58245,2.7482255,2.6510131,2.891996,2.7197392,2.6715865,2.4346266,2.2814264,2.3769767,2.7215474,2.802948,2.275415,2.7621295,2.6998665
4jhw,F,F,140, ,2.5005193,2.954609,2.9799693,2.9463987,2.4448302,2.8892016,2.812233,2.800941,2.9046898,2.872744,2.7890167,2.8523793,2.8734424,2.8558278,2.8814368,2.7768934,2.7341208,2.8262963,2.761243,2.7353387
4jhw,F,L,141, ,2.5833929,2.8439283,3.2176697,2.7805767,1.8547976,2.7418563,2.714789,2.8833928,2.7620494,3.1282296,2.8195953,3.0115223,2.746997,2.4565775,2.9555268,2.705162,2.8653972,2.5192833,2.8032482,2.8732052
4jhw,F,L,142, ,2.2397728,2.752749,2.9082713,2.5054584,2.2029629,2.6709635,3.1816955,2.2258422,3.3840668,3.380938,2.3034558,3.0079238,2.4404569,2.3374991,2.3997195,2.3865228,3.0940394,2.282015,2.7773106,2.748034
4jhw,F,G,143, ,3.0975502,2.8147202,2.9223495,2.865636,2.6909196,2.809009,2.6498566,2.8478234,2.6286235,2.7616448,2.8967423,2.752335,2.7571442,2.7228494,2.7643287,2.8606353,2.6616771,2.6039205,2.57586,2.501428
4jhw,F,V,144, ,2.5867255,2.6856265,2.7122674,2.7163854,2.736075,2.7416122,2.7406566,2.7254682,2.783608,2.7509227,2.6276505,2.7156308,2.7884119,2.6843379,2.8393455,2.7661204,2.6817558,2.5655649,2.578219,2.5311594
4jhw,F,G,145, ,2.9263558,2.988625,3.024288,2.703153,2.3695576,2.601064,2.8993156,2.269018,2.8306003,2.8353019,2.4852777,2.8547394,2.6856315,2.5195649,2.5271685,2.824054,3.1352534,2.6210103,3.0211196,2.8950953
4jhw,F,S,146, ,2.4495664,2.7661269,3.1926703,2.7942934,2.8368516,2.80118,2.8242707,3.0743783,2.9005992,2.8247552,2.8543434,2.7818885,2.7929218,2.7219803,2.8590472,2.8661168,2.58703,2.706124,2.5368547,2.486912
4jhw,F,A,147, ,2.38799,2.9797788,3.0836656,2.736707,3.2684093,2.7490897,2.9843526,2.3145967,3.0527196,3.021423,2.420464,2.917149,2.6440084,2.719947,2.465935,2.6062279,2.8756008,2.6266036,2.7668087,2.8162656
4jhw,F,I,148, ,2.0144303,2.654223,3.039687,2.4254153,1.8624303,2.5807698,3.0375752,2.2595344,3.3138661,3.4784102,2.3473227,3.210918,2.5673745,2.4590397,2.5132768,2.6425085,3.2328963,2.4711268,3.123199,3.0481408
4jhw,F,A,149, ,2.5351014,3.0468907,2.8982315,2.8537703,1.7657387,2.7274604,2.7589955,2.6178975,2.8576982,2.9135747,2.620221,2.9551628,2.9644806,2.9347954,2.9870284,2.8247812,2.7941296,2.9775827,2.8380287,2.8449912
4jhw,F,S,150, ,1.9985981,3.2303066,3.0102594,2.6295066,1.743295,2.8013706,3.020022,2.4138296,3.068234,3.2457447,2.1992166,3.1392798,2.9006908,2.68356,2.7823184,2.6401427,2.7144387,2.6434693,2.7065883,2.743917
4jhw,F,G,151, ,2.8611255,4.078334,2.842146,2.551977,1.6491579,2.1501462,2.9143426,1.4803611,2.7136056,2.7048197,1.3203558,2.6018808,1.5976743,1.5955362,1.588806,1.7377698,2.5938904,1.7204993,2.308144,2.5071478
4jhw,F,V,152, ,1.8726757,2.7142124,2.9169736,2.5008607,0.25627774,2.7654662,3.0617332,1.9464858,3.3766427,3.3379452,2.6107786,3.1486888,2.8493366,2.9041295,2.7192225,2.7505136,2.8768458,3.1045136,2.9350855,2.854603
4jhw,F,A,153, ,2.2426658,2.9813411,3.0000167,2.712565,0.74508893,2.6508262,2.6823866,2.7040067,2.9510467,2.9489944,2.6169956,2.9671106,2.941819,2.8148584,3.0407124,2.7348418,2.8746068,2.913942,2.8747983,2.9517577
4jhw,F,V,154, ,1.5246271,2.8973622,2.9050503,1.9565824,1.1679401,2.6126475,3.5752807,1.5179405,3.8639958,3.6861,1.7776501,3.2216206,2.028179,1.8577702,1.8861961,2.0568998,3.3525143,1.9937519,2.9603338,3.0184476
4jhw,F,S,155, ,2.1510096,3.5677795,2.9435375,2.7403595,0.83711684,2.4732828,3.1900947,1.0548546,3.1348515,2.7925465,1.6494179,3.0326662,2.556664,2.519029,1.9491762,2.0167675,2.5147521,2.739893,2.5555015,2.5136406
4jhw,F,K,156, ,2.3358948,3.0350065,2.8706772,2.8158648,0.5329337,2.737114,2.6955059,2.6740108,2.9030535,2.995731,2.8588147,3.0143743,3.0271816,3.051556,2.878439,2.8665242,2.7438495,3.1320717,2.7605205,2.7529101
4jhw,F,V,157, ,1.8259652,2.9342878,2.9539847,2.246369,0.91884506,2.4096932,3.1116393,1.9043058,3.5671554,3.7797031,2.1227982,3.3185372,2.499097,2.3119826,2.1344414,2.3699126,2.842462,2.5282059,2.7418985,2.8376832
4jhw,F,L,158, ,1.6669861,2.40443,2.8553126,1.8223333,1.4635787,1.9990298,2.9574323,1.5159167,3.534118,4.4537086,1.7563412,3.6154907,1.8774058,1.6559508,1.8703458,1.7701585,3.37598,1.8155816,2.4657443,2.513858
4jhw,F,H,159, ,2.4572866,3.000114,2.9700894,2.741244,1.0157564,2.6675746,2.77995,2.318317,2.986225,3.2140946,2.7067397,3.1352623,3.0029035,2.9822972,2.807013,2.8278403,2.824181,3.1362736,2.8288257,2.8868082
4jhw,F,L,160, ,2.3542309,2.8061101,3.0837588,2.8371766,1.3895658,2.8619425,2.7879395,2.2901149,2.8686516,3.0596395,2.7385573,3.0293827,2.8724308,3.1531491,2.3895125,2.7942395,2.67774,3.2155595,2.55788,2.3502145
4jhw,F,E,161, ,2.8471284,2.972906,3.1192622,2.8286235,3.0360308,2.6753678,2.6817274,2.9862163,2.648199,2.8269606,2.8756204,2.8560104,2.8916345,2.8431683,3.001805,2.8748066,2.7914255,2.7961216,2.7294126,2.6438603
4jhw,F,G,162, ,3.25306,2.8722084,3.1607757,2.840371,1.979049,2.589141,2.3564138,2.9209747,2.400199,2.8106108,3.0469697,2.9104466,2.889785,2.795971,2.8265092,2.8755355,2.8131628,2.800568,2.7331624,2.6274285
4jhw,F,E,163, ,1.6774352,2.8143973,2.982774,2.3455758,1.2873058,2.658315,3.2390149,2.1439018,3.431902,3.382627,2.257335,3.133176,2.3473585,1.911034,1.9505953,2.2492948,2.9057744,1.9158045,2.6747334,2.486006
4jhw,F,V,164, ,1.6447904,2.8673348,2.910999,2.0017881,2.1267312,2.3721592,3.7280164,1.5685662,3.9674916,3.6475646,1.583431,3.199529,1.7269131,1.6302536,1.6240826,1.8294338,2.9676456,1.7601967,2.521667,2.7228703
4jhw,F,N,165, ,2.376644,2.9536238,2.7723403,2.7166932,0.9969505,2.6978467,2.818328,2.577895,3.006263,3.1188788,2.7838554,3.0468707,3.041614,3.0218453,3.0341537,2.8398445,2.7864842,3.1575131,2.8325808,2.899995
4jhw,F,K,166, ,1.9645363,3.180714,2.9029336,2.6411781,0.6876502,2.6880326,2.8778207,2.0717478,3.1261976,3.3285096,2.2562103,3.2634397,3.0833204,3.2328587,2.743215,2.5547423,2.7790172,3.2674994,2.707377,2.693828
4jhw,F,I,167, ,1.67753,2.1894352,2.849665,1.5336328,1.3724165,2.0194564,3.698793,1.2363427,4.6165867,4.3709745,1.5228484,3.5136962,1.6934545,1.6670806,1.505314,1.6810281,2.9663534,1.8748066,2.3212445,2.4058452
4jhw,F,K,168, ,1.7091167,2.7378688,2.8303475,2.1236444,1.1202484,2.2395017,3.2964473,1.2982789,3.7843037,3.8386874,1.9105848,3.2979515,2.4036698,2.3728318,1.8811731,2.2398303,3.161427,2.6314754,3.0489843,3.1567168
4jhw,F,S,169, ,2.499423,3.035452,2.8872979,2.8044827,0.5901901,2.7177637,2.628424,2.7251372,2.846579,2.943232,2.8129232,2.9821537,2.992634,2.9676826,2.9810326,2.8675828,2.8092103,3.0645509,2.8044066,2.7056775
4jhw,F,A,170, ,1.9952071,3.430027,2.9162366,2.5356987,0.9723743,2.3642163,2.9269824,1.5855066,3.0721154,3.3695579,2.0696273,3.2337258,2.659658,2.5636127,2.315692,2.6717324,3.0505133,2.5386958,2.9429393,2.8905063
4jhw,F,L,171, ,1.75089,2.6296957,2.969381,2.1235294,1.3667179,2.5065238,3.2779903,1.382378,3.658409,4.326765,1.9615024,3.3265605,2.046421,2.0809906,1.687211,1.9122963,2.6430998,2.1295037,2.231446,2.3044066
4jhw,F,L,172, ,2.4035337,2.9879704,2.9068441,2.797775,0.80747795,2.7666736,2.854079,2.243834,2.9966388,3.189589,2.7374067,3.1477783,2.9976172,2.9904716,2.721485,2.7789495,2.8425512,3.1203337,2.8120856,2.66245
4jhw,F,S,173, ,2.631441,2.8310983,2.841059,2.807785,1.9489927,2.8002393,2.7464764,2.708559,2.858481,2.9501357,2.834315,2.9275022,2.8033519,2.870869,2.8040776,2.8204503,2.8592167,2.8282888,2.8284278,2.7013845
4jhw,F,T,174, ,2.6017385,2.7984848,3.156772,3.089623,1.4026048,3.1269393,2.7113485,2.6376035,2.6802232,2.7593782,2.8389316,2.8150373,2.7877872,2.6427283,2.7184534,2.7834334,2.7688453,2.7515008,2.7507935,2.6204574
4jhw,F,N,175, ,2.54772,2.9287922,2.9601088,2.842339,3.005938,2.8289723,2.8423347,2.6533937,2.858806,2.9661894,2.7327018,2.950894,2.797569,2.8967593,2.7559283,2.7402623,2.8830848,2.8690133,2.790978,2.874237
4jhw,F,K,176, ,1.7287304,2.466296,2.9490502,2.532092,1.499416,2.9576633,3.2890682,1.651392,3.4092877,3.1944525,2.2688766,3.1913364,2.6546366,2.807522,2.1922467,2.6592622,3.1921413,2.955817,3.1456463,3.1399546
4jhw,F,A,177, ,2.4541094,3.2381089,3.1362967,2.6829782,0.78218853,2.7097354,3.316751,1.6015728,2.9754124,2.4775846,2.0685787,2.6871076,2.5602956,2.3934646,2.0209808,2.7162528,2.8396344,2.5704823,2.7807064,2.5212646
4jhw,F,V,178, ,1.4203802,2.3333728,3.1054788,2.643503,1.0591494,3.2582238,3.3802311,1.5121226,3.406073,2.9910164,2.0913067,3.175613,2.782245,2.5710225,2.6204479,2.5968604,3.090136,2.6500487,3.166209,3.2477448
4jhw,F,V,179, ,1.7900124,2.6897206,3.1857429,2.0960283,1.1218083,2.5398266,3.9008896,1.3199768,3.707045,3.1485014,1.6185465,3.1127763,2.2854376,2.0214925,1.8675063,2.2500386,3.1298723,2.1821094,2.6509721,2.658937
4jhw,F,S,180, ,1.7791344,2.5954566,3.0948684,2.7810025,1.9488652,3.1358237,3.2316067,1.9241438,3.2105987,2.959473,2.4164343,2.992921,2.7834935,2.8480763,2.5912511,2.6885717,3.0469158,2.8789372,3.0083003,2.9647968
4jhw,F,L,181, ,1.7318571,2.1317468,3.153643,1.9894478,1.7681344,2.6119616,3.170706,2.0592384,3.3902168,4.07334,1.931826,3.2059834,1.7035688,1.7486744,1.7298723,2.0357904,3.3716636,1.7603447,2.806674,2.6657002
4jhw,F,S,182, ,2.5981944,2.9277842,3.1081617,2.8736138,2.2692876,2.8414779,2.9178197,2.4921288,2.9032238,2.9271398,2.7267451,2.9013882,2.7698276,2.8138232,2.6716123,2.7983592,2.7891076,2.7894673,2.7168858,2.555781
4jhw,F,N,183, ,2.3732967,2.6898332,3.1521153,3.1743507,1.457151,3.2859638,2.4027007,3.354044,2.5282688,2.922793,3.3148322,2.816246,2.5927396,2.3580725,2.647531,2.64763,2.5758004,2.3419049,2.4681487,2.439772
4jhw,F,G,184, ,4.325871,2.6580503,3.3941283,2.707048,1.4432195,2.1635854,1.9168524,2.6351402,1.8141358,2.7252696,2.9837196,2.841619,2.7771246,2.711522,2.5243492,2.8317282,2.7793713,2.6014416,2.5859854,2.4198232
4jhw,F,V,185, ,2.033157,2.789188,3.100988,2.669755,1.1531839,2.9206226,3.088162,2.5303593,3.1044593,3.048431,2.4060426,3.19029,3.0089996,2.604118,2.9805722,2.5744328,2.681649,2.623473,2.5571866,2.6792784
4jhw,F,S,186, ,1.4755967,2.3556962,3.1227908,2.6954157,1.7433312,3.2050042,3.266234,1.7807071,3.2730384,2.9106529,2.1872363,3.0041118,2.7279837,2.62957,2.6559734,2.5939305,2.9603238,2.6139812,3.0183206,3.1313744
4jhw,F,V,187, ,1.7345035,2.193703,3.0345979,1.7856649,1.4049073,2.3180747,3.7147422,1.2317407,4.0104957,3.821832,1.5042584,3.2749467,1.6928629,1.5852821,1.5266716,2.009616,3.7619224,1.7996563,3.1467273,2.7570522
4jhw,F,L,188, ,1.4587036,2.1650224,3.088568,2.026989,1.785731,2.6541052,3.568344,1.5665778,3.8280978,3.79537,1.9160601,3.2798889,2.2633,2.3105707,1.9904146,2.3294303,3.2373154,2.3999257,3.1227832,3.127279
4jhw,F,T,189, ,1.6473398,2.6209483,3.2947698,1.7118347,1.4934659,1.9651499,4.156142,1.2761506,3.8403187,2.922339,1.3468485,2.4495673,1.4107804,1.525362,1.3183194,2.1607864,3.632129,1.5056617,3.3798614,2.9035788
4jhw,F,S,190, ,1.5593868,2.561898,3.110641,2.0256138,0.81169474,2.3565269,3.9325175,1.2670764,4.0036097,3.4259477,1.371794,3.1608548,1.8082507,1.560955,1.522333,2.059892,3.4927127,1.6288933,2.947101,2.7554965
4jhw,F,K,191, ,1.5854895,2.2470694,3.258654,1.9847116,1.2517288,2.4945617,3.485866,1.3785084,3.7050834,3.8263214,1.8892466,3.361461,2.3222363,2.8373404,1.8388174,2.2432175,3.026815,3.072953,2.907563,3.0478113
4jhw,F,V,192, ,1.5643772,2.5937111,3.0435054,2.2066905,1.7824304,2.880735,3.78287,1.665754,3.9808152,3.7084146,1.899576,3.106825,2.1102872,1.921189,1.7932103,2.1570582,2.7491384,1.9041388,2.3777947,2.4176304
4jhw,F,L,193, ,1.7677721,2.2650402,3.1107266,2.1190093,1.4732001,2.3209186,3.1644995,2.0705404,3.476766,3.8570313,1.956369,3.496959,2.329664,2.0864866,2.1248984,2.2280126,2.9561195,2.1013424,2.6470141,2.763604
4jhw,F,D,194, ,1.8466482,2.6065378,3.3147025,2.7911592,2.2533188,2.7465405,2.9676538,3.1199572,3.0054753,2.8955865,2.7579708,2.887205,2.721159,2.380158,2.9956193,2.7400799,2.8076196,2.3534641,2.8187404,2.9668067
4jhw,F,L,195, ,1.6237593,2.300618,2.9810004,1.6926638,1.7065878,1.9854826,3.1274955,1.7054971,3.738562,4.4997396,1.5815425,3.5811353,1.7259665,1.6362932,1.6194613,1.8370972,3.2509422,1.6800665,2.5925622,2.5862737
4jhw,F,K,196, ,2.335072,3.0793972,2.8719878,2.7297666,1.3162022,2.5018983,2.6513839,1.6425825,2.7451458,2.9545608,2.3608856,3.0170982,2.845775,3.3657348,2.2474427,2.8101509,2.855582,3.5382907,2.9970186,2.8020225
4jhw,F,N,197, ,2.365248,3.039088,2.8270452,2.8053596,0.8662206,2.7344272,2.7416928,2.804481,2.9067433,3.0258636,2.920425,3.0196302,2.9465418,2.944764,3.0363312,2.9214115,2.8124008,3.1041594,2.900002,2.7076201
4jhw,F,Y,198, ,1.5804636,2.5952072,2.9419782,2.0596623,1.1640786,2.2444706,2.97213,1.563714,3.3375125,3.257166,1.7169979,3.0748813,2.008687,1.9682127,1.8175008,2.579274,4.2261243,2.132277,3.9860947,3.9682667
4jhw,F,I,199, ,1.6743109,2.1192565,2.8260934,1.6715066,1.3809371,2.218627,3.6714027,1.3818684,4.3779235,4.1330924,1.7409995,3.5284011,1.7434046,1.8289204,1.4633981,1.8609817,3.2943134,1.9909236,2.6095538,2.6801958
4jhw,F,D,200, ,2.1121507,2.7595038,2.982158,2.7196007,0.5909008,2.8522758,2.9345813,2.0434718,3.1494899,3.292225,2.5043461,3.1778047,2.978726,2.8864045,2.7290692,2.7669408,2.9189124,2.9668417,2.9507847,2.7939367
4jhw,F,K,201, ,2.6146243,2.9703667,2.8867059,2.904756,0.8693186,2.8093102,2.639553,2.708218,2.7534504,3.0110433,2.8850894,2.9653387,2.9644408,3.039558,2.8861945,2.834042,2.7274196,3.0263352,2.6781352,2.4436638
4jhw,F,Q,202, ,2.0421233,2.9322283,2.999156,2.59069,0.5764147,2.761866,3.0175183,2.339374,3.1627502,3.2131565,2.454797,3.19605,2.9739442,2.977323,2.8327248,2.7783294,3.0448253,2.9984133,2.9866376,2.9161837
4jhw,F,L,203, ,1.7155921,2.1850421,2.8958898,1.8774236,1.5036014,2.0835633,2.585378,1.6606287,3.0780463,3.4721408,1.7405668,3.0805676,1.6375778,1.5390279,1.5464641,2.1782012,4.791459,1.7991698,4.0366516,4.1433234
4jhw,F,L,204, ,1.8010981,2.5156553,2.9162962,2.2809625,1.0358483,2.6625986,3.0955322,1.3678017,3.5286984,3.8202362,2.2433803,3.490331,2.5959263,2.7933161,2.1074913,2.409297,3.087564,2.9884806,2.8305466,2.9025054
4jhw,F,P,205, ,2.4911551,3.0072567,2.9804878,2.7770123,1.4737933,2.69973,2.7123768,2.6174462,2.919215,2.9650624,2.7025087,2.9287784,2.9229329,2.998066,2.8825107,2.8187556,2.8610077,3.1005075,2.8817043,2.8394456
4jhw,F,I,206, ,1.7508065,3.0705647,2.8463273,2.4014475,0.7585007,2.4843624,2.9785886,2.024396,3.3131433,3.4464397,2.2826853,3.2765858,2.770977,2.6750755,2.644811,2.6227014,3.0949898,2.7307591,3.06115,3.1266854
4jhw,F,V,207, ,1.6416037,2.5252361,2.8796344,1.8650116,1.2679303,2.2121425,3.7165966,1.0719111,4.326907,3.9605765,1.5663452,3.4233499,1.7960584,1.8268955,1.3659616,1.6973588,3.02425,2.032802,2.525249,2.58776
4jhw,F,N,208, ,2.3701608,2.9347908,2.8914247,2.731793,0.7201127,2.6974926,2.6666336,2.332929,2.8899117,3.164948,2.8110614,3.182464,2.9410634,2.9422894,2.670695,2.9214406,3.0745683,3.0908012,3.0278463,2.8470693
4jhw,F,K,209, ,2.5745769,3.0028412,2.9232295,2.8396907,1.441314,2.6996863,2.7252152,2.578589,2.8784208,3.000754,2.7325985,2.989242,2.9169204,2.9217515,2.8474493,2.8575063,2.8182359,2.9527712,2.7629557,2.6898937
4jhw,F,Q,210, ,2.6569011,2.7759213,3.0127082,2.859518,2.0352502,2.8029377,2.5628552,2.5748172,2.6851506,3.0633302,2.9377208,2.9783034,2.671285,2.6259308,2.464391,2.9102654,2.9568644,2.612581,2.8370862,2.7671685
4jhw,F,S,211, ,3.498937,2.7515414,3.1064038,2.8606584,2.0705261,2.6282554,2.3821588,2.8927865,2.4089813,2.858871,3.0889683,2.9429784,2.8791244,2.8602452,2.7225544,2.8909488,2.838534,2.822735,2.7465656,2.6233194
4jhw,F,C,212, ,2.5313792,2.9725456,3.154803,2.5327885,2.4891844,2.5094755,3.0610223,2.1530175,3.128894,3.1474926,2.320819,3.0178928,2.3243084,2.4038997,2.229418,2.4201486,3.1229038,2.4043703,2.9015567,2.9727778
4jhw,F,S,213, ,2.1949344,2.7292671,3.0214179,2.7508676,1.7501023,2.9232879,2.958315,2.365519,3.0539136,2.9557452,2.646316,2.9207358,2.766917,2.7762508,2.7125237,2.8550053,2.9796312,2.8325012,2.9741006,2.895495
4jhw,F,I,214, ,1.8552153,2.4835892,2.9436367,2.013754,2.2836487,2.3421552,3.307753,1.8488356,3.6424356,3.77676,1.9610494,3.0801492,2.024035,1.901935,1.8075974,2.0331633,2.9455914,2.0488193,2.4847202,2.604636
4jhw,F,S,215, ,2.2414942,2.8348997,3.0764844,2.8035054,2.7556615,2.8658423,2.894061,2.699267,2.9062917,2.9762344,2.7370143,2.944259,2.864498,2.8564463,2.9273517,2.814224,2.7879624,2.7879074,2.7773635,2.8067725
4jhw,F,N,216, ,2.2656734,2.731076,3.2070243,3.1710315,2.2721877,2.9115682,2.54719,3.1771924,2.6057823,2.6276803,3.1959355,2.7498035,2.706702,2.6518188,2.6020422,2.9105818,2.6726296,2.7465787,2.6968122,2.5958984
4jhw,F,I,217, ,2.2257316,2.7822874,2.8702629,2.5325458,2.7784636,2.671846,2.987554,2.407362,3.1573482,3.200931,2.354999,3.0502152,2.6935682,2.7891722,2.7118094,2.6699727,3.0208693,2.8662934,3.070418,3.0698347
4jhw,F,E,218, ,2.5444293,2.9775124,2.852565,2.8112154,2.2293048,2.7528932,2.72258,2.7901807,2.7815537,2.9123657,2.6533463,2.8439326,2.92325,2.9513462,2.9988618,2.862072,2.824737,2.8422008,2.8364825,2.9100664
4jhw,F,T,219, ,1.6596941,3.0296104,2.9105046,2.3194788,1.0452154,2.7636745,3.423729,1.9553096,3.647335,3.35896,1.8990974,3.084316,2.3390393,2.121613,2.0576046,2.3060484,3.0183895,2.166089,2.7763436,2.8555434
4jhw,F,V,220, ,1.4619586,2.374641,2.7552743,1.6253926,1.3016199,2.0692906,3.6996684,1.0293138,4.283235,4.048234,1.3287606,3.3886695,1.8802907,1.8347318,1.4075058,1.93013,3.442498,1.9649296,3.1059422,3.082091
4jhw,F,I,221, ,2.1811495,2.9366736,2.8633876,2.711242,0.5573527,2.704314,2.786562,2.566697,3.0078092,3.001243,2.7924018,2.9804137,2.94844,3.0043635,2.9377723,2.7826877,2.669395,3.1366417,2.705822,2.7299478
4jhw,F,E,222, ,2.1255813,3.0464008,3.06064,2.6653564,0.71648854,2.6636376,2.7697196,2.7209973,3.0038173,3.1210017,2.6580021,3.088919,2.99108,2.8793156,3.0852082,2.723706,2.9164453,2.965487,2.890655,2.9465048
4jhw,F,F,223, ,1.7525867,2.7325377,2.850202,1.8823195,1.2769375,1.9308856,2.9853196,1.3353215,3.483694,3.7833428,1.6391163,3.1684802,1.7113945,1.5202844,1.4366155,1.9428847,4.1527176,1.7120314,3.5846367,3.3856387
4jhw,F,Q,224, ,1.9128119,2.8322196,3.0154958,2.521422,0.08068065,2.615271,3.004127,1.6497629,3.2925606,3.2522533,2.2890995,3.2310605,2.9284353,2.934008,2.7674928,2.7222836,3.0786781,3.0935547,3.156756,3.0690942
4jhw,F,Q,225, ,2.3980489,3.0013494,2.891746,2.807292,0.6378519,2.7520134,2.7366483,2.677658,2.9675996,3.0180364,2.7921996,3.0280483,2.990192,3.0377443,2.9200873,2.79148,2.7766387,3.0730102,2.7967057,2.7799368
4jhw,F,K,226, ,1.576755,2.9431942,3.1810467,2.0701017,1.0946946,2.2128286,2.9380562,1.2187263,3.355095,3.8690116,1.9254376,3.635672,2.367176,2.5646863,1.7107149,2.474974,3.2247684,2.584814,3.1110113,2.964403
4jhw,F,N,227, ,1.6785837,2.5842984,2.8951592,1.9865377,1.3697917,2.3817258,3.649472,1.5385406,4.002305,4.0939336,1.864206,3.0965931,1.6583354,1.7020403,1.4512507,1.7059177,2.5854383,1.840325,2.1352592,2.213945
4jhw,F,N,228, ,2.3964734,2.9706237,2.9503984,2.7662654,0.840923,2.827191,2.8605585,2.4198036,3.0198212,3.1292484,2.7970939,3.084451,3.05309,3.0994947,2.9582176,2.8014572,2.681156,3.2366474,2.7030234,2.716831
4jhw,F,R,229, ,1.7390263,2.7520964,2.9727278,2.2847347,1.6139386,2.7119958,3.1854062,1.6070637,3.4443092,3.4189143,1.9657784,3.2424748,2.5266223,2.5438175,2.0683186,2.47992,3.4044578,2.7992678,3.3173785,3.198851
4jhw,F,L,230, ,1.5326282,2.2471623,2.9297628,1.577517,1.5861857,1.8955368,3.2108967,1.4340842,3.7434044,4.0462456,1.4786643,3.4991233,1.3856531,1.2508239,1.3138345,1.8201382,4.357782,1.448279,3.5609696,3.5397885
4jhw,F,L,231, ,1.8140581,2.6959546,2.878056,2.4475937,0.7553425,2.6229796,3.1314743,1.806723,3.49142,3.574679,2.4281704,3.3509407,2.7366984,2.6628768,2.3855016,2.6065822,3.041661,2.8548474,3.0544307,3.0005627
4jhw,F,E,232, ,2.2637384,3.500995,2.9587724,2.817286,0.4050583,2.505443,2.6918888,2.1357973,2.6838443,2.8428617,2.5655544,3.032755,2.9355164,2.750049,2.8539705,2.79744,2.721103,2.9219518,2.8434043,2.8828108
4jhw,F,I,233, ,1.549132,2.3931644,2.8993964,1.7335218,1.2066137,2.4232144,3.8448296,1.3183553,4.527721,4.006182,1.6239965,3.3994396,1.9485576,1.700867,1.5145149,1.6730576,2.7286677,1.9478489,2.1948488,2.4108078
4jhw,F,T,234, ,1.8695542,3.4911842,3.03397,2.4750018,0.9284503,2.616036,3.514669,1.0684464,3.3342159,2.9682763,1.6112831,2.8733528,2.090393,1.9700124,1.5689638,1.9994128,2.820742,2.139187,2.6643722,2.7208855
4jhw,F,R,235, ,2.2196307,2.9989212,2.743366,2.7268453,0.36848563,2.7193756,2.739914,2.3280396,2.9804783,3.0580862,2.742748,3.0059378,2.9626613,3.1546915,2.7781131,2.8139193,2.8929493,3.2620304,2.9349225,2.9715583
4jhw,F,E,236, ,1.638455,2.892343,2.912229,2.1669855,0.8789838,2.3086512,2.9465194,1.7279246,3.5983367,3.9482002,1.8179985,3.65194,2.4625905,2.4011886,2.5034032,2.2566292,3.0434284,2.4166994,2.8274536,2.8196163
4jhw,F,F,237, ,1.7076976,2.449224,2.9283395,1.8288944,1.7276052,2.1352835,3.0903852,1.5007904,3.6738968,4.1511297,1.8022581,3.3002326,1.7670307,1.6725082,1.635959,1.9954258,3.9383564,1.7931547,3.0719388,2.9086614
4jhw,F,S,238, ,2.175441,2.9371865,2.9120264,2.75666,0.6485116,2.7923737,2.9583747,1.6135819,3.085371,3.191462,2.5220938,3.144172,2.8937855,2.8966029,2.2352655,2.7006803,2.8293042,3.043816,2.7915504,2.7699666
4jhw,F,V,239, ,2.4482567,3.007547,2.8707325,2.8073647,0.81049776,2.7493484,2.7900941,2.723647,2.967626,3.0999563,2.82111,3.0229669,2.97129,2.890001,3.036886,2.7347608,2.7843363,2.8892334,2.702476,2.5652766
4jhw,F,N,240, ,2.2421358,2.9800072,2.9246829,2.8731856,0.86420125,2.8168051,2.5268312,1.9175603,2.4126077,2.8755941,2.9714794,2.9942858,2.777986,2.8873734,2.36384,3.1884346,3.0261416,2.8812494,3.0706263,2.8527672
4jhw,F,A,241, ,3.9423497,2.8350627,3.3638911,2.8095727,1.1947391,2.1406226,1.947931,2.7993534,1.9163506,2.744332,3.3134644,2.9769294,3.053644,2.9869034,2.6810412,3.0734417,2.6931458,2.8920593,2.5741835,2.3496368
4jhw,F,G,242, ,3.4655528,2.9507747,3.2542472,2.6454535,2.3015645,2.4160929,2.5248618,2.2838635,2.588428,2.9865923,2.641643,2.979883,2.5547438,2.3481946,2.3275282,2.6376157,2.8550558,2.4127386,2.7115712,2.761166
4jhw,F,V,243, ,1.4839394,2.3853574,3.0697143,2.1536372,1.5227789,2.7428892,3.68868,1.4301215,3.79385,3.2390888,1.9312414,3.0586352,2.2854114,2.167382,2.0015767,2.3638515,3.2312896,2.2284725,3.192473,2.9309373
4jhw,F,T,244, ,1.5929358,2.5147495,3.033936,2.0404441,1.7642958,2.488036,3.8958893,1.4368021,3.8169322,3.1367917,1.8193239,2.826303,2.0923166,2.1586647,1.7212441,2.4448566,3.133396,2.2092261,2.952951,2.6800694
4jhw,F,T,245, ,2.002513,2.771176,3.007494,2.7789268,2.087693,3.0239673,2.990335,1.9613154,2.9750767,2.9255302,2.4747665,2.9779446,2.7839332,2.936143,2.4497893,2.7216175,3.0350628,2.98492,3.0589316,2.9027746
4jhw,F,P,246, ,2.5897465,2.7695794,3.0201528,2.8142617,2.2493107,2.8787673,2.8567624,2.4094555,2.8870864,2.868028,2.7083504,2.9331663,2.8199341,2.7654603,2.788792,2.8095868,3.003297,2.817511,3.0574088,2.8618064
4jhw,F,V,247, ,1.4678586,2.239082,2.8005376,1.6355327,2.3642921,2.2762532,3.8060493,1.6178354,4.3038955,4.214856,1.6384023,3.3471227,1.6416346,1.6146772,1.5046093,1.7289855,3.0119705,1.6445086,2.3099146,2.3127437
4jhw,F,S,248, ,2.7727194,2.739533,2.8694012,3.5412402,2.7855008,3.583409,2.3826528,2.9175446,2.3037612,2.615087,3.0815725,2.5047283,2.5271184,2.6379428,2.4647732,2.7185972,2.207388,2.6205392,2.1403155,2.182299
4jhw,F,T,249, ,2.3855414,2.8066278,2.945683,2.7449498,2.7944255,2.8116424,2.8737617,2.969576,2.9505634,2.8856192,2.710143,2.870355,2.7384539,2.7204874,3.0033884,2.8376148,2.8324947,2.6957712,2.854813,2.988834
4jhw,F,Y,250, ,1.9702194,2.871937,3.005346,2.5485806,1.8766311,2.5518687,3.031077,2.0613837,3.0957525,3.1740932,2.4459128,2.9763083,2.5362687,2.3563092,2.2187724,2.7945015,3.1524568,2.337282,3.1477718,3.0887842
4jhw,F,M,251, ,1.6131763,2.2639077,2.9354832,1.997551,1.5900962,2.3522546,3.2701805,1.7114938,3.8974407,4.0960784,1.8402332,3.5127845,2.4283497,2.4006956,1.7893339,1.9476101,2.973209,2.5478768,2.2833323,2.2411368
4jhw,F,L,252, ,1.4295489,2.1634393,2.9627461,1.6199048,1.5498874,2.0905018,3.6888871,1.719376,4.085283,4.357165,1.6081702,3.5122428,1.7093376,1.4760956,1.6675373,1.7514334,2.9449878,1.5351182,2.3208654,2.5473151
4jhw,F,T,253, ,2.6670775,2.6588295,2.8729699,3.5103672,2.3243942,3.632382,2.247411,2.866698,2.2369828,2.6459303,3.0981834,2.544219,2.5019014,2.667369,2.3636956,2.821093,2.4026508,2.8225951,2.4396298,2.3112707
4jhw,F,N,254, ,2.1362062,2.7311816,2.8163142,2.50527,2.5588145,2.7312503,3.0425384,2.690321,3.1837068,3.2070923,2.4615247,3.0970716,2.7725792,2.6726818,3.0228038,2.683033,2.906948,2.7634876,2.9139738,2.99086
4jhw,F,S,255, ,2.5633106,2.929011,2.7402415,2.8073938,2.4006467,2.7044225,2.6836982,2.915587,2.739234,2.8418803,2.6638312,2.7893288,2.9138443,2.7965145,3.086429,2.797875,2.771336,2.7185853,2.7855124,2.7925234
4jhw,F,E,256, ,1.8645607,3.1419299,3.0234492,2.497533,0.960165,2.5986817,3.0814996,3.0787919,3.1413047,2.9197717,2.2318988,2.9817288,2.932402,2.0091825,3.1650846,2.6539254,2.859018,1.8841951,2.772662,2.614517
4jhw,F,L,257, ,1.6092192,2.2973244,2.9465892,1.7027855,1.284414,2.230331,3.1612537,1.5436556,3.7129548,4.4790688,1.4066683,3.6218884,1.6912787,1.5237939,1.7138491,1.6163937,3.6830547,1.7257315,2.7865615,2.7586725
4jhw,F,L,258, ,1.9146181,2.6768985,2.939219,2.416097,0.53130066,2.6617553,3.0811954,1.7974659,3.377159,3.4101646,2.6487172,3.1772327,2.8877296,3.0211735,2.6909573,2.7001112,2.7698278,3.1775258,2.856543,2.7788913
4jhw,F,S,259, ,2.5717034,3.1627238,2.9363506,2.8315673,0.61096716,2.6022422,2.5153039,2.7948546,2.7210839,2.9967167,2.7638135,3.0533555,3.0336518,3.0093536,3.007307,2.7643409,2.6977744,3.0679138,2.6986537,2.8110185
4jhw,F,L,260, ,1.4704216,2.695623,2.9700665,1.780942,1.3409966,2.1610563,3.4428775,1.3066189,4.0190287,4.1103354,1.626898,3.371648,1.8878781,1.8703573,1.5585976,2.0465329,3.3279617,2.0084357,2.9820738,2.7936502
4jhw,F,I,261, ,1.4884058,2.1679769,2.8397527,1.5666859,1.4411068,2.2880385,3.9448917,1.1537837,4.779214,4.0359597,1.436627,3.2983177,1.5764605,1.65708,1.3306412,1.496205,3.0665562,1.8487555,2.1892567,2.320845
4jhw,F,N,262, ,2.5371404,3.1217613,2.849703,2.866704,0.4997964,2.6891773,2.6322567,2.565936,2.8016047,3.066529,2.92846,3.131475,3.0459707,3.081378,2.9490566,2.9042442,2.8255181,3.198664,2.8604646,2.7579587
4jhw,F,D,263, ,2.3195515,3.079485,2.9895992,2.7926445,0.9100407,2.6529753,2.6531258,2.5174477,2.7259257,3.281551,2.7814603,3.1522381,2.8707538,2.7739978,2.7839098,2.9082484,2.9167619,2.7354426,2.8428519,2.7629309
4jhw,F,M,264, ,1.6496522,2.348168,2.8487973,2.1370914,1.6267904,2.2369227,3.097038,1.8301703,3.7987843,4.1620836,1.8915507,3.766354,2.0651155,1.8306576,1.7850168,2.0064168,3.235511,1.9200041,2.4901423,2.7754397
4jhw,F,P,265, ,2.7629414,2.941897,3.0482776,2.8447104,3.370357,2.7074428,2.704564,2.9433765,2.7019422,2.7661867,2.8333216,2.7906919,2.8763275,2.7928033,2.925586,2.8235898,2.6767354,2.705214,2.6780827,2.5686624
4jhw,F,I,266, ,1.4547231,2.3795722,3.224667,2.1369853,1.5169526,2.7037334,3.4061375,1.4610522,3.6023812,4.2276077,1.6732296,3.726548,2.0630403,1.8715079,1.823406,1.8198265,2.8894222,1.7927444,2.4922194,2.67371
4jhw,F,T,267, ,2.9428768,2.6425874,2.667106,3.8560784,2.7629838,3.9343026,2.0315454,3.4215093,2.0809731,2.4101748,3.1443102,2.2574067,2.3466687,2.428142,2.5398827,2.5757482,2.014084,2.3859053,1.9403732,1.8463274
4jhw,F,N,268, ,2.393608,2.9425106,2.7378345,2.6895232,2.9656186,2.6942954,2.8062723,2.791953,2.8484142,2.9246547,2.5984654,2.8657353,2.9195385,2.92235,2.9402199,2.8103704,2.7377675,2.8976388,2.7314382,2.7375405
4jhw,F,D,269, ,2.5669043,2.971299,2.8305886,2.8422866,2.1911068,2.8131921,2.741486,3.0403526,2.7832413,2.8604212,2.6405802,2.828685,2.8745468,2.775416,3.129664,2.7321303,2.8403125,2.7473414,2.8817303,3.0198407
4jhw,F,Q,270, ,1.6856607,2.920125,2.9666128,2.407098,1.1202502,2.9754033,3.3247123,2.2888603,3.3463948,3.0207639,1.9264925,3.2057915,3.2887032,2.323872,2.782075,2.443804,2.724792,2.2147655,2.5000575,2.4724717
4jhw,F,K,271, ,1.5155985,2.7178764,2.7409446,2.2928405,0.89122105,2.6516402,3.567329,0.9111842,3.890129,3.2006588,1.7459606,3.3125877,3.1571877,3.3791661,1.9418093,2.2057087,2.5125704,3.54105,2.4585557,2.305013
4jhw,F,K,272, ,2.3202653,3.041612,2.8629897,2.7675688,0.7018277,2.7438953,2.7485511,2.7032807,2.9848278,3.0190887,2.7680614,2.9789844,3.0129046,3.102569,2.9592352,2.7872372,2.6585803,3.1853547,2.682562,2.8300664
4jhw,F,L,273, ,1.6440073,2.7953606,2.9019594,1.9866054,1.0011008,2.3577943,3.1409357,1.5246079,3.4273498,3.859508,1.6613181,3.1843636,1.9170908,1.6611246,1.8620071,2.3289118,3.7438827,1.781895,3.4678028,3.4455752
4jhw,F,M,274, ,1.6858118,2.59524,3.0038714,1.9563076,1.4838197,2.0940542,2.9470503,1.3402504,3.6837554,4.2722096,1.5217842,3.8474689,1.9787449,1.8239107,1.5964906,1.6069734,3.3332088,2.0344317,2.5341954,2.7003016
4jhw,F,S,275, ,2.2068448,3.026249,3.009157,2.7361903,0.2449204,2.8357618,3.1303,1.6412548,3.2832413,3.0502958,2.3241336,3.176083,2.9432578,2.8888547,2.7176235,2.4641922,2.6228185,3.034126,2.6192174,2.393861
4jhw,F,N,276, ,2.4761853,3.079699,2.8138826,2.8842998,0.69148207,2.7408128,2.608575,3.0355349,2.8000045,3.00419,2.8499634,2.9619505,2.9973302,2.7801504,3.1762707,2.781139,2.794089,2.7696526,2.7685103,2.6281164
4jhw,F,N,277, ,1.6107172,2.726719,3.1872046,2.4213734,1.0298903,2.4502199,2.9724088,1.5828617,2.883338,2.9709895,2.5527816,2.9128757,2.265366,2.01267,1.7915013,2.9990273,3.6857402,2.1091187,3.6424592,3.0480185
4jhw,F,V,278, ,2.076596,2.9360235,2.767342,2.431662,2.5954833,2.610919,3.3457458,1.9054686,3.444556,3.2214894,1.956204,2.9939702,2.4519582,2.385542,2.5048556,2.2955256,2.8046515,2.386307,2.7715569,2.8542323
4jhw,F,Q,279, ,2.5082982,2.9498734,2.9068723,2.8331485,2.4941983,2.7867002,2.755763,2.949332,2.7903132,2.8344162,2.6816897,2.7670717,2.8627965,2.7324004,3.1125605,2.8019485,2.7984796,2.5982435,2.856423,2.911925
4jhw,F,I,280, ,1.6227341,2.8485136,2.9103613,2.195997,1.3467197,2.591614,3.3933487,2.0241907,3.6518238,3.4859147,1.9483677,3.1960773,2.2288902,1.961426,2.2170806,2.3331692,3.2993534,1.9306332,3.139267,2.8667274
4jhw,F,V,281, ,1.5467485,2.7385666,2.867414,1.8454759,1.4035219,2.5840068,4.014488,1.3331275,4.146977,3.8635082,1.4397018,2.9377995,1.4384785,1.2305733,1.412329,1.6439116,2.775849,1.3520467,2.222132,2.437593
4jhw,F,R,282, ,1.8151982,2.7380326,2.9559045,2.3220394,1.0930567,2.6135077,3.1291327,1.5024995,3.4790778,3.4973354,2.1670694,3.2664294,2.7530577,3.14008,2.2953038,2.328203,2.8735633,3.4175155,2.8987563,2.7548075
4jhw,F,Q,283, ,2.1978774,3.1189704,2.8871307,2.7310977,0.73279583,2.6132922,2.665221,2.4992146,2.9147964,3.3156853,2.6152625,3.275381,3.0500393,2.987884,3.0557895,2.667441,2.7842252,3.0401862,2.8196187,2.812797
4jhw,F,Q,284, ,1.7474906,2.4759333,2.9963212,2.2681074,1.2401559,2.4722695,2.9072623,1.8446621,3.3584905,3.9188728,2.2932186,3.3489327,2.2179792,2.1929421,2.0257957,2.4012809,3.2604098,2.2320893,2.9778438,2.7728238
4jhw,F,S,285, ,2.3666463,3.4210174,3.2062874,2.7808692,1.0135214,2.649991,3.1246057,1.6080278,2.9904132,2.9920175,1.7041191,3.0513916,1.9776967,1.5739424,1.6287276,1.7660103,2.5360718,1.6361418,2.0419993,2.1854768
4jhw,F,Y,286, ,1.6501663,2.1629896,3.0607064,2.2138908,1.3248577,2.3826108,3.0089195,1.7110189,3.238046,2.76802,2.066263,2.8779309,2.20458,2.2311802,2.089868,2.7392328,4.1434507,2.5708816,4.250082,4.0163326
4jhw,F,S,287, ,1.6942966,3.1649642,3.037254,1.871385,1.2075795,2.256147,4.492049,1.1638683,4.120956,2.9734719,1.1482601,2.5917678,1.4654812,1.4884816,1.244868,1.4515789,2.4709237,1.6176059,2.0655322,2.1450737
4jhw,F,I,288, ,1.3946445,2.0939748,2.9162846,1.6711508,1.1989311,2.2784312,4.1036673,1.4772894,4.4205275,3.6360106,1.5149877,3.2139924,1.9452848,1.8141578,1.8700278,2.0314322,3.2068405,1.9074615,2.8478642,2.6059222
4jhw,F,M,289, ,1.6817583,2.2411835,3.0806403,1.6251866,2.119447,1.6561375,3.3523288,1.694285,3.814883,4.3017488,1.5394871,3.4663677,1.715305,1.6682209,1.7470716,1.844075,3.7577274,1.6517417,2.9017026,2.8830557
4jhw,F,S,290, ,2.1117184,3.207152,3.180656,2.6145098,1.6508526,2.8215985,3.5360858,1.5615615,3.3951325,3.183663,1.5668042,2.734276,1.807121,1.5926532,1.5581776,1.8566906,2.5536306,1.4779234,2.2030516,2.1609094
4jhw,F,I,291, ,1.9024246,2.5618584,3.1343017,2.6489794,1.5880618,2.9001434,3.1943636,2.2933767,3.3733497,3.2470002,2.3154297,3.053851,2.6046095,2.1231549,2.3859146,2.3798997,2.981375,2.0919087,2.761884,2.7155154
4jhw,F,I,292, ,1.4838636,2.1631234,3.060553,1.8831108,1.4869001,2.276232,3.670173,1.4757038,4.091787,3.7360845,1.6543827,3.4431458,2.0765865,1.847509,1.6592623,2.0795999,3.3490062,1.9092779,2.8396342,2.9520261
4jhw,F,K,293, ,2.3967528,2.8481627,3.0729187,2.6960013,1.8157971,2.7200885,2.9051468,2.4227824,2.9850192,3.0178647,2.4394717,3.0146682,2.876244,2.8170474,2.815196,2.7283962,2.8711267,2.801611,2.8856876,2.8371024
4jhw,F,E,294, ,3.2440064,2.907882,3.19869,2.8530393,2.4018388,2.5568635,2.3932922,3.2047439,2.3788095,2.7358575,3.0027099,2.8127434,2.7699337,2.4850466,2.965857,2.9195688,2.862873,2.5140862,2.8069725,2.7087922
4jhw,F,E,295, ,2.7920647,2.8446946,3.2803893,2.8264842,2.005513,2.6673665,2.586043,2.806867,2.6349635,3.0426536,2.864742,3.0328944,2.8539984,2.618586,2.7479835,2.8959825,2.9589496,2.670733,2.9331253,3.0201466
4jhw,F,V,296, ,1.312386,2.3622425,3.0671322,1.8209616,1.091687,2.3675866,3.9848456,1.2231699,3.975989,3.7291656,1.3623321,3.0972524,1.5849063,1.399843,1.587499,1.856395,3.342141,1.4377948,2.8781939,2.7773864
4jhw,F,L,297, ,1.4818666,2.2960434,2.9149575,1.2538389,1.1708256,1.7491891,4.150012,1.2276151,4.523206,4.133077,1.0151743,3.3515797,1.4112383,1.2973826,1.3991941,1.5076346,3.409205,1.3312554,2.7165918,2.4885452
4jhw,F,A,298, ,1.3873088,2.0544505,2.9946046,1.4783751,1.1266648,2.0464065,4.097435,1.3135526,4.530687,3.7348657,1.3198926,3.192308,1.4328,1.3462362,1.4579138,1.820236,3.6735814,1.3989431,2.9924994,2.7774994
4jhw,F,Y,299, ,1.4928975,2.1460032,2.8753543,1.4703157,1.0902616,1.8660988,3.8962913,1.1585438,4.3752313,3.7951767,1.2052587,3.3027961,1.4224064,1.2596366,1.3350931,1.6559753,4.0989547,1.3738873,3.1582189,2.8383272
4jhw,F,V,300, ,1.392846,2.0709782,2.9808698,1.6180273,1.4837682,2.5863228,4.621539,1.3532515,4.6129847,3.2478328,1.4025505,2.5839698,1.4890974,1.5964785,1.4405574,1.5836114,2.4919963,1.5883026,2.0749736,2.2158089
4jhw,F,V,301, ,1.2695459,2.0816872,2.9494765,1.2754745,1.295703,1.955306,4.6471777,1.4099588,4.7583966,3.725409,1.3061336,2.7697587,1.2404915,1.3697037,1.2424383,1.5062816,2.6054072,1.3312657,2.0356793,2.04335
4jhw,F,Q,302, ,1.4751142,2.1079152,2.955017,1.7399905,1.5056959,2.1909165,3.879594,1.8235352,4.1475773,4.2436957,1.458461,3.2007565,1.964447,1.837459,1.9611638,1.6839418,2.615477,1.7657045,2.3129172,2.415561
4jhw,F,L,303, ,1.5170571,1.8756987,2.980147,1.3116077,1.6196508,2.0812502,4.0218515,1.3732497,4.64202,4.410786,1.2966766,3.4442818,1.4060869,1.3392926,1.443238,1.5392873,3.0931087,1.3394208,2.307739,2.373759
4jhw,F,P,304, ,2.258119,3.1083388,3.097571,2.4874415,3.7505016,2.4231093,3.2249026,2.0082338,3.175894,2.9118612,1.9999672,2.6694741,2.2320511,2.3708835,1.9645278,2.355992,2.6096005,2.2921586,2.6091306,2.5497081
4jhw,F,L,305, ,1.4844928,2.275986,3.107984,2.0981534,1.3295457,2.8283944,3.5973678,1.5524397,3.9051025,3.5407524,1.7673515,3.1713364,2.2463775,2.3412564,2.1246893,2.1744153,3.1961694,2.4378397,2.9789307,2.8063462
4jhw,F,Y,306, ,1.861882,2.2197416,3.077186,1.8733902,3.1387465,1.9808718,2.9254875,1.8999771,3.3624797,3.696771,1.8667676,3.101823,1.8049074,1.8810918,1.7918247,2.2660346,4.168527,2.026092,3.7983081,3.680615
4jhw,F,G,307, ,2.2455175,2.776153,3.064055,2.84659,0.8098322,2.9616475,2.998414,2.2721236,3.1500342,3.0298822,2.4263198,3.029532,2.8298252,2.7685714,2.7232552,2.6564648,2.7588258,2.7418268,2.7225003,2.69393
4jhw,F,V,308, ,1.6372082,2.4381452,3.0143733,2.2776637,1.0764408,2.4939933,3.2735848,1.9372323,3.4611557,2.8483024,2.2409358,2.9572434,2.4148166,2.3122728,2.2352753,2.9418247,3.6918552,2.3401513,3.6469855,3.3674762
4jhw,F,I,309, ,1.6303003,2.4592662,3.0866423,2.2175596,1.7101939,2.479324,3.4856064,1.671781,3.6653607,3.3933582,1.8668789,3.0718458,2.036522,1.8490683,1.7767744,2.3162115,3.3746114,1.9461069,3.165327,3.1944404
4jhw,F,D,310, ,3.9739418,2.6569748,3.4691691,2.8045886,1.3783095,2.298568,1.7368914,3.008762,1.6558495,2.677496,3.1914766,2.828298,2.7256303,2.435572,2.6308458,3.0388823,2.9306293,2.4456778,2.8616881,2.8422828
4jhw,F,T,311, ,2.0796826,2.956839,3.0881705,2.5128484,0.9676391,2.6844497,3.4104247,1.1662886,3.1931329,3.2426674,1.8902725,3.1099408,2.4315276,2.3615196,1.7716725,2.5238183,3.0547142,2.3949642,2.9105916,2.586647
4jhw,F,P,312, ,2.2727814,2.8830793,3.028452,2.820372,3.1726263,2.9125078,2.8813803,2.4050891,2.8495789,2.9892888,2.6106067,2.8870814,2.7869136,2.9273505,2.6680272,2.8413384,2.908624,2.9229145,2.8896809,2.9235778
4jhw,F,C,313, ,2.231382,3.3922844,3.2838356,2.190051,1.3927783,2.2333527,3.9986968,1.2320575,3.4199243,2.7963562,1.2368381,2.7033894,1.4771384,1.3164934,1.1031091,1.5854118,2.7054322,1.4453104,2.2781897,2.5102878
4jhw,F,W,314, ,1.5986477,2.4296753,3.0405526,2.4850483,0.42910472,2.5948007,3.0958862,1.68481,3.2058034,2.9399111,1.8928502,2.9853995,2.4123712,2.0979328,2.4433324,2.5722132,4.138769,2.3792806,3.9050584,3.8558223
4jhw,F,K,315, ,1.748786,2.3929417,3.1593225,2.1743762,1.3367846,2.0405867,2.8827815,1.9699208,3.1662445,3.461312,2.260113,3.0669885,2.8302,2.9045415,2.5802999,2.7907367,3.3582542,3.0429509,3.4397285,3.0854
4jhw,F,L,316, ,1.2924498,1.9081013,3.0455537,1.6728615,1.5079396,2.3931985,4.099952,1.4748544,4.247693,3.9589157,1.6923208,3.0295186,1.8032444,2.2837996,1.6263597,1.9232247,2.8311996,2.41441,2.5720024,2.4489515
4jhw,F,H,317, ,1.6680847,2.341465,3.1476417,2.3466625,1.431789,2.5258546,3.0883908,2.0895543,3.340426,3.2603927,2.1768298,2.9959626,2.211441,2.0457358,2.3016443,2.7378426,3.6270454,2.1693668,3.6501064,3.3984878
4jhw,F,T,318, ,1.7916386,2.7446322,2.9476132,2.0127335,1.6272799,2.4613879,4.023874,1.5401745,4.131675,3.3423138,1.6485227,2.682462,1.8262043,1.857262,1.6474308,2.0195975,2.877624,1.8271091,2.4088717,2.2599115
4jhw,F,S,319, ,2.5071015,3.27646,3.3359532,2.431545,1.6052678,2.4975264,3.4944625,1.6728218,3.1377168,2.9455068,1.7896878,2.7741494,2.008782,1.7523096,1.7594904,2.1437325,2.782353,1.8561655,2.5284843,2.5090172
4jhw,F,P,320, ,1.7994053,2.4978585,3.1079452,2.4793878,2.5093586,2.8987849,3.2246697,1.6654141,3.30104,3.1528487,2.3173478,2.962419,2.4598355,2.890791,2.0237134,2.7697358,3.0702858,3.093631,3.1195233,3.1966016
4jhw,F,L,321, ,1.6087625,2.1669667,3.0615628,1.8313147,1.5573434,2.1552606,3.4657154,1.8062919,3.9498386,4.2442055,1.7456347,3.429865,1.9486996,1.721482,1.7727499,1.9873495,3.2095478,1.7712444,2.7082825,2.7513509
4jhw,F,C,322, ,2.015562,2.7404237,3.0187814,2.2359262,1.2842314,2.38597,3.5486069,1.2542683,3.4329803,2.6385715,1.8767164,2.650269,1.9094671,2.3198533,1.3464458,2.347044,2.9896746,2.5900245,2.8803074,2.7513177
4jhw,F,T,323, ,1.9842716,2.6390347,3.180267,2.6999028,1.568161,2.6759,2.6310284,2.629424,2.9067197,3.377467,2.6163461,3.1158276,2.6981483,2.5481863,2.4954257,2.727708,2.8831317,2.568462,2.7640681,2.623488
4jhw,F,T,324, ,2.47298,2.806919,3.0587282,2.676347,2.8534303,2.8276706,3.032035,2.3033013,3.0438895,2.9003587,2.507199,2.8405037,2.5924718,2.6011415,2.4421701,2.5750217,2.7584128,2.4716363,2.7210503,2.782744
4jhw,F,N,325, ,2.7977376,2.7956967,3.0651364,3.2894788,2.1422582,3.2615838,2.4815433,3.2628837,2.5082965,2.799977,3.107883,2.714804,2.6877723,2.57787,2.7609792,2.7847705,2.3228977,2.5459602,2.2140543,2.165307
4jhw,F,T,326, ,3.049747,2.9130816,3.0087037,2.8637626,2.7244017,2.797388,2.6441293,2.9489455,2.6653666,2.8220062,2.879826,2.8103342,2.8141005,2.7679358,2.8694336,2.8453507,2.7616053,2.7157874,2.6752403,2.6390235
4jhw,F,K,327, ,2.6741583,2.931152,3.0985394,3.012473,2.2861156,2.9198706,2.6765294,2.9989796,2.6629632,2.8137739,2.9351952,2.8487267,2.9137025,2.85625,2.97735,2.9017391,2.6260748,2.8152933,2.595942,2.4288745
4jhw,F,E,328, ,2.4930742,2.8736794,2.978159,2.8386989,3.077561,2.8504918,2.838272,2.6380942,2.862195,2.89245,2.6952055,2.8565328,2.8539903,2.8089309,2.8595428,2.761961,2.7535486,2.722283,2.7186494,2.7339108
4jhw,F,G,329, ,2.907538,2.8405821,3.0699916,2.9270453,2.3973017,2.9418967,2.73555,2.9075046,2.7723784,2.8596945,2.8841128,2.80703,2.8030648,2.7636626,2.866593,2.8329093,2.7842202,2.7239985,2.7593944,2.7103317
4jhw,F,S,330, ,2.5979342,2.693396,3.2004733,2.6694646,1.9675862,2.722014,2.7817786,2.8831487,2.8527267,3.0659537,2.6559021,3.0157828,2.858391,2.469705,3.0276093,2.796803,2.905885,2.4623027,2.8937273,2.8459356
4jhw,F,N,331, ,1.9645879,2.5457706,2.9692435,2.287406,2.0656135,2.5642626,3.1525369,1.6649039,3.2932982,3.227517,2.3109071,3.1271133,2.4965744,3.0120797,1.6606039,2.6541104,2.9915109,3.2656379,2.9490113,3.0062664
4jhw,F,I,332, ,1.6954129,2.3590045,2.9845433,2.0795956,2.0990012,2.3534875,3.3243575,2.0193048,3.6346524,3.5724404,1.9651687,3.1125515,2.098926,1.8649857,2.1854007,2.3113232,3.564281,1.8834852,3.298954,3.1899507
4jhw,F,C,333, ,1.5189111,2.4471,3.17595,2.2498226,0.72841346,2.776271,4.0224066,1.0755521,3.8187728,3.1021872,1.5852444,2.9722486,2.0499134,2.3466847,1.5439794,2.152597,3.115128,2.4856381,2.9048166,2.8002992
4jhw,F,L,334, ,1.4241457,2.3230252,3.1334136,1.5608252,1.1878582,2.0058172,3.9012408,1.018601,4.2648196,3.8640018,1.1953986,3.4302616,1.6709967,1.4456737,1.4653784,1.6824211,3.6563344,1.5829175,2.9304492,2.9197507
4jhw,F,T,335, ,1.5904516,2.4778364,2.8416245,2.3976853,0.6541661,3.0435848,3.4326854,1.449914,3.6186948,3.0827699,1.9126577,3.2189574,2.6454537,2.5481665,2.252122,2.3980956,3.2281284,2.8441234,3.016294,2.960291
4jhw,F,R,336, ,1.8581375,2.2526574,2.895786,1.7713302,2.1340332,2.0673409,3.5906417,1.4373792,3.936802,3.9828782,1.7444661,3.1387658,1.9196284,2.032537,1.562999,2.0552893,3.2921212,2.3719513,2.907825,2.8467798
4jhw,F,T,337, ,1.6597786,2.4040647,3.0092292,2.2574933,1.7064598,2.5690517,3.1897416,1.9341576,3.4798641,3.8644836,2.1794412,3.3855147,2.4430628,2.4393463,2.01553,2.123465,2.7371802,2.383379,2.5039802,2.331142
4jhw,F,D,338, ,2.0044582,2.4394422,2.9454298,2.2379863,2.1698987,2.3950229,2.99896,2.3697019,3.3228493,3.8075104,2.1923099,3.2840722,2.140677,1.9090612,2.2236876,2.3125353,3.210971,2.111463,2.827232,2.9079223
4jhw,F,R,339, ,1.8539454,2.7960122,3.1151404,2.7089508,1.6731932,2.782737,2.9630122,1.9556421,3.051723,3.1079361,2.3576245,3.067737,2.7571995,2.8157253,2.4964824,2.6350825,2.97152,2.867722,2.9973316,2.9402895
4jhw,F,G,340, ,3.0140884,2.8355155,3.1817322,2.703199,1.6577756,2.619258,2.7251325,2.436091,2.703247,2.7536595,2.4784305,2.9438848,2.58617,2.1957603,2.7179997,2.6078677,3.064059,2.308058,3.0421624,2.9506583
4jhw,F,W,341, ,1.543402,1.9080276,2.983396,1.9053494,1.7906272,2.3766973,3.169793,1.8795471,3.5442085,2.9895406,2.0677824,2.7915387,1.89016,1.8587563,1.9282604,2.3041468,4.052755,2.1958861,3.9727662,4.544383
4jhw,F,Y,342, ,1.7451801,1.757354,3.0383554,1.7875236,1.5848726,1.9806602,2.8435771,1.427406,3.4214165,3.5300574,1.7396704,3.1418703,1.8851343,1.9964731,1.8284962,2.3441987,4.4365816,2.2206259,4.44304,3.6752186
4jhw,F,C,343, ,1.5910542,2.488448,3.0700076,1.6144631,1.3600996,1.8648396,4.2056923,1.100621,4.361352,3.1119008,1.3815037,2.8145123,1.3608332,1.4242069,1.1871703,1.8426597,3.6417937,1.5404232,2.8992703,2.3336868
4jhw,F,D,344, ,1.6349964,2.5536366,3.1350794,2.5185251,1.1154846,2.8098147,3.3180516,1.8132222,3.3674889,3.1927361,2.1847777,3.0593672,2.6625874,2.7124674,2.4531095,2.6108274,2.9323997,2.8044949,2.9590974,2.8762221
4jhw,F,N,345, ,2.2554286,2.7978864,2.9767861,2.6588356,1.6211119,2.8671556,3.1487908,2.0766616,3.176627,3.197928,2.322596,2.9867744,2.4667683,2.4464207,2.120688,2.4835417,2.8842795,2.4526596,2.7206793,2.5886319
4jhw,F,A,346, ,3.0112903,2.7499707,3.0891938,3.0549994,1.317487,3.0377162,2.4298582,3.0976136,2.4522445,2.845033,3.2345562,2.8255858,2.7676697,2.679215,2.8071556,2.930315,2.8699732,2.6439855,2.7753863,2.6149735
4jhw,F,G,347, ,3.9665558,2.7533138,3.2458217,2.7861295,1.5519758,2.3573472,2.0518026,2.9605567,2.0046442,2.6928537,3.2747848,2.7734585,2.8718667,2.7558494,2.701574,2.9762435,2.77461,2.7407432,2.6497364,2.4042132
4jhw,F,S,348, ,2.1585922,2.6910563,3.2829366,2.7461705,1.0848674,3.004101,3.0515194,2.050465,3.0099807,2.9860356,2.4856324,3.0572798,2.7996457,2.8222532,2.4847033,2.8549058,3.0301318,2.865648,3.1039193,2.933478
4jhw,F,V,349, ,1.390238,2.3820648,2.945436,1.6941016,1.3768847,2.3111231,4.1541214,1.4337525,4.478243,3.52986,1.5082505,2.9005132,1.6251091,1.6613623,1.4481026,1.877697,3.0121338,1.6829212,2.785347,2.5124438
4jhw,F,S,350, ,1.4503577,2.6065073,3.148627,2.3112917,1.1040388,2.605886,3.6636746,1.7964742,3.6172042,3.2214801,1.7735983,3.2206905,2.1792846,1.8927591,2.0582793,2.2545865,3.0570817,2.056993,3.024775,2.9635262
4jhw,F,F,351, ,1.6756935,2.2898102,3.226192,1.7586159,1.4173449,1.9534409,3.4071033,1.3449563,3.4862309,3.7109573,1.4649607,3.0581832,1.9497105,1.9935799,1.7288418,2.2613344,4.0812273,2.0606847,3.7600665,3.5898526
4jhw,F,F,352, ,1.4223349,1.8988075,2.921589,1.6119099,1.4622253,2.086651,3.8942285,1.393221,4.2544246,3.142374,1.6489938,2.898634,1.4885011,1.664859,1.3677748,2.191409,4.173906,1.7706738,3.6860478,3.1450405
4jhw,F,P,353, ,2.1524656,3.0421817,3.0225403,2.7627084,3.3468785,2.7238932,2.9801433,2.3866324,3.0367918,2.8932173,2.351333,2.7765377,2.5141785,2.2445476,2.3481038,2.6335728,2.8563569,2.1890588,2.7724805,2.7858937
4jhw,F,Q,354, ,2.4299939,2.6183376,3.2276313,2.9534905,2.2970598,2.8220305,2.5751705,3.1629963,2.6528964,2.826555,3.1719632,2.7299657,2.7007256,2.6213524,2.7865863,3.0577927,2.8039908,2.812543,2.8333347,2.778569
4jhw,F,A,355, ,2.2291894,2.9426217,2.8881721,2.7422528,3.1270692,2.7953992,3.0427258,2.5177102,3.148627,3.0854142,2.2806268,2.9937115,2.7002666,2.468172,2.9286098,2.54641,2.9345078,2.468565,2.811624,2.9726083
4jhw,F,E,356, ,2.5852983,2.964541,2.9349198,2.9655526,1.8988869,2.816094,2.6685834,3.00047,2.6500123,2.7612305,2.8069124,2.7676995,2.919382,2.8042874,3.1157582,2.8322425,2.6220691,2.70618,2.6678326,2.732815
4jhw,F,T,357, ,2.3377204,3.1357675,3.1332905,2.8717492,1.2850597,2.7080884,2.817753,2.3446617,2.8342934,3.099834,2.6622236,3.046534,2.7693248,2.5833325,2.595441,2.814108,2.9006164,2.623153,2.9000883,2.8242736
4jhw,F,C,358, ,1.768781,2.844645,3.1119437,2.0569222,1.9405857,2.3147197,4.003675,1.4887329,3.8905582,3.0651307,1.568899,2.8292332,1.7708362,1.5684258,1.6231457,1.8630011,3.1276343,1.5935886,2.7206573,2.932949
4jhw,F,K,359, ,1.8322556,2.4253495,3.1358001,2.37612,1.3097495,2.6168985,3.167621,1.7388287,3.3759027,3.2823157,2.319995,3.215068,2.5887945,2.7075844,2.2703834,2.9154284,3.4132767,2.8329244,3.4154782,3.0807576
4jhw,F,V,360, ,1.542659,2.6180115,3.0320532,2.3984857,1.1039156,2.7062526,3.6950557,1.2523549,3.633136,3.0913746,1.7641468,3.1174288,2.3959093,2.2584815,2.0244215,2.4306023,3.1515467,2.2999954,3.0830264,3.034832
4jhw,F,Q,361, ,1.9750637,2.5619588,3.1081054,2.6410074,1.2852019,2.9445844,3.326711,2.3259687,3.41687,3.258018,2.4570816,3.0127056,2.4664028,2.6092882,2.2143874,2.6023402,2.755262,2.6769266,2.6408317,2.5574527
4jhw,F,S,362, ,2.951267,2.8132765,3.0912147,2.657425,2.7814288,2.6057222,2.768859,2.6885762,2.8564677,3.0585017,2.7278104,2.9635794,2.7001135,2.6373508,2.6411061,2.8476121,3.0523305,2.6767669,2.9359057,2.9837694
4jhw,F,N,363, ,2.8425765,2.7379298,3.1679397,2.8221772,2.1511207,2.8429205,2.6498868,2.8870776,2.6886098,2.9178312,2.8908827,2.883863,2.8022943,2.6714942,2.8480499,2.8431802,2.8662705,2.6414118,2.8396928,2.94879
4jhw,F,R,364, ,1.5660064,2.1401103,3.1479332,2.154865,1.9650173,2.4163914,2.8210702,1.8458366,3.0849738,3.1462896,2.2062464,2.938997,2.1381783,2.2205641,1.9842598,2.8241775,4.034701,2.4420218,4.199242,4.2842836
4jhw,F,V,365, ,1.4619607,2.2776198,2.8984914,1.4688423,1.2408454,2.1199012,4.684824,1.1262527,4.4254937,3.3128414,1.2648991,2.6561105,1.325774,1.5175174,1.1331422,1.6883091,2.7735605,1.4534931,2.3590925,2.259607
4jhw,F,F,366, ,1.7908367,2.0217233,3.0175881,2.0650487,1.6545616,2.14982,2.7590895,1.6534631,3.1165657,2.9247413,1.8703169,2.6784444,1.7406743,1.6775433,1.7668207,2.3478868,4.8468237,2.0080953,4.443597,4.1474085
4jhw,F,C,367, ,2.064917,2.9566176,3.4062946,1.9858387,1.348522,2.0949426,3.7305667,1.0426801,3.5225804,3.6612427,1.308499,3.114303,1.450866,1.4025927,1.1345155,1.7521636,3.160624,1.5035876,2.553669,2.2387347
4jhw,F,D,368, ,1.6732359,2.3154747,3.2231345,2.5687108,1.8155231,2.5816689,3.0149357,2.9128356,3.1786783,3.0508046,2.776333,2.9189925,2.368552,2.3106453,2.6323452,2.7788918,3.0305977,2.4218547,2.9859085,3.004431
4jhw,F,T,369, ,2.0161166,2.740076,3.0716436,2.579951,2.2705903,2.8828766,3.0942233,2.1959114,3.2735202,3.525084,2.245756,3.2774873,2.6754222,2.4211223,2.6748931,2.5092866,2.8671768,2.5690718,2.6760557,2.6697934
4jhw,F,M,370, ,2.2624168,2.7943416,2.9789433,2.7720113,1.4935863,2.8304272,2.8966155,2.6548293,3.0841072,3.074736,2.6696796,2.957204,2.7595928,2.682109,2.7828536,2.7409387,2.8547769,2.8299356,2.8442616,2.8354325
4jhw,F,N,371, ,1.8257761,2.617824,3.2094657,2.3476548,1.1261046,2.4482489,2.9080882,2.028433,3.171778,3.41211,2.3710191,3.2731583,2.4937947,2.254656,2.249872,2.8001714,3.4786325,2.3550515,3.2313142,3.1834645
4jhw,F,S,372, ,2.0147026,3.1728442,3.397913,2.5197487,1.3508575,2.3554046,3.3841445,1.3338218,3.050445,2.9279985,1.6815287,3.0267878,2.1434722,2.0738008,1.7348334,2.1084552,2.9543061,2.1853797,2.8661034,2.7646031
4jhw,F,L,373, ,1.6187093,2.2423158,3.1341462,1.9455159,1.3376749,2.4626286,3.5679467,1.8299177,3.970737,3.8871808,1.7054112,3.4576669,2.0974078,1.9271934,2.2476308,2.0664434,3.2706401,2.0524373,2.8527064,2.7711916
4jhw,F,T,374, ,1.6989605,2.5832686,3.1354067,2.7040162,1.6613655,3.1438286,3.2280502,1.7797709,3.250486,3.0526555,2.3598003,3.1385078,2.8193548,2.8013067,2.5375528,2.7369857,3.0307188,2.9017184,3.0486557,3.1414142
4jhw,F,L,375, ,1.4373845,2.1327167,3.2824082,1.7753166,1.4747974,2.315314,3.4240196,1.2439388,3.4720006,4.126231,1.4903966,3.6737778,2.1777053,1.9936216,2.0517268,2.1956658,3.408958,1.8977293,3.2998226,3.033521
4jhw,F,P,376, ,2.656723,3.124543,2.9293628,3.1374803,3.6832707,2.9356918,2.3836389,2.8564696,2.2754502,2.7489333,2.7815552,2.6544926,2.7493825,2.8039927,2.807033,2.8015356,2.4710498,2.7472572,2.3784707,2.3784235
4jhw,F,S,377, ,2.4728713,2.9986315,2.7835271,2.7785354,3.20898,2.7488778,2.8790917,2.4114337,2.92871,2.9490082,2.4849625,2.9177377,2.8925169,2.9997127,2.784961,2.7343264,2.7903934,2.9777606,2.8371453,2.8819032
4jhw,F,E,378, ,2.2024636,2.8614268,3.0490828,2.6986055,1.4840897,2.6966662,2.8218608,2.8950763,2.9069886,3.0514352,2.6699233,2.9924073,2.9022477,2.4167953,3.143409,2.740996,2.8345308,2.3603942,2.8537624,2.7873406
4jhw,F,V,379, ,1.6696762,2.6851761,2.9799814,2.157538,1.7594535,2.4163318,3.3761375,1.6616309,3.5567482,3.3810725,1.8006647,2.990846,2.0716598,1.9888996,1.8067427,2.2661016,3.4438858,2.1554039,3.1885147,3.3861623
4jhw,F,N,380, ,2.3215184,2.881169,2.935462,2.6462932,1.7242708,2.7242446,3.0207207,2.536705,3.198865,3.2877383,2.5354636,3.0813193,2.7805314,2.6732218,2.9625573,2.7235878,2.9117293,2.8131852,2.9289248,2.9021926
4jhw,F,L,381, ,1.8812792,2.8404093,3.13076,2.4375482,1.3269011,2.429749,2.7000906,2.2151525,3.0254078,3.7737114,2.2443395,3.3811412,2.551549,2.3983185,2.585484,2.497028,3.0524733,2.3640475,2.9267972,2.765548
4jhw,F,C,382, ,2.0100284,2.9879982,2.9939773,2.3120708,1.9017801,2.4198143,3.2934506,1.5669435,3.5625896,3.626239,1.8592106,3.2025635,2.1250713,2.0561435,1.8203119,1.9593441,2.9004905,2.1605458,2.540072,2.463673
4jhw,F,N,383, ,1.9050995,2.719507,2.9081872,2.3159487,1.8359436,2.3216977,2.9080384,2.0856948,3.2930558,3.4768367,2.1060545,3.0804048,2.2970307,2.0910134,2.2953956,2.3301332,3.4749718,2.1501403,3.147448,3.1028588
4jhw,F,V,384, ,2.2861185,2.7944489,2.9693112,2.7783606,0.8565996,2.941924,2.877212,2.3447125,3.0536005,3.1433406,2.8244793,3.0518055,2.9165626,2.9500644,2.706348,2.8724835,2.8960133,2.9774492,2.9076104,2.767721
4jhw,F,D,385, ,2.4113631,2.579195,3.3546386,3.180832,1.3038908,2.9227567,2.3031838,3.3994415,2.3729053,2.497311,3.4643593,2.6381745,2.6438231,2.494519,2.616829,2.9519603,2.7048957,2.6052241,2.651896,2.6083565
4jhw,F,I,386, ,1.7653267,2.3487144,2.966556,1.9757242,3.0457096,2.1378155,3.1803262,1.7501428,3.580461,3.7572587,1.726167,3.3393078,1.890864,1.862416,1.7715003,2.057382,3.5211768,1.8896269,2.8198822,3.0355535
4jhw,F,F,387, ,2.4365773,2.754219,3.0490766,2.6466115,1.9233221,2.7246995,2.783275,2.4978738,2.9370992,3.1991744,2.70339,3.034428,2.6481605,2.6797843,2.5948946,2.8505168,3.213512,2.7565386,3.1109538,3.1852822
4jhw,F,N,388, ,2.4971652,2.9674246,3.124926,3.309709,2.6861506,2.9784055,2.5187316,3.1000404,2.4648943,2.5171294,2.997666,2.528226,2.4692085,2.1769621,2.3746254,2.8786411,2.4656587,2.140461,2.4332802,2.4282725
4jhw,F,P,389, ,2.48294,2.9774675,2.8779206,2.78812,3.24698,2.716531,2.8014264,2.7883322,2.785995,2.8443696,2.6795435,2.8246217,2.8666368,2.8416677,2.9099965,2.7824957,2.6543393,2.721674,2.6265192,2.6223044
4jhw,F,K,390, ,2.475793,2.882266,3.0244546,2.745172,1.3872135,2.7892368,2.707334,2.6428514,2.7726598,3.07303,2.8073964,2.9979408,2.8991814,2.8589072,2.8798647,2.861766,2.9097946,2.8237228,2.8436875,2.824262
4jhw,F,Y,391, ,1.8942741,2.4330344,3.0373204,2.4043813,1.6576408,2.7418199,3.3572414,1.6749382,3.4501472,3.3723195,2.0706742,3.1239913,2.4210045,2.2044342,1.9259714,2.4877322,3.2788415,2.227245,2.9236112,2.9119911
4jhw,F,D,392, ,2.565232,2.793366,3.2071393,2.805871,2.7823174,2.855927,2.774274,2.8204086,2.7848587,2.7561305,2.8089924,2.7686698,2.8003383,2.6623204,2.874364,2.8478112,2.7614872,2.665708,2.7563272,2.7422175
4jhw,F,C,393, ,2.1473634,2.948726,3.0494933,2.262628,2.5774443,2.6057124,3.6961083,1.6570196,3.702517,3.230931,1.7577232,2.760229,1.9547058,1.8764155,1.7599272,2.063376,2.9853702,1.991074,2.551319,2.758329
4jhw,F,K,394, ,1.688873,2.4687114,3.0527122,2.413872,2.7546268,2.734777,3.1943917,1.7488248,3.3922963,3.3021588,2.1782007,3.1052456,2.592392,2.924381,2.10146,2.7030087,3.138366,3.0606208,3.089506,3.135887
4jhw,F,I,395, ,1.4133089,2.2610343,3.169936,1.5570452,1.2652812,2.208854,4.3815317,1.3056641,4.027026,3.4520702,1.3399357,2.6518424,1.6123264,1.4144747,1.7148339,1.9042476,3.1876216,1.2343471,2.768044,2.6177776
4jhw,F,M,396, ,1.6064329,2.4434586,3.1498685,2.2663805,0.60181177,2.6582832,3.4779477,1.377568,3.5967915,3.2724438,1.8826624,3.1269276,2.5031848,2.741991,2.0574906,2.4694529,3.1864636,2.9355245,3.2207577,2.9308116
4jhw,F,T,397, ,1.6685413,2.4494095,2.9902217,1.8655914,1.5034697,2.518581,3.785996,1.4826216,3.8328063,3.6414304,1.5547354,2.9112465,1.643377,1.6479619,1.4289757,1.7893202,2.8207657,1.7150829,2.3586712,2.322989
4jhw,F,S,398, ,1.966272,2.5857902,3.2019067,2.6768198,1.15763,2.963658,3.2018638,1.6873739,3.2391696,3.099744,2.1631222,3.0687633,2.6470857,2.6252546,2.2440221,2.5272362,3.2446277,2.676565,3.1338503,2.8469737
4jhw,F,K,399, ,1.983845,2.5720847,3.0565417,2.7200541,1.5651273,2.968211,3.1163545,2.282268,3.177301,3.0631816,2.599545,3.0036826,2.6845531,2.620161,2.5568454,2.6910048,3.0340495,2.6162047,3.0387425,3.0415654
4jhw,F,T,400, ,2.647219,2.879373,3.1099463,2.93582,2.530188,2.9140532,2.8386047,3.0409296,2.8534796,2.8080304,2.9055095,2.8047998,2.833467,2.7776608,2.9239838,2.8621314,2.7798564,2.711984,2.691463,2.6885295
4jhw,F,D,401, ,1.9829506,2.7760394,3.1192777,2.4821918,2.5379014,2.5743077,3.1469226,2.0858428,3.2751343,3.2121494,2.1934912,3.08726,2.3637192,2.278751,2.1190884,2.4454741,3.0747237,2.325046,2.9233603,3.055967
4jhw,F,V,402, ,2.1501746,2.817615,3.0090146,2.7706184,1.5544088,3.013664,3.0565238,2.5006866,3.127926,2.950255,2.4710977,2.9385304,2.9078994,2.8003592,2.9487567,2.745448,2.860074,2.8579497,2.839092,2.681823
4jhw,F,S,403, ,2.6018167,3.3426228,3.166205,2.7679708,3.4952068,2.593409,3.1287212,1.8507417,2.949035,2.7155616,2.092728,2.8347423,2.3549435,2.245421,2.109812,2.4245226,2.8067176,2.152668,2.6811905,2.6054833
4jhw,F,S,404, ,2.103955,2.7512271,3.1411114,2.863603,0.48947114,2.9181714,3.0143611,1.8637816,2.914925,2.6594663,2.2476661,3.0148072,2.9358716,2.658172,2.5821583,2.852046,3.098256,2.7645974,3.117756,2.9236
4jhw,F,S,405, ,1.8352339,3.1583467,3.2245948,2.012805,1.3645513,2.272409,4.088502,1.0787333,3.796599,3.147382,1.2538471,2.7813466,1.5780462,1.5488946,1.2910122,1.7723138,2.7690644,1.4910401,2.3995605,2.5181768
4jhw,F,V,406, ,1.73561,2.4470065,3.0324497,2.2800353,1.1921779,2.777274,3.648395,2.0102363,3.6649654,3.1651456,2.0157933,3.0444887,2.4720643,2.1854606,2.546618,2.5108573,3.0881,2.287088,2.8300927,2.820997
4jhw,F,I,407, ,1.554754,2.0421247,3.0456274,1.7714531,2.0285888,2.4885926,3.9053197,1.6460104,4.2123437,3.4563003,1.8620182,3.0607038,2.0562503,2.1472175,1.915979,2.1199346,2.980072,2.1837494,2.7621312,2.7139168
4jhw,F,T,408, ,2.3529463,2.933921,3.262925,2.2616096,1.6872423,2.8733532,3.4643605,1.4377029,3.1511774,3.3909411,1.7064276,2.7716284,1.7103249,1.6145865,1.2951592,1.8702786,2.412239,1.6649921,1.9727999,1.9374478
4jhw,F,S,409, ,1.8994887,2.9152007,2.9162529,2.4485574,1.6733696,2.5374599,3.1549942,2.3303404,3.263478,3.3331344,2.040689,3.1383939,2.534533,2.1269932,2.6510024,2.465677,3.0415752,2.069654,2.8697658,2.8652987
4jhw,F,L,410, ,1.9493246,2.3731365,3.062702,2.049168,1.5283504,2.5156133,3.2094955,1.7156566,3.5233827,4.0669813,2.1082308,3.4101493,2.1597967,1.948478,1.9066384,2.0940497,3.004081,1.9687113,2.5259643,2.2621827
4jhw,F,G,411, ,3.5190327,2.953801,2.969956,2.6136804,1.7817376,2.358869,2.6601434,2.1762838,2.5823367,2.8016975,2.4200578,2.8125663,2.381188,2.214835,2.2953765,2.4477563,2.9690673,2.2748294,2.7548056,2.7596931
4jhw,F,A,412, ,1.1760901,2.708512,3.1581833,1.6285622,1.1358241,2.0171165,4.448207,1.0379841,4.2771235,3.1601129,1.1259251,2.9411252,1.434278,1.3716738,1.2535188,1.5903965,3.034527,1.3939718,2.6047375,2.526132
4jhw,F,I,413, ,1.3306222,2.0101922,2.6973186,1.3387611,1.2468793,1.9510038,4.4399843,1.2978547,4.983109,3.7609851,1.3121275,2.9312236,1.5767891,1.6002918,1.3851795,1.3934515,2.6632676,1.5799301,1.9513662,1.9570307
4jhw,F,V,414, ,1.2766072,2.2207925,3.0469315,1.55777,1.3348649,2.326316,4.6389365,1.2176406,4.5583305,3.1392465,1.4259222,2.7550182,1.3929712,1.4443197,1.113488,1.6606642,2.8632445,1.5540961,2.330565,2.299127
4jhw,F,S,415, ,1.914439,2.9979727,3.0909739,2.3895466,1.4681327,2.5117493,3.576355,1.6414471,3.4901104,2.9550724,1.8419683,2.6540287,1.8057606,1.7097012,1.4591175,2.0366871,2.9482753,1.9374914,2.633957,2.5123713
4jhw,F,C,416, ,1.8407768,2.8470626,3.1204944,2.300916,1.7566681,2.2391422,3.4253705,2.0421267,3.3070862,2.8315456,2.0260968,2.5485642,2.1379662,2.007848,1.9201381,2.3872252,2.9307644,2.0037606,2.8512952,2.618636
4jhw,F,Y,417, ,2.0822825,2.4597023,2.9274294,2.2900753,1.8171139,2.4745805,2.8602946,1.795511,3.0548787,3.3120358,2.2611785,3.0250995,2.272482,2.251183,1.9013745,2.4010177,3.536553,2.5612416,3.2159724,3.3218923
4jhw,F,G,418, ,3.1859574,2.8215911,2.9582882,2.725237,2.5704517,2.6539888,2.6865656,2.5863245,2.6600647,2.9805362,2.882208,2.9220212,2.7503114,2.7546976,2.5553594,2.8232212,2.8912253,2.7526546,2.785926,2.7196412
4jhw,F,K,419, ,3.145101,2.8050392,3.0887198,2.8856816,2.219475,2.7358794,2.555842,3.0228422,2.5807185,2.804146,3.014337,2.8467572,2.8475876,2.7321498,2.9150043,2.8974597,2.8533635,2.6762302,2.7609289,2.6656997
4jhw,F,T,420, ,2.4464042,3.0897431,3.1485102,2.8643765,1.8152122,2.7821152,2.8772416,2.402033,2.7671866,2.7935994,2.5573223,3.0184479,2.7736993,2.4097342,2.5984209,2.8412166,3.0153422,2.4083104,2.8871996,2.8806176
4jhw,F,K,421, ,2.1690614,2.6289992,3.1821136,2.6926084,2.1565971,2.9417756,3.0474496,2.5002675,3.147419,2.9810302,2.6041145,2.9570384,2.827435,2.8950038,2.6928587,2.8266861,2.946413,2.8086815,2.886925,2.8150058
4jhw,F,C,422, ,2.0239873,3.250024,3.2196014,2.3645167,1.8204148,2.5297732,3.7761283,1.2721895,3.5010746,2.8335354,1.6736752,2.6216142,1.7566016,1.5920782,1.3246933,1.923461,2.6910887,1.7394838,2.358931,2.5182137
4jhw,F,T,423, ,1.306183,2.3997483,3.0435596,2.65371,-0.16570368,3.046776,3.2450562,1.3941298,3.2582436,2.8797865,1.9298956,3.0312715,2.4437032,2.5043497,2.3227267,2.6020064,3.5961716,2.6820986,3.6997933,3.492765
4jhw,F,A,424, ,1.6458718,2.8322356,3.051173,1.7096055,1.2722982,2.097874,4.014016,1.525762,4.039732,3.6090546,1.2406733,2.7079341,1.5658586,1.5066038,1.7990669,1.633289,2.962192,1.4396772,2.5500562,2.2489593
4jhw,F,S,425, ,1.4276655,2.1383119,3.0803633,2.2321973,0.637967,2.7539976,3.3743653,1.3038577,3.6014621,3.2996564,1.938516,3.2608674,2.4327781,2.5794036,2.203169,2.6292648,3.569944,2.8343787,3.5903134,3.3062317
4jhw,F,N,426, ,2.139481,2.4807343,3.0828826,3.0342786,1.4451959,2.5175464,2.1487222,3.3079815,2.198853,2.5732923,3.5580516,2.4347093,2.629504,2.406054,2.369145,3.3307297,2.7444985,2.5034359,2.8121643,2.5132587
4jhw,F,K,427, ,2.2539709,2.8074286,2.9833405,2.6975174,2.2537434,2.754088,2.941553,2.3828115,3.1645355,3.164598,2.5945373,3.0097675,2.8327231,2.8915076,2.6739807,2.7368762,2.8920891,2.930643,2.7928853,2.7450051
4jhw,F,N,428, ,2.4228406,2.7094834,2.9541469,2.814612,1.6453197,2.9519658,2.7482362,3.002791,2.8676744,2.8781605,2.859089,2.7558491,2.722252,2.5556712,2.9731393,2.885826,2.9952092,2.5758526,2.942201,2.8866076
4jhw,F,R,429, ,2.2482507,2.753624,3.137979,2.8813565,1.3715327,3.039048,2.6465955,2.5015845,2.694602,3.0204508,2.786992,3.0329556,2.90533,2.8137095,2.7751603,2.8723414,2.9146419,2.7763765,2.8881545,2.8284712
4jhw,F,G,430, ,4.074426,2.664434,3.3802524,2.5840092,1.9738617,2.241676,2.0572286,2.5728092,2.1038861,2.784138,3.0419247,2.9643629,2.8345783,2.9007638,2.4342265,2.8982472,2.9453878,2.7974062,2.7371938,2.61378
4jhw,F,I,431, ,2.0450764,2.6269813,3.1809855,2.6096,2.3065352,2.8758798,3.2479596,1.9695228,3.3467326,3.0323048,2.3753164,3.0277038,2.6871257,2.8666673,2.4654946,2.6826324,2.9514785,2.9876933,2.895322,3.0150445
4jhw,F,I,432, ,1.5872091,2.3712556,3.2039685,2.2940972,1.0296454,2.8244581,3.5577362,2.0760171,3.8242753,3.669477,1.8672292,3.2718246,2.3513837,2.0922737,2.4739392,2.233609,2.7261887,2.0392122,2.5125928,2.45518
4jhw,F,K,433, ,1.8772097,2.6286957,3.3736126,2.3919172,0.5622961,2.4856443,3.0585585,1.9296257,3.2609107,3.1141515,2.2089658,3.2457268,2.710521,2.83105,2.3412974,2.786676,3.0918071,3.0302558,2.9869983,2.936572
4jhw,F,T,434, ,1.6368109,2.4752147,3.0996156,2.64385,1.3076714,3.1010015,3.2247245,1.8628929,3.2413406,2.9194474,2.407282,3.0131004,2.7896566,2.8944592,2.5158074,2.767387,3.0174565,3.0153146,3.0126138,2.8670535
4jhw,F,F,435, ,1.700347,1.8066056,2.9530835,1.6300662,2.021105,1.9514077,3.255801,1.7087221,3.856176,3.6152203,1.8274117,3.1464682,1.7215506,1.8594704,1.6543194,2.5516074,4.3504667,2.0081396,3.7874198,3.25522
4jhw,F,S,436, ,2.5014536,2.762363,2.9233987,3.0159435,2.5254567,3.039368,2.8239102,2.712584,2.8120208,2.8182175,2.76049,2.8424447,2.8516977,2.938122,2.7986856,2.7744648,2.7039778,2.8347583,2.6357303,2.5177367
4jhw,F,N,437, ,2.760427,2.8624482,3.1883826,2.6992633,3.0485456,2.639686,2.8815608,2.4058013,2.9332635,3.0138664,2.624412,2.9407513,2.7091994,2.7850928,2.50048,2.7736335,2.9670908,2.7228818,2.8884945,2.8450828
4jhw,F,G,438, ,2.9669642,2.9496312,2.9531205,2.6661549,1.8008454,2.611093,2.8960128,1.9085562,2.8221517,2.906538,2.218127,2.868345,2.4027064,2.4016235,2.0733523,2.4571111,2.8323448,2.3957152,2.644642,2.5320108
4jhw,F,C,439, ,1.9383249,2.7834024,2.9662364,2.2094395,2.6467674,2.4326682,3.637682,1.6103051,3.6803749,3.360213,1.8383688,2.921739,2.0412574,1.9912583,1.6783091,2.0904133,2.8965662,2.0276194,2.4961593,2.6421154
4jhw,F,D,440, ,2.05428,2.6751592,3.1205325,2.6990776,0.49413672,2.7728674,2.9905586,2.4162674,2.9748797,2.6960835,2.2723956,3.0246685,2.7818072,2.2514148,3.0533519,2.8867748,3.2751632,2.4060488,3.2520478,3.122285
4jhw,F,Y,441, ,1.7334435,2.1314147,3.0423446,1.9000021,1.710981,1.7688042,2.6761644,1.435776,2.9273949,3.205782,1.802016,2.8205605,1.8233496,2.1501985,1.5891483,2.5836053,4.671969,2.332989,4.514121,4.323411
4jhw,F,V,442, ,1.2572099,2.269854,3.1679597,1.6976559,1.2278961,2.360908,4.281698,1.282311,4.2172713,3.5257974,1.3658476,3.1493878,1.8313878,1.6159408,1.7947382,1.9105078,3.104886,1.6743997,2.6717901,2.4675517
4jhw,F,S,443, ,2.0877104,2.888935,3.1442854,2.8901694,3.1504164,2.7878957,2.8884387,2.3865647,2.8657742,3.1629453,2.5492043,2.9012647,2.736916,2.7631512,2.554462,2.734819,2.7296777,2.7493653,2.6775203,2.6124523
4jhw,F,N,444, ,2.220773,2.921739,2.9060502,2.7443027,2.2533863,2.655948,2.9677002,2.0875735,3.178285,3.0023522,2.2534418,2.9424205,2.607366,2.448195,2.395447,2.5798905,2.8798795,2.4829557,2.7698758,2.6821172
4jhw,F,K,445, ,2.5228024,2.9429862,2.838058,2.8441167,2.0217216,2.885855,2.8932872,2.5776973,3.002194,3.0472767,2.7684848,2.987835,2.9157784,2.9622686,2.8007247,2.7399755,2.7152493,2.934512,2.6408474,2.6421018
4jhw,F,G,446, ,2.5239744,2.8068092,3.1652296,2.7881305,1.4251226,2.7759252,2.6341348,2.9438097,2.6828995,2.9463964,2.7986922,2.8797884,2.8215888,2.5986972,3.0451179,2.8990011,3.00843,2.5865471,3.0156627,2.9583094
4jhw,F,V,447, ,1.5202773,2.8161697,3.0175416,2.0675921,1.7181079,2.2301831,3.7108803,1.3583642,3.6934376,2.8196301,1.765935,2.7354286,1.7991984,1.6926104,1.5134333,2.31953,3.397245,1.7907789,3.3506882,3.1154983
4jhw,F,D,448, ,2.032413,2.6688156,2.9341862,2.747336,1.1670724,2.865111,2.9861073,2.6806862,3.0563834,2.842843,2.4725506,2.9180782,2.7151756,2.4124694,2.8466454,2.8793535,3.2538655,2.4338121,3.234532,3.2274907
4jhw,F,T,449, ,1.3936406,2.3743749,3.0321217,2.513595,0.2902951,3.084907,3.440923,1.328861,3.5177827,3.1105747,1.8942688,3.1502185,2.546332,2.5712295,2.2340455,2.4529843,3.3542335,2.7909474,3.3341007,3.0842307
4jhw,F,V,450, ,1.3227775,2.1055288,3.0078206,1.152502,1.1978267,1.6925812,4.525529,1.2530446,4.822531,3.910991,1.1215651,2.893005,1.1114795,1.2097797,1.220619,1.4058754,2.9811025,1.1062882,2.167428,1.970693
4jhw,F,S,451, ,1.3552188,2.2077272,2.9996192,2.3125577,0.35149744,2.8689094,3.3806458,1.4486109,3.6437008,3.333548,2.0447202,3.2053962,2.561992,2.666589,2.261764,2.6109736,3.39916,2.885281,3.39468,3.2606578
4jhw,F,V,452, ,1.4763759,2.200917,2.9625497,1.7702382,1.3807106,2.407264,3.9163375,1.5019941,4.1054926,3.6785922,1.7141063,2.9923282,1.8108412,1.7682222,1.5000814,1.867399,2.8682895,1.89109,2.5518916,2.4723325
4jhw,F,G,453, ,3.2408729,2.9020689,3.0409112,2.8088074,2.0647511,2.6029265,2.6375308,2.6679568,2.701816,2.8947084,2.728804,2.839412,2.7296424,2.5893104,2.734364,2.7906795,2.9080122,2.6221175,2.8731112,2.8300653
4jhw,F,N,454, ,3.2537193,2.820475,3.1075568,2.966568,2.23955,2.8046584,2.4456298,3.0444477,2.4031062,2.6898618,3.0364985,2.734979,2.797215,2.6865003,2.8763375,2.8623745,2.757302,2.5673492,2.6729074,2.5857887
4jhw,F,T,455, ,2.1222277,2.5656219,3.1816702,2.585942,0.9782489,2.9170363,3.084046,2.1289234,3.0990388,2.9414687,2.560538,3.0462785,2.9260597,3.083358,2.6652603,2.9764996,2.9038868,3.1167393,2.8253484,2.548832
4jhw,F,L,456, ,1.7541313,2.4969687,3.1451774,2.5721726,1.9115334,2.9826343,3.2637875,1.6850042,3.3254051,3.0445523,2.3043048,3.1678627,2.7211585,2.922198,2.3304455,2.6750932,3.1359222,3.0291257,3.1035945,3.1307948
4jhw,F,Y,457, ,1.7150513,2.1918793,3.1891236,1.9642954,1.128474,2.2177851,3.0607464,1.3142067,3.278759,3.5917258,2.0512366,3.2314522,2.358725,2.450976,1.8541473,2.9847693,3.9193382,2.577862,3.9076915,3.3428693
4jhw,F,Y,458, ,1.4506482,2.2488666,3.1017203,2.504543,1.135403,3.026966,3.16604,1.7356907,3.2315128,2.9059885,2.3487449,3.045969,2.705937,2.8103902,2.4531229,2.8161652,3.2681313,2.9831517,3.319196,3.2992465
4jhw,F,V,459, ,1.7938282,2.469953,2.883698,1.8271843,2.0996532,2.263051,3.6309886,1.6900787,3.7293854,4.0085397,1.6475303,2.9765933,1.769026,1.6812003,1.6894178,1.8281002,2.7776496,1.6461643,2.1297278,2.1009817
4jhw,F,N,460, ,2.3447225,2.8199172,3.1436222,3.0111282,3.4281306,2.9489791,2.6660028,2.8778565,2.6688454,2.790842,2.9621608,2.7297988,2.6605587,2.7335086,2.5927987,2.960194,2.5747743,2.7247777,2.640993,2.4935389
4jhw,F,K,461, ,2.2702825,2.7560868,3.0252776,2.748575,2.3445888,2.8280447,2.968996,2.357222,3.0065088,2.9421496,2.6799893,2.9570594,2.879775,3.0440354,2.504403,2.9274685,2.988952,3.0008917,2.9210093,2.8831475
4jhw,F,Q,462, ,2.2075245,2.7449603,3.0909123,2.5212712,1.8767818,2.7319233,3.1016145,2.3916063,3.2341523,3.1655445,2.4261353,3.1710637,2.8864818,2.866246,2.7290356,2.6428094,2.9238334,2.8870797,2.8026257,2.790663
4jhw,F,E,463, ,2.8072639,2.9009871,3.0684972,2.9290936,3.0524988,2.8137355,2.642223,2.9679685,2.6140494,2.7763264,2.8528457,2.74842,2.8094945,2.6898654,2.8674607,2.9512634,2.758075,2.6503673,2.7640738,2.6898599
4jhw,F,G,464, ,3.5979524,3.0040495,2.8634062,2.651767,1.8662974,2.5184972,2.7994964,2.1208262,2.7595773,2.8473656,2.1980035,2.662256,2.1206212,2.076947,2.1342888,2.2894158,2.8869433,2.045616,2.696907,2.7276785
4jhw,F,K,465, ,2.16077,2.7804255,3.0874758,2.8479297,1.779879,3.054975,3.0234723,2.5030186,3.0434604,2.8769546,2.6168878,2.933928,2.8477807,2.8635838,2.863596,2.8833,2.9785962,2.8835876,2.9652562,2.8579843
4jhw,F,S,466, ,2.4004123,3.1275373,3.0864985,2.6835766,1.773543,2.6917455,3.470452,1.4259176,3.133746,2.5106287,1.776565,2.6418676,1.950465,1.8952001,1.6585728,2.3146272,3.2290165,1.9455436,3.0852838,3.1512
4jhw,F,L,467, ,1.9805834,2.4347725,3.1307302,2.7640216,0.70097935,3.152262,3.0814943,2.1958296,3.1113472,2.8455822,2.4980378,2.8169496,2.7056172,2.91898,2.483601,2.8548663,3.0439706,3.0826623,3.0317605,2.869842
4jhw,F,Y,468, ,1.5321516,2.354465,3.1897721,2.2042181,1.2786505,2.6990066,3.685346,1.2088594,3.8019595,3.2613506,1.8552173,3.2252827,2.5113542,2.5744362,2.0569146,2.454879,3.1721253,2.7391999,3.0486348,2.896088
4jhw,F,V,469, ,1.7619627,2.3742058,3.1509676,2.393598,1.1134613,2.7473392,3.2704308,2.038274,3.3908305,3.1208599,2.4594495,2.9929712,2.5035143,2.641626,2.2482903,2.953465,3.2424016,2.7592196,3.1577983,3.0154324
4jhw,F,K,470, ,2.0356658,2.7471824,3.0922024,2.6973693,2.438447,2.8018243,2.9830155,2.2198653,3.0200882,2.8647845,2.4396398,2.9368024,2.838633,3.0573366,2.6864824,2.8073468,3.0238738,3.065118,3.0238864,2.8593135
4jhw,F,G,471, ,3.5666847,2.971432,3.198601,2.743219,1.7872131,2.5049994,2.6278496,2.2398427,2.610446,2.7898285,2.4848387,2.8158214,2.5268826,2.4784544,2.3193069,2.6696696,3.008757,2.5307071,2.9326677,2.8781874
4jhw,F,E,472, ,2.190916,2.81181,3.1750112,2.7270253,2.6745164,2.8418322,2.9117267,2.6335938,2.9271417,3.0074165,2.5690954,2.9094667,2.8804002,2.8426657,2.93438,2.7758362,2.805153,2.8523412,2.775681,2.673472
4jhw,F,P,473, ,2.2784765,2.8024166,3.146758,2.6384788,3.2032962,2.7310328,2.7421112,2.499499,2.8441472,3.2290313,2.4265187,3.0091515,2.500832,2.503901,2.4971063,2.6831918,3.0353036,2.5973046,3.0836854,3.219973
4jhw,F,I,474, ,1.9174204,2.576555,2.880264,2.1013765,1.8063517,2.2950199,3.1443903,1.8569219,3.6171901,3.7670262,1.9149778,3.2592425,2.046547,1.8753399,1.8969567,2.285807,3.3536077,1.9812053,3.122947,3.1996226
4jhw,F,I,475, ,1.9798311,2.9641738,2.9360514,2.3563743,1.8558333,2.502731,3.3038864,1.8025103,3.525238,3.590118,1.8541867,3.0907125,2.0274575,1.8716246,1.8723042,2.0171018,2.6450462,1.9946028,2.325336,2.5556445
4jhw,F,N,476, ,2.5014565,2.9830208,2.9163404,2.8240762,0.9614646,2.7345548,2.671701,2.64109,2.8659499,3.1394255,2.9068024,3.1642666,2.915444,2.828385,2.8314872,2.839204,2.9272952,2.952124,2.9578564,2.768288
4jhw,F,F,477, ,2.2953293,2.8763194,2.9192598,2.6701303,1.0100381,2.5629685,2.6942363,2.0893745,2.9594815,3.430863,2.6917164,3.2775989,3.0177052,3.1247087,2.4156806,2.8503475,3.0632052,3.183076,2.9728775,2.837413
4jhw,F,Y,478, ,1.6102858,2.29452,3.0355277,1.9724905,1.4794092,2.3032775,3.155288,1.5327691,3.5578408,3.9442124,1.9295422,3.5222697,2.0944269,2.1010594,1.824157,2.34832,3.7065341,2.0597699,3.4288223,3.1947832
4jhw,F,D,479, ,2.3158054,2.8688169,3.06808,2.9274268,3.0115402,2.9954615,2.863817,2.7574816,2.7884676,2.9419532,2.6648521,2.7875133,2.8008604,2.829611,2.8667214,2.8484247,2.663244,2.7186143,2.574849,2.3968358
4jhw,F,P,480, ,2.371879,2.9868722,2.918116,2.6557457,3.1839173,2.6247756,2.9980829,2.3876781,3.0247345,3.0688732,2.3604875,2.931671,2.756656,2.793722,2.7498386,2.6698546,2.9383473,2.7324176,2.8784082,2.8127277
4jhw,F,L,481, ,3.4506264,2.9136832,3.201345,2.9247391,2.2432055,2.5998626,2.26258,3.1202264,2.2135887,2.6671176,3.0835836,2.7093718,2.7559114,2.6250522,2.8909314,3.006358,2.8756664,2.5396626,2.8505375,2.7959087
4jhw,F,V,482, ,2.349063,2.7701523,3.2504268,2.62923,1.4386307,2.6425023,2.6707923,2.4409814,2.832213,3.288337,2.689908,3.1701827,2.7803679,2.7046123,2.5341609,2.796166,3.0784383,2.7790442,2.9444296,2.9046159
4jhw,F,F,483, ,1.6946535,2.5858927,3.0463986,2.165942,1.6638381,2.5998688,3.3935573,1.6491811,3.455096,3.6451526,1.7543503,3.2436929,2.0528426,1.827364,1.8468701,2.081782,3.684806,1.9545991,3.1259372,3.232164
4jhw,F,P,484, ,2.2463412,2.7272172,3.0920486,2.4044604,4.177315,2.4797032,2.9514298,2.4750178,3.0902352,3.1442108,2.3039308,2.8063636,2.442175,2.3827796,2.454516,2.5795467,2.6284752,2.3172748,2.5118365,2.51379
4jhw,F,S,485, ,1.8635025,2.7435763,3.1628652,2.6532495,2.5191157,2.991005,3.3134232,2.181635,3.3537354,3.0241075,2.2550535,3.0174017,2.5607796,2.3261085,2.6264262,2.5180573,3.0311813,2.237493,2.8870878,2.877472
4jhw,F,D,486, ,3.0560713,2.742583,3.251658,2.7969947,1.8539658,2.6952326,2.5429523,2.4353154,2.5645387,2.957481,2.8866906,3.0861666,2.83005,2.7705126,2.6572576,2.8936467,3.0125344,2.8587022,2.9282565,2.844622
4jhw,F,E,487, ,1.7648119,2.626309,3.2989247,2.509891,1.0890391,2.4764848,3.0598712,1.960605,3.0972013,3.3735607,2.1719012,3.0565336,2.445236,1.836187,2.3656762,2.6546872,3.243815,1.8966087,3.076096,2.6653097
4jhw,F,F,488, ,2.2156584,2.7792108,3.039454,2.7666755,2.7352664,2.9066422,2.961305,2.4611592,2.9490907,2.968565,2.5967956,2.974558,2.8572204,2.9652944,2.6717677,2.871473,2.9425445,2.9161716,2.9043174,2.9099493
4jhw,F,D,489, ,2.2128117,2.5722947,3.1851737,2.3518043,2.2957978,2.6377378,3.3596408,2.0459936,3.4704995,3.3240833,2.0528362,3.1062942,2.3821032,2.2319016,2.330542,2.3127751,2.9369578,2.2071502,2.8205616,2.8117433
4jhw,F,A,490, ,2.5295405,3.2860482,3.112169,2.5715823,1.7170025,2.607093,3.1375299,1.8344561,2.998124,2.9578605,1.7664999,2.980288,2.2552104,1.7744884,2.037347,2.0822654,2.5367298,1.7653872,2.3007398,2.267551
4jhw,F,S,491, ,2.3238187,2.8159304,3.104691,3.1336234,1.4795797,3.2112775,2.6815908,2.0321639,2.6572807,2.9358277,2.456408,2.8869898,2.6167583,2.574428,2.423811,2.6393254,2.9096806,2.690476,2.8935487,2.860207
4jhw,F,I,492, ,1.6989756,2.4491448,2.9317186,2.0264459,1.6539043,2.3116794,3.35299,1.2839135,3.6995723,3.6496441,1.6767161,3.2450073,1.9698082,1.8192326,1.6845739,2.2949,3.7587934,2.084847,3.286717,3.3303313
4jhw,F,S,493, ,2.5610924,3.0533788,2.915379,2.9053137,1.3359742,2.8014152,2.68352,2.7206798,2.8050468,2.9417837,2.820262,2.9328036,2.9834332,3.0649788,2.9007287,2.872757,2.7588704,3.1192992,2.7660868,2.8062518
4jhw,F,Q,494, ,2.0802999,3.0645,2.888928,2.6894999,0.91200006,2.7960496,2.8996568,2.8666425,3.0432072,3.1207902,2.4487045,3.159171,3.169278,2.9232419,3.2038398,2.5990107,2.5513208,2.870269,2.4673367,2.4469104
4jhw,F,V,495, ,1.690727,2.4762306,2.6533763,1.7202345,1.5636404,2.1120992,3.5892167,1.3507736,4.1503267,4.3144283,1.6443565,3.4403546,1.7591858,1.6276734,1.4356548,1.7610372,3.0716205,1.8560566,2.4902444,2.617691
4jhw,F,N,496, ,2.033934,2.8570101,3.0260136,2.5934749,0.7753204,2.7069376,2.8835578,2.2083354,3.1507592,3.2282906,2.7151296,3.1382387,2.9722102,3.026032,2.7825456,2.756663,2.744903,3.1850383,2.790882,2.8652494
4jhw,F,E,497, ,2.2524981,3.01462,2.8716483,2.7753787,0.71167135,2.7386742,2.7368693,2.624864,2.9384456,2.9813137,2.677933,3.0053296,3.0023093,2.9722574,2.9218798,2.754855,2.8386757,3.0664825,2.8679533,2.9245756
4jhw,F,K,498, ,1.992452,3.1722884,2.836185,2.5165794,0.90205336,2.54044,2.773145,1.7762308,3.1779454,3.5620232,2.238454,3.451448,2.8673182,3.12785,2.3747406,2.5570188,3.0069299,3.2167034,2.899366,3.028153
4jhw,F,I,499, ,1.8300657,2.6929479,2.910353,2.1479936,1.0677308,2.3927205,3.390226,1.1904031,3.8817925,3.6677432,1.9510114,3.4521117,2.6220138,2.953977,1.8491236,2.2959962,2.9775496,3.2023163,2.785972,2.8160057
4jhw,F,N,500, ,2.3294964,3.0048497,2.8955128,2.7478342,0.7194224,2.7187295,2.764771,2.5810752,2.9669425,3.027269,2.7626033,3.0337443,2.988282,2.968781,2.917873,2.7913098,2.7431004,3.120123,2.822382,2.8180113
4jhw,F,Q,501, ,2.189246,2.927248,2.864261,2.6928227,0.8893712,2.6586852,2.7562873,2.508889,3.0111146,3.0265925,2.72284,2.9713485,2.9419987,3.0012941,2.7962937,2.7579901,2.8076298,3.0775,2.8071222,2.7827182
4jhw,F,S,502, ,2.0529234,3.0507264,2.880782,2.4628463,0.8218727,2.6312008,3.0116937,2.054472,3.328423,3.3928342,2.2813323,3.2948108,2.8205576,2.789741,2.615182,2.5612984,3.0241175,2.899861,2.9443374,3.002138
4jhw,F,L,503, ,1.9980052,2.7862005,2.9169834,2.485148,1.0435442,2.576875,3.0071864,2.169395,3.3418014,3.3461108,2.4400067,3.14903,2.8214161,2.7530537,2.7144928,2.678939,3.0607264,2.9604516,3.0490806,3.103748
4jhw,F,A,504, ,2.2101874,2.9909158,2.9918132,2.697185,0.7032865,2.7564545,2.8998022,2.7308953,3.0860014,3.0433905,2.833922,3.0172772,2.9279144,2.8582387,3.1597228,2.717467,2.668658,2.9608026,2.6983647,2.6787298
4jhw,F,F,505, ,2.186454,2.9747787,2.9651008,2.652917,1.0670997,2.6898968,2.8227992,2.4056678,3.0503097,3.1242108,2.6039655,3.094002,2.9136925,3.0367591,2.7878394,2.776219,3.0097086,3.1476662,2.9988074,3.0206203
4jhw,F,I,506, ,2.302684,2.9896069,2.8010802,2.7153237,1.1025698,2.7275486,2.802526,2.515164,3.0344727,3.1391466,2.7084584,3.066744,2.9843915,3.0428042,2.8020473,2.8044884,2.8720374,3.139378,2.911654,2.9597006
4jhw,F,R,507, ,2.213122,2.9486623,2.9996288,2.6296265,0.97365797,2.6356535,2.8515093,2.4256732,3.1344342,3.190579,2.5523894,3.147003,2.9616113,2.9661689,2.8358877,2.7668493,2.9040756,3.0212426,2.9089928,2.814136
4jhw,F,K,508, ,2.260778,2.8737302,2.8874288,2.6703572,1.036257,2.7443566,2.846108,2.5587215,3.1102884,3.1091256,2.7559602,3.0543358,2.987856,2.9732275,2.9472346,2.8200016,2.7576337,3.0724778,2.8179228,2.7548347
4jhw,F,S,509, ,2.4336894,3.0683768,2.989326,2.7209744,1.4524939,2.6326787,2.770453,2.4548159,2.9236913,3.1043868,2.715418,3.0850046,2.8959947,2.8816037,2.7210836,2.851915,2.932145,3.0111947,2.991378,2.9344954
4jhw,F,D,510, ,2.3845453,3.0109792,2.8767467,2.7972832,1.4813836,2.744512,2.8673403,2.559689,3.0540326,3.1077142,2.7656784,3.0766768,2.966184,3.0348,2.7768652,2.8021176,2.7616494,3.1330385,2.7551095,2.8144674
4jhw,F,E,511, ,2.55121,2.995662,2.7755253,2.7469316,1.5684431,2.6718733,2.7559583,2.6874187,2.9767556,3.1558118,2.7289155,3.0324738,2.9396796,2.9588883,2.9157786,2.7283795,2.7954068,2.998865,2.7565238,2.6283307
4jhw,F,L,512, ,2.5755403,2.990027,2.746703,2.8087184,1.2838557,2.7502072,2.711045,2.5328393,2.8630862,3.110109,2.744814,3.0676174,2.924812,2.9565098,2.8295805,2.748104,2.723001,2.9909053,2.6696713,2.5026207
4jhw,F,L,513, ,2.7052522,2.7673345,2.806852,2.6155524,2.031355,2.4353645,2.5003562,2.5980468,2.568212,2.7512064,2.5927892,2.5837226,2.6686027,2.7040038,2.5445123,2.5458255,2.4609761,2.6345427,2.424192,2.3177419
