pdbid,chainid,variant,score,pe_wt,pe_mt,log_proba_wt,log_proba_mt,log_proba_mt__minus__log_proba_wt
1PGA,A,M1A,-0.1407,-0.40304404,-0.4495042,-2.9491813,-2.9956415,-0.04646015
1PGA,A,M1D,-0.3795,-0.40304404,-0.47001353,-2.9491813,-3.016151,-0.06696963
1PGA,A,M1E,-0.6414,-0.40304404,-0.4236619,-2.9491813,-2.9697993,-0.020617962
1PGA,A,M1L,-0.4573,-0.40304404,-0.38211846,-2.9491813,-2.9282558,0.020925522
1PGA,A,T2E,-0.1299,-0.4340113,-0.41924754,-2.9833236,-2.9685597,0.014763832
1PGA,A,T2F,-0.3008,-0.4340113,-0.41979527,-2.9833236,-2.9691074,0.014216185
1PGA,A,T2G,0.668,-0.4340113,-0.5811335,-2.9833236,-3.1304457,-0.14712214
1PGA,A,T2H,0.1303,-0.4340113,-0.4352816,-2.9833236,-2.9845939,-0.0012702942
1PGA,A,T2I,-1.004,-0.4340113,-0.37014264,-2.9833236,-2.9194548,0.06386876
1PGA,A,T2L,-0.5417,-0.4340113,-0.37189108,-2.9833236,-2.9212031,0.062120438
1PGA,A,T2N,0.1427,-0.4340113,-0.44533134,-2.9833236,-2.9946434,-0.011319876
1PGA,A,T2Q,-0.3391,-0.4340113,-0.44869882,-2.9833236,-2.998011,-0.014687538
1PGA,A,T2R,-0.09091,-0.4340113,-0.43719548,-2.9833236,-2.9865077,-0.0031840801
1PGA,A,Y3A,4.0,-0.14502846,-0.64495593,-2.6001906,-3.1001182,-0.49992752
1PGA,A,Y3D,4.0,-0.14502846,-0.74758875,-2.6001906,-3.202751,-0.6025603
1PGA,A,Y3E,4.0,-0.14502846,-0.709592,-2.6001906,-3.1647542,-0.5645635
1PGA,A,Y3F,-0.5499,-0.14502846,-0.15023755,-2.6001906,-2.6053996,-0.005208969
1PGA,A,Y3G,1.442,-0.14502846,-0.8350091,-2.6001906,-3.2901711,-0.6899805
1PGA,A,Y3H,4.0,-0.14502846,-0.41517377,-2.6001906,-2.870336,-0.27014542
1PGA,A,Y3I,3.293,-0.14502846,-0.47235212,-2.6001906,-2.9275143,-0.32732368
1PGA,A,Y3K,-0.8849,-0.14502846,-0.71209925,-2.6001906,-3.1672614,-0.5670707
1PGA,A,Y3L,3.308,-0.14502846,-0.40333658,-2.6001906,-2.8584988,-0.25830817
1PGA,A,Y3M,2.602,-0.14502846,-0.4645288,-2.6001906,-2.919691,-0.31950045
1PGA,A,Y3N,4.0,-0.14502846,-0.63488054,-2.6001906,-3.0900426,-0.48985195
1PGA,A,Y3P,4.0,-0.14502846,-0.8234857,-2.6001906,-3.278648,-0.67845726
1PGA,A,Y3Q,4.0,-0.14502846,-0.63105935,-2.6001906,-3.0862215,-0.48603082
1PGA,A,Y3S,4.0,-0.14502846,-0.7307445,-2.6001906,-3.1859066,-0.585716
1PGA,A,Y3T,4.0,-0.14502846,-0.6575267,-2.6001906,-3.1126888,-0.51249814
1PGA,A,Y3V,4.0,-0.14502846,-0.4984951,-2.6001906,-2.9536572,-0.3534665
1PGA,A,K4A,0.3378,-0.4357747,-0.492411,-2.9664662,-3.0231025,-0.056636333
1PGA,A,K4D,2.054,-0.4357747,-0.5558833,-2.9664662,-3.0865748,-0.120108604
1PGA,A,K4E,1.356,-0.4357747,-0.49329203,-2.9664662,-3.0239835,-0.05751729
1PGA,A,K4F,-1.04,-0.4357747,-0.41497508,-2.9664662,-2.9456666,0.020799637
1PGA,A,K4G,1.228,-0.4357747,-0.6200856,-2.9664662,-3.150777,-0.18431091
1PGA,A,K4H,-0.7357,-0.4357747,-0.44368562,-2.9664662,-2.9743772,-0.007910967
1PGA,A,K4I,-1.082,-0.4357747,-0.38195172,-2.9664662,-2.9126432,0.053822994
1PGA,A,L5A,2.013,-0.18224685,-0.58159053,-2.6171174,-3.0164611,-0.39934373
1PGA,A,L5D,4.0,-0.18224685,-0.68054605,-2.6171174,-3.1154165,-0.49829912
1PGA,A,L5E,4.0,-0.18224685,-0.63107145,-2.6171174,-3.065942,-0.44882464
1PGA,A,L5F,0.4703,-0.18224685,-0.4041052,-2.6171174,-2.8389757,-0.22185826
1PGA,A,L5G,4.0,-0.18224685,-0.79306835,-2.6171174,-3.227939,-0.6108215
1PGA,A,L5H,4.0,-0.18224685,-0.5291207,-2.6171174,-2.9639912,-0.34687376
1PGA,A,L5I,1.341,-0.18224685,-0.2921608,-2.6171174,-2.7270315,-0.109914064
1PGA,A,L5K,4.0,-0.18224685,-0.8193077,-2.6171174,-3.2541783,-0.6370609
1PGA,A,I6A,1.252,-0.34400293,-0.491879,-2.8801408,-3.0280168,-0.14787602
1PGA,A,I6D,1.965,-0.34400293,-0.5071058,-2.8801408,-3.0432436,-0.16310287
1PGA,A,I6E,1.028,-0.34400293,-0.4534896,-2.8801408,-2.9896274,-0.10948658
1PGA,A,I6F,0.1041,-0.34400293,-0.4036061,-2.8801408,-2.939744,-0.059603214
1PGA,A,I6G,3.076,-0.34400293,-0.6162584,-2.8801408,-3.1523962,-0.27225542
1PGA,A,I6H,1.059,-0.34400293,-0.43837175,-2.8801408,-2.9745097,-0.094368935
1PGA,A,L7A,1.404,-0.32839534,-0.60268563,-2.8113115,-3.0856018,-0.27429032
1PGA,A,L7D,3.108,-0.32839534,-0.6588634,-2.8113115,-3.1417797,-0.33046818
1PGA,A,L7E,2.786,-0.32839534,-0.61570513,-2.8113115,-3.0986214,-0.28730989
1PGA,A,L7F,-0.2555,-0.32839534,-0.29575765,-2.8113115,-2.778674,0.032637596
1PGA,A,L7G,4.0,-0.32839534,-0.77464235,-2.8113115,-3.2575586,-0.4462471
1PGA,A,L7H,1.591,-0.32839534,-0.46790648,-2.8113115,-2.9508228,-0.13951135
1PGA,A,L7I,-0.9735,-0.32839534,-0.3025642,-2.8113115,-2.7854805,0.025830984
1PGA,A,N8A,0.2819,-0.4136985,-0.4729529,-2.956844,-3.0160985,-0.059254408
1PGA,A,N8D,-0.1878,-0.4136985,-0.46316075,-2.956844,-3.0063064,-0.04946232
1PGA,A,N8E,0.007481,-0.4136985,-0.4517551,-2.956844,-2.9949007,-0.038056612
1PGA,A,N8F,-0.3487,-0.4136985,-0.3831369,-2.956844,-2.9262826,0.030561447
1PGA,A,N8G,0.8506,-0.4136985,-0.56439567,-2.956844,-3.1075413,-0.15069723
1PGA,A,N8H,-0.2423,-0.4136985,-0.40916258,-2.956844,-2.9523082,0.0045359135
1PGA,A,N8I,-0.5593,-0.4136985,-0.38890034,-2.956844,-2.932046,0.024798155
1PGA,A,N8K,-0.4528,-0.4136985,-0.4470834,-2.956844,-2.9902291,-0.03338504
1PGA,A,N8L,-0.9527,-0.4136985,-0.3832999,-2.956844,-2.9264455,0.030398607
1PGA,A,N8M,-0.3651,-0.4136985,-0.42473117,-2.956844,-2.967877,-0.01103282
1PGA,A,G9A,0.2526,-0.32288924,-0.316497,-2.7382786,-2.7318864,0.0063922405
1PGA,A,G9D,2.502,-0.32288924,-0.5756957,-2.7382786,-2.991085,-0.25280643
1PGA,A,G9E,1.997,-0.32288924,-0.7163396,-2.7382786,-3.131729,-0.39345026
1PGA,A,G9F,-0.00246,-0.32288924,-0.63741726,-2.7382786,-3.0528066,-0.314528
1PGA,A,K10A,-0.2171,-0.41419688,-0.4486126,-2.9675853,-3.002001,-0.034415722
1PGA,A,K10D,0.4953,-0.41419688,-0.435959,-2.9675853,-2.9893475,-0.021762133
1PGA,A,K10E,-0.5532,-0.41419688,-0.42906603,-2.9675853,-2.9824543,-0.014868975
1PGA,A,K10F,-0.223,-0.41419688,-0.4199914,-2.9675853,-2.9733799,-0.005794525
1PGA,A,K10G,0.3507,-0.41419688,-0.4970277,-2.9675853,-3.050416,-0.08283067
1PGA,A,K10H,-0.1534,-0.41419688,-0.41100344,-2.9675853,-2.9643917,0.0031936169
1PGA,A,K10I,-0.5619,-0.41419688,-0.42258582,-2.9675853,-2.975974,-0.008388758
1PGA,A,T11A,-0.2394,-0.4255828,-0.45731816,-2.9801834,-3.0119188,-0.03173542
1PGA,A,T11D,-0.4589,-0.4255828,-0.41880313,-2.9801834,-2.9734037,0.0067796707
1PGA,A,T11E,-0.4625,-0.4255828,-0.41286367,-2.9801834,-2.9674642,0.012719154
1PGA,A,T11F,-0.7639,-0.4255828,-0.4086854,-2.9801834,-2.963286,0.01689744
1PGA,A,T11G,0.01076,-0.4255828,-0.49707788,-2.9801834,-3.0516784,-0.071495056
1PGA,A,T11H,-0.4212,-0.4255828,-0.4093817,-2.9801834,-2.963982,0.016201258
1PGA,A,T11I,-0.5619,-0.4255828,-0.41624108,-2.9801834,-2.9708416,0.009341717
1PGA,A,T11K,-0.351,-0.4255828,-0.42472067,-2.9801834,-2.9793212,0.0008621216
1PGA,A,T11L,-0.3795,-0.4255828,-0.40866724,-2.9801834,-2.9632678,0.01691556
1PGA,A,T11M,-0.3872,-0.4255828,-0.43865266,-2.9801834,-2.9932532,-0.013069868
1PGA,A,T11N,-0.1678,-0.4255828,-0.42367443,-2.9801834,-2.978275,0.0019083023
1PGA,A,T11P,1.028,-0.4255828,-0.6513879,-2.9801834,-3.2059884,-0.22580504
1PGA,A,T11Q,-0.5916,-0.4255828,-0.44769102,-2.9801834,-3.0022917,-0.022108316
1PGA,A,T11R,-0.3921,-0.4255828,-0.423966,-2.9801834,-2.9785666,0.0016167164
1PGA,A,T11S,-0.3042,-0.4255828,-0.44268116,-2.9801834,-2.9972818,-0.017098427
1PGA,A,L12A,0.2752,-0.36073294,-0.51452625,-2.8947728,-3.048566,-0.15379333
1PGA,A,L12D,0.6799,-0.36073294,-0.5183229,-2.8947728,-3.052363,-0.15759015
1PGA,A,L12E,0.2471,-0.36073294,-0.49399066,-2.8947728,-3.0280306,-0.13325787
1PGA,A,L12G,0.2833,-0.36073294,-0.6343512,-2.8947728,-3.1683912,-0.27361846
1PGA,A,L12H,-0.2832,-0.36073294,-0.43498164,-2.8947728,-2.9690216,-0.07424879
1PGA,A,L12I,-0.9906,-0.36073294,-0.3462742,-2.8947728,-2.880314,0.014458656
1PGA,A,L12K,-0.596,-0.36073294,-0.46524215,-2.8947728,-2.9992821,-0.10450935
1PGA,A,K13A,-0.2103,-0.42882627,-0.4743567,-2.9847732,-3.0303035,-0.04553032
1PGA,A,K13D,0.4547,-0.42882627,-0.48571858,-2.9847732,-3.0416653,-0.056892157
1PGA,A,K13E,-0.02498,-0.42882627,-0.44717234,-2.9847732,-3.0031192,-0.018346071
1PGA,A,K13F,-0.6409,-0.42882627,-0.39247876,-2.9847732,-2.9484255,0.036347628
1PGA,A,K13G,0.3534,-0.42882627,-0.5396606,-2.9847732,-3.0956073,-0.11083412
1PGA,A,K13I,-0.2273,-0.42882627,-0.3962337,-2.9847732,-2.9521804,0.032592773
1PGA,A,G14A,-0.5122,-0.22469732,-0.45024028,-2.6951673,-2.9207103,-0.22554302
1PGA,A,G14D,-0.1038,-0.22469732,-0.46801677,-2.6951673,-2.9384868,-0.24331951
1PGA,A,G14E,-0.531,-0.22469732,-0.5135313,-2.6951673,-2.9840014,-0.2888341
1PGA,A,G14F,-0.6704,-0.22469732,-0.51373935,-2.6951673,-2.9842093,-0.289042
1PGA,A,E15A,-0.4153,-0.3836887,-0.48084307,-2.9189105,-3.016065,-0.09715438
1PGA,A,E15D,0.1927,-0.3836887,-0.47596258,-2.9189105,-3.0111842,-0.09227371
1PGA,A,T16A,-0.2635,-0.44432253,-0.4799587,-2.9732409,-3.008877,-0.035636187
1PGA,A,T16D,1.038,-0.44432253,-0.5274955,-2.9732409,-3.0564137,-0.0831728
1PGA,A,T16E,0.2312,-0.44432253,-0.47687364,-2.9732409,-3.005792,-0.03255105
1PGA,A,T16F,-1.853,-0.44432253,-0.40017718,-2.9732409,-2.9290955,0.044145346
1PGA,A,T16G,1.21,-0.44432253,-0.6217882,-2.9732409,-3.1507065,-0.17746568
1PGA,A,T16H,-0.5104,-0.44432253,-0.44357544,-2.9732409,-2.9724936,0.0007472038
1PGA,A,T16I,-1.011,-0.44432253,-0.36031872,-2.9732409,-2.889237,0.084003925
1PGA,A,T16K,-0.3184,-0.44432253,-0.46578583,-2.9732409,-2.994704,-0.021463156
1PGA,A,T16L,-0.9691,-0.44432253,-0.39769432,-2.9732409,-2.9266126,0.046628237
1PGA,A,T16M,-0.6984,-0.44432253,-0.44670805,-2.9732409,-2.9756262,-0.002385378
1PGA,A,T16N,0.1421,-0.44432253,-0.47938776,-2.9732409,-3.008306,-0.035065174
1PGA,A,T16P,1.993,-0.44432253,-0.7997538,-2.9732409,-3.328672,-0.35543108
1PGA,A,T16Q,-0.3266,-0.44432253,-0.47363725,-2.9732409,-3.0025556,-0.029314756
1PGA,A,T16R,-0.5506,-0.44432253,-0.42548007,-2.9732409,-2.9543984,0.018842459
1PGA,A,T16S,-0.007023,-0.44432253,-0.51830125,-2.9732409,-3.0472195,-0.07397866
1PGA,A,T17A,0.2098,-0.42037424,-0.48152438,-2.9726322,-3.0337822,-0.061150074
1PGA,A,T17D,0.3162,-0.42037424,-0.4924466,-2.9726322,-3.0447044,-0.07207227
1PGA,A,T17E,-0.3336,-0.42037424,-0.4288783,-2.9726322,-2.9811363,-0.008504152
1PGA,A,T17F,-0.6827,-0.42037424,-0.3706618,-2.9726322,-2.9229198,0.04971242
1PGA,A,T17G,1.053,-0.42037424,-0.5625856,-2.9726322,-3.1148436,-0.14221144
1PGA,A,T17H,0.04852,-0.42037424,-0.41842538,-2.9726322,-2.9706833,0.0019488335
1PGA,A,T17I,-0.05838,-0.42037424,-0.404236,-2.9726322,-2.9564939,0.016138315
1PGA,A,T17K,0.0832,-0.42037424,-0.45315343,-2.9726322,-3.0054114,-0.032779217
1PGA,A,T17L,0.06769,-0.42037424,-0.38531104,-2.9726322,-2.937569,0.035063267
1PGA,A,T17M,-0.05629,-0.42037424,-0.4192574,-2.9726322,-2.9715154,0.0011167526
1PGA,A,T17N,0.1293,-0.42037424,-0.45345664,-2.9726322,-3.0057147,-0.033082485
1PGA,A,T17P,2.084,-0.42037424,-0.6081304,-2.9726322,-3.1603885,-0.1877563
1PGA,A,T17Q,-0.2838,-0.42037424,-0.45588717,-2.9726322,-3.008145,-0.035512924
1PGA,A,T17R,-0.2138,-0.42037424,-0.432959,-2.9726322,-2.9852169,-0.012584686
1PGA,A,T17S,-0.388,-0.42037424,-0.46482152,-2.9726322,-3.0170794,-0.044447184
1PGA,A,T18A,-0.2213,-0.4084445,-0.4386649,-2.9131577,-2.943378,-0.03022027
1PGA,A,T18D,1.787,-0.4084445,-0.5610735,-2.9131577,-3.0657866,-0.1526289
1PGA,A,T18E,0.6727,-0.4084445,-0.526036,-2.9131577,-3.030749,-0.11759138
1PGA,A,T18F,-0.5632,-0.4084445,-0.4748013,-2.9131577,-2.9795144,-0.06635666
1PGA,A,T18G,1.735,-0.4084445,-0.57051456,-2.9131577,-3.0752277,-0.16207004
1PGA,A,T18H,0.4238,-0.4084445,-0.49719185,-2.9131577,-3.001905,-0.08874726
1PGA,A,T18I,-0.8377,-0.4084445,-0.37100345,-2.9131577,-2.8757167,0.037441015
1PGA,A,T18K,0.9528,-0.4084445,-0.5509518,-2.9131577,-3.055665,-0.14250731
1PGA,A,T18L,-0.7961,-0.4084445,-0.4060312,-2.9131577,-2.9107442,0.0024135113
1PGA,A,T18M,-0.6229,-0.4084445,-0.462439,-2.9131577,-2.967152,-0.053994417
1PGA,A,T18N,0.8737,-0.4084445,-0.4824787,-2.9131577,-2.987192,-0.074034214
1PGA,A,T18P,4.0,-0.4084445,-0.87708616,-2.9131577,-3.3817992,-0.46864152
1PGA,A,T18Q,0.5862,-0.4084445,-0.49257374,-2.9131577,-2.9972868,-0.084129095
1PGA,A,T18R,0.442,-0.4084445,-0.49484664,-2.9131577,-2.9995599,-0.08640218
1PGA,A,T18S,0.778,-0.4084445,-0.5044581,-2.9131577,-3.0091712,-0.096013546
1PGA,A,E19A,-0.0476,-0.42093402,-0.48377234,-2.9722404,-3.035079,-0.062838554
1PGA,A,E19D,-0.2036,-0.42093402,-0.45530814,-2.9722404,-3.0066147,-0.034374237
1PGA,A,V21A,-0.4182,-0.44194737,-0.44457522,-2.9991426,-3.0017705,-0.0026278496
1PGA,A,V21D,-0.4596,-0.44194737,-0.4337813,-2.9991426,-2.9909766,0.008166075
1PGA,A,V21E,-0.7594,-0.44194737,-0.39599735,-2.9991426,-2.9531927,0.045949936
1PGA,A,V21F,-1.099,-0.44194737,-0.43283844,-2.9991426,-2.9900339,0.009108782
1PGA,A,V21G,-0.1904,-0.44194737,-0.49481264,-2.9991426,-3.052008,-0.052865267
1PGA,A,V21H,-0.1943,-0.44194737,-0.41612616,-2.9991426,-2.9733214,0.025821209
1PGA,A,V21I,-0.543,-0.44194737,-0.4333294,-2.9991426,-2.9905248,0.008617878
1PGA,A,V21K,-0.5363,-0.44194737,-0.41434732,-2.9991426,-2.9715426,0.02760005
1PGA,A,V21L,-0.4146,-0.44194737,-0.4128375,-2.9991426,-2.970033,0.029109716
1PGA,A,V21M,-0.5225,-0.44194737,-0.43852434,-2.9991426,-2.9957197,0.0034229755
1PGA,A,V21N,-0.4976,-0.44194737,-0.43901938,-2.9991426,-2.9962149,0.0029277802
1PGA,A,V21P,-0.8258,-0.44194737,-0.48001775,-2.9991426,-3.037213,-0.03807044
1PGA,A,V21Q,-0.2745,-0.44194737,-0.4333036,-2.9991426,-2.990499,0.008643627
1PGA,A,V21R,-0.5082,-0.44194737,-0.4247814,-2.9991426,-2.9819767,0.0171659
1PGA,A,V21S,-0.4364,-0.44194737,-0.42753506,-2.9991426,-2.9847305,0.014412165
1PGA,A,V21T,-0.1255,-0.44194737,-0.44558722,-2.9991426,-3.0027826,-0.0036399364
1PGA,A,D22A,1.078,-0.34962383,-0.47697225,-2.8597796,-2.987128,-0.12734842
1PGA,A,T25A,-0.8545,-0.44047022,-0.4318099,-2.9863544,-2.977694,0.0086603165
1PGA,A,T25D,-0.2272,-0.44047022,-0.44696403,-2.9863544,-2.992848,-0.0064935684
1PGA,A,T25E,-0.6153,-0.44047022,-0.4115091,-2.9863544,-2.9573932,0.028961182
1PGA,A,T25F,-0.3866,-0.44047022,-0.39966446,-2.9863544,-2.9455485,0.040805817
1PGA,A,T25G,-0.1682,-0.44047022,-0.53687656,-2.9863544,-3.0827606,-0.09640622
1PGA,A,T25H,-0.6744,-0.44047022,-0.42210382,-2.9863544,-2.9679878,0.018366575
1PGA,A,T25I,0.3458,-0.44047022,-0.38033813,-2.9863544,-2.926222,0.060132265
1PGA,A,T25K,0.08343,-0.44047022,-0.43307596,-2.9863544,-2.97896,0.007394314
1PGA,A,T25L,0.05998,-0.44047022,-0.38596457,-2.9863544,-2.9318485,0.054505825
1PGA,A,T25M,-0.2008,-0.44047022,-0.42453998,-2.9863544,-2.970424,0.015930414
1PGA,A,T25N,-0.01742,-0.44047022,-0.4580554,-2.9863544,-3.0039394,-0.01758504
1PGA,A,T25P,2.095,-0.44047022,-0.9002749,-2.9863544,-3.446159,-0.45980453
1PGA,A,T25Q,-0.4703,-0.44047022,-0.4421215,-2.9863544,-2.9880056,-0.0016512871
1PGA,A,T25R,-0.03177,-0.44047022,-0.41980115,-2.9863544,-2.9656851,0.020669222
1PGA,A,T25S,-0.5062,-0.44047022,-0.49040326,-2.9863544,-3.0362873,-0.049932957
1PGA,A,E27A,-0.4055,-0.3618701,-0.46423498,-2.8769398,-2.9793046,-0.10236478
1PGA,A,E27D,0.716,-0.3618701,-0.47069818,-2.8769398,-2.9857678,-0.10882807
1PGA,A,K28A,-0.565,-0.4095703,-0.41514483,-2.9561086,-2.9616833,-0.005574703
1PGA,A,K28D,-0.1015,-0.4095703,-0.4554047,-2.9561086,-3.001943,-0.04583454
1PGA,A,K28E,-0.5592,-0.4095703,-0.4193488,-2.9561086,-2.965887,-0.0097785
1PGA,A,K28F,-0.2707,-0.4095703,-0.41703582,-2.9561086,-2.9635742,-0.007465601
1PGA,A,K28G,0.007366,-0.4095703,-0.492356,-2.9561086,-3.0388944,-0.082785845
1PGA,A,K28H,-0.06766,-0.4095703,-0.42091092,-2.9561086,-2.9674492,-0.011340618
1PGA,A,K28I,-0.7215,-0.4095703,-0.4035426,-2.9561086,-2.9500809,0.0060276985
1PGA,A,V29A,-0.1403,-0.39154792,-0.43748856,-2.9324555,-2.9783962,-0.045940638
1PGA,A,V29D,0.2208,-0.39154792,-0.49621987,-2.9324555,-3.0371275,-0.104671955
1PGA,A,V29E,-0.118,-0.39154792,-0.43867654,-2.9324555,-2.9795842,-0.047128677
1PGA,A,V29F,-0.5923,-0.39154792,-0.39160475,-2.9324555,-2.9325123,-5.6743622e-05
1PGA,A,V29G,0.912,-0.39154792,-0.55046,-2.9324555,-3.0913677,-0.15891218
1PGA,A,V29H,-0.1615,-0.39154792,-0.42871594,-2.9324555,-2.9696236,-0.037168026
1PGA,A,V29I,-0.681,-0.39154792,-0.364493,-2.9324555,-2.9054008,0.027054787
1PGA,A,V29K,-0.3326,-0.39154792,-0.4311034,-2.9324555,-2.972011,-0.03955555
1PGA,A,V29L,-0.2917,-0.39154792,-0.36313653,-2.9324555,-2.9040442,0.028411388
1PGA,A,V29M,-0.1372,-0.39154792,-0.40514135,-2.9324555,-2.946049,-0.013593435
1PGA,A,V29N,0.2247,-0.39154792,-0.46272245,-2.9324555,-3.0036302,-0.07117462
1PGA,A,V29P,2.722,-0.39154792,-1.0170057,-2.9324555,-3.5579133,-0.62545776
1PGA,A,V29Q,-0.3762,-0.39154792,-0.44202748,-2.9324555,-2.9829352,-0.05047965
1PGA,A,V29R,-0.4376,-0.39154792,-0.40520477,-2.9324555,-2.9461124,-0.013656855
1PGA,A,V29S,0.1711,-0.39154792,-0.504333,-2.9324555,-3.0452406,-0.1127851
1PGA,A,V29T,-0.4142,-0.39154792,-0.44444624,-2.9324555,-2.985354,-0.052898407
1PGA,A,F30A,3.04,-0.26181227,-0.52152765,-2.7453785,-3.0050938,-0.25971532
1PGA,A,F30D,0.5043,-0.26181227,-0.63634557,-2.7453785,-3.1199117,-0.37453318
1PGA,A,F30E,4.0,-0.26181227,-0.5773047,-2.7453785,-3.060871,-0.3154924
1PGA,A,K31A,0.4356,-0.41889542,-0.44612885,-2.9579713,-2.9852047,-0.027233362
1PGA,A,K31D,4.0,-0.41889542,-0.5176861,-2.9579713,-3.056762,-0.098790646
1PGA,A,K31E,0.7792,-0.41889542,-0.44795474,-2.9579713,-2.9870305,-0.029059172
1PGA,A,K31F,0.2177,-0.41889542,-0.3864929,-2.9579713,-2.9255688,0.032402515
1PGA,A,K31G,1.156,-0.41889542,-0.54567623,-2.9579713,-3.084752,-0.12678075
1PGA,A,K31H,4.0,-0.41889542,-0.42073113,-2.9579713,-2.959807,-0.0018355846
1PGA,A,K31I,-0.1853,-0.41889542,-0.3782242,-2.9579713,-2.9173,0.04067135
1PGA,A,Q32A,-0.1613,-0.43290633,-0.4188457,-2.9740944,-2.9600337,0.014060736
1PGA,A,Q32D,-0.04907,-0.43290633,-0.46632242,-2.9740944,-3.0075104,-0.033416033
1PGA,A,Q32E,-0.3816,-0.43290633,-0.42755252,-2.9740944,-2.9687405,0.0053539276
1PGA,A,Q32F,0.3163,-0.43290633,-0.42014894,-2.9740944,-2.9613369,0.01275754
1PGA,A,Q32G,0.419,-0.43290633,-0.50134856,-2.9740944,-3.0425365,-0.068442106
1PGA,A,Q32H,0.1958,-0.43290633,-0.42384425,-2.9740944,-2.965032,0.00906229
1PGA,A,Q32I,-0.1103,-0.43290633,-0.4078343,-2.9740944,-2.9490223,0.025072098
1PGA,A,Q32K,-0.5808,-0.43290633,-0.40757623,-2.9740944,-2.9487643,0.025330067
1PGA,A,Q32L,-0.1403,-0.43290633,-0.39213914,-2.9740944,-2.9333272,0.040767193
1PGA,A,Q32M,-0.4955,-0.43290633,-0.4169168,-2.9740944,-2.9581048,0.015989542
1PGA,A,Q32N,0.01396,-0.43290633,-0.44874763,-2.9740944,-2.9899356,-0.015841246
1PGA,A,Q32P,-0.6124,-0.43290633,-1.074554,-2.9740944,-3.615742,-0.6416476
1PGA,A,Y33A,1.774,-0.3105668,-0.50974506,-2.8206382,-3.0198166,-0.19917846
1PGA,A,Y33D,4.0,-0.3105668,-0.5760702,-2.8206382,-3.0861416,-0.2655034
1PGA,A,Y33E,1.739,-0.3105668,-0.5133689,-2.8206382,-3.0234404,-0.20280218
1PGA,A,Y33F,-0.2852,-0.3105668,-0.29738095,-2.8206382,-2.8074524,0.0131857395
1PGA,A,Y33G,3.459,-0.3105668,-0.6337631,-2.8206382,-3.1438346,-0.3231964
1PGA,A,Y33H,1.444,-0.3105668,-0.43025875,-2.8206382,-2.9403303,-0.11969209
1PGA,A,Y33I,0.1415,-0.3105668,-0.44617897,-2.8206382,-2.9562504,-0.13561225
1PGA,A,Y33K,1.525,-0.3105668,-0.5115538,-2.8206382,-3.0216253,-0.2009871
1PGA,A,Y33L,0.7223,-0.3105668,-0.363853,-2.8206382,-2.8739245,-0.053286314
1PGA,A,Y33M,0.5996,-0.3105668,-0.42394346,-2.8206382,-2.934015,-0.113376856
1PGA,A,Y33N,1.953,-0.3105668,-0.53166544,-2.8206382,-3.0417368,-0.22109866
1PGA,A,Y33P,4.0,-0.3105668,-0.9978739,-2.8206382,-3.5079455,-0.68730736
1PGA,A,Y33Q,1.337,-0.3105668,-0.51109123,-2.8206382,-3.0211627,-0.20052457
1PGA,A,Y33R,1.724,-0.3105668,-0.46900034,-2.8206382,-2.9790719,-0.15843368
1PGA,A,Y33T,1.641,-0.3105668,-0.51731056,-2.8206382,-3.0273821,-0.20674396
1PGA,A,Y33V,0.4381,-0.3105668,-0.45864898,-2.8206382,-2.9687204,-0.14808226
1PGA,A,N35A,-0.5888,-0.44529024,-0.4225728,-2.990072,-2.9673545,0.022717476
1PGA,A,N35D,-0.1644,-0.44529024,-0.4761471,-2.990072,-3.0209289,-0.030856848
1PGA,A,N35E,-0.7452,-0.44529024,-0.42236567,-2.990072,-2.9671474,0.022924662
1PGA,A,N35F,-1.001,-0.44529024,-0.40443605,-2.990072,-2.9492178,0.040854216
1PGA,A,N35G,-0.1065,-0.44529024,-0.5038186,-2.990072,-3.0486004,-0.058528423
1PGA,A,N35H,-0.03699,-0.44529024,-0.42061576,-2.990072,-2.9653976,0.024674416
1PGA,A,N35I,-0.6808,-0.44529024,-0.39696866,-2.990072,-2.9417505,0.048321486
1PGA,A,N35K,-1.043,-0.44529024,-0.41255397,-2.990072,-2.9573357,0.0327363
1PGA,A,N35L,-0.8509,-0.44529024,-0.38377178,-2.990072,-2.9285536,0.06151843
1PGA,A,N35M,-0.1763,-0.44529024,-0.41686624,-2.990072,-2.961648,0.028424025
1PGA,A,D36A,-0.3988,-0.43855262,-0.42309064,-2.985022,-2.9695601,0.015461922
1PGA,A,N37A,-0.3611,-0.42668813,-0.43728167,-2.9503627,-2.9609563,-0.010593653
1PGA,A,N37D,1.124,-0.42668813,-0.5476029,-2.9503627,-3.0712776,-0.120914936
1PGA,A,N37E,-0.003751,-0.42668813,-0.475847,-2.9503627,-2.9995217,-0.04915905
1PGA,A,N37F,-1.005,-0.42668813,-0.43664598,-2.9503627,-2.9603207,-0.009958029
1PGA,A,N37G,0.9364,-0.42668813,-0.55333096,-2.9503627,-3.0770056,-0.12664294
1PGA,A,N37H,-0.6965,-0.42668813,-0.43445125,-2.9503627,-2.9581258,-0.0077631474
1PGA,A,N37I,-0.5687,-0.42668813,-0.47074074,-2.9503627,-2.9944153,-0.0440526
1PGA,A,N37K,-1.018,-0.42668813,-0.4263982,-2.9503627,-2.9500728,0.000289917
1PGA,A,N37L,-0.9543,-0.42668813,-0.36791497,-2.9503627,-2.8915896,0.05877304
1PGA,A,N37M,-0.3042,-0.42668813,-0.4244016,-2.9503627,-2.9480762,0.0022864342
1PGA,A,G38D,-0.05173,-0.38040042,-0.42266625,-2.908729,-2.950995,-0.042265892
1PGA,A,G38E,0.1315,-0.38040042,-0.4360873,-2.908729,-2.964416,-0.05568695
1PGA,A,G38F,0.1966,-0.38040042,-0.41922456,-2.908729,-2.9475532,-0.03882408
1PGA,A,V39A,1.181,-0.28556412,-0.5889114,-2.7345645,-3.037912,-0.30334735
1PGA,A,V39D,3.414,-0.28556412,-0.68454605,-2.7345645,-3.1335464,-0.3989818
1PGA,A,V39E,0.273,-0.28556412,-0.6451472,-2.7345645,-3.0941477,-0.35958314
1PGA,A,V39F,-0.6698,-0.28556412,-0.48851115,-2.7345645,-2.9375114,-0.2029469
1PGA,A,V39G,2.291,-0.28556412,-0.76930034,-2.7345645,-3.2183008,-0.48373628
1PGA,A,V39H,1.566,-0.28556412,-0.56714916,-2.7345645,-3.0161495,-0.28158498
1PGA,A,V39I,-0.9096,-0.28556412,-0.22717857,-2.7345645,-2.676179,0.05838561
1PGA,A,V39K,1.962,-0.28556412,-0.72949183,-2.7345645,-3.178492,-0.44392753
1PGA,A,V39L,-0.2675,-0.28556412,-0.27251953,-2.7345645,-2.72152,0.013044596
1PGA,A,V39M,0.2731,-0.28556412,-0.42115265,-2.7345645,-2.870153,-0.13558841
1PGA,A,V39N,4.0,-0.28556412,-0.53922504,-2.7345645,-2.9882255,-0.25366092
1PGA,A,V39P,2.31,-0.28556412,-0.83050984,-2.7345645,-3.2795103,-0.5449457
1PGA,A,V39Q,1.52,-0.28556412,-0.5349559,-2.7345645,-2.9839563,-0.2493918
1PGA,A,V39R,2.039,-0.28556412,-0.6580981,-2.7345645,-3.1070986,-0.37253404
1PGA,A,V39S,1.696,-0.28556412,-0.66608745,-2.7345645,-3.1150877,-0.3805232
1PGA,A,V39T,1.281,-0.28556412,-0.52049077,-2.7345645,-2.969491,-0.23492646
1PGA,A,D40A,-0.1153,-0.4399385,-0.4557343,-2.9887779,-3.0045738,-0.015795946
1PGA,A,G41A,-0.4935,-0.18004054,-0.39938956,-2.638622,-2.8579712,-0.21934915
1PGA,A,G41E,4.0,-0.18004054,-0.5599705,-2.638622,-3.018552,-0.37993002
1PGA,A,G41F,2.315,-0.18004054,-0.555374,-2.638622,-3.0139556,-0.37533355
1PGA,A,E42A,-0.6756,-0.42591518,-0.45450583,-2.981317,-3.0099077,-0.02859068
1PGA,A,E42D,-0.6086,-0.42591518,-0.44224826,-2.981317,-2.9976501,-0.016333103
1PGA,A,T44A,-0.396,-0.42769003,-0.46094018,-2.9742157,-3.0074658,-0.033250093
1PGA,A,T44D,0.06051,-0.42769003,-0.46540135,-2.9742157,-3.0119271,-0.037711382
1PGA,A,T44E,-0.2712,-0.42769003,-0.44177204,-2.9742157,-2.9882977,-0.014081955
1PGA,A,T44F,-0.09238,-0.42769003,-0.39778018,-2.9742157,-2.944306,0.02990985
1PGA,A,T44G,0.1777,-0.42769003,-0.5392059,-2.9742157,-3.0857315,-0.11151576
1PGA,A,T44H,-0.3065,-0.42769003,-0.41283697,-2.9742157,-2.9593625,0.014853239
1PGA,A,T44I,-0.5158,-0.42769003,-0.40972662,-2.9742157,-2.9562523,0.01796341
1PGA,A,T44K,-0.2054,-0.42769003,-0.43453234,-2.9742157,-2.9810581,-0.006842375
1PGA,A,T44L,-0.06871,-0.42769003,-0.4099691,-2.9742157,-2.9564948,0.017720938
1PGA,A,T44M,0.1149,-0.42769003,-0.4326996,-2.9742157,-2.9792252,-0.0050094128
1PGA,A,T44N,0.002354,-0.42769003,-0.4320643,-2.9742157,-2.97859,-0.0043742657
1PGA,A,T44P,4.0,-0.42769003,-0.776839,-2.9742157,-3.3233647,-0.349149
1PGA,A,T44R,-0.1073,-0.42769003,-0.40983826,-2.9742157,-2.956364,0.01785183
1PGA,A,T44S,-0.3613,-0.42769003,-0.45920062,-2.9742157,-3.0057263,-0.03151059
1PGA,A,Y45A,4.0,-0.24639055,-0.59346545,-2.743077,-3.0901518,-0.34707475
1PGA,A,Y45D,1.05,-0.24639055,-0.666087,-2.743077,-3.1627734,-0.41969633
1PGA,A,Y45E,4.0,-0.24639055,-0.6003936,-2.743077,-3.09708,-0.35400295
1PGA,A,Y45F,0.05214,-0.24639055,-0.22537477,-2.743077,-2.7220612,0.021015882
1PGA,A,Y45G,4.0,-0.24639055,-0.7603213,-2.743077,-3.2570076,-0.51393056
1PGA,A,Y45H,4.0,-0.24639055,-0.41546544,-2.743077,-2.9121518,-0.16907477
1PGA,A,Y45I,2.238,-0.24639055,-0.411088,-2.743077,-2.9077744,-0.16469741
1PGA,A,Y45K,3.124,-0.24639055,-0.59113425,-2.743077,-3.0878205,-0.3447435
1PGA,A,Y45L,1.79,-0.24639055,-0.32574746,-2.743077,-2.822434,-0.07935691
1PGA,A,Y45M,2.494,-0.24639055,-0.42394152,-2.743077,-2.9206278,-0.1775508
1PGA,A,Y45N,4.0,-0.24639055,-0.56866,-2.743077,-3.0653465,-0.32226944
1PGA,A,Y45P,4.0,-0.24639055,-0.7606495,-2.743077,-3.257336,-0.51425886
1PGA,A,Y45Q,4.0,-0.24639055,-0.55479956,-2.743077,-3.051486,-0.30840898
1PGA,A,Y45R,2.224,-0.24639055,-0.52326155,-2.743077,-3.019948,-0.27687097
1PGA,A,Y45S,2.968,-0.24639055,-0.64924234,-2.743077,-3.1459289,-0.40285182
1PGA,A,Y45T,4.0,-0.24639055,-0.56233996,-2.743077,-3.0590262,-0.3159492
1PGA,A,Y45V,2.526,-0.24639055,-0.43409562,-2.743077,-2.930782,-0.18770504
1PGA,A,D46A,1.828,-0.33351988,-0.50477594,-2.8516307,-3.0228868,-0.17125607
1PGA,A,D47A,-0.2221,-0.42092252,-0.45115852,-2.979377,-3.009613,-0.030236006
1PGA,A,T49A,0.5603,-0.42853075,-0.45615178,-2.9665565,-2.9941776,-0.02762103
1PGA,A,T49D,0.8437,-0.42853075,-0.47301012,-2.9665565,-3.011036,-0.04447937
1PGA,A,T49E,0.3464,-0.42853075,-0.4607708,-2.9665565,-2.9987967,-0.032240152
1PGA,A,T49F,0.6914,-0.42853075,-0.40609035,-2.9665565,-2.944116,0.022440434
1PGA,A,T49G,0.9138,-0.42853075,-0.5412577,-2.9665565,-3.0792835,-0.11272693
1PGA,A,T49H,0.4735,-0.42853075,-0.40941745,-2.9665565,-2.9474432,0.019113302
1PGA,A,T49I,0.3294,-0.42853075,-0.44885978,-2.9665565,-2.9868855,-0.020328999
1PGA,A,T49K,0.03498,-0.42853075,-0.42206246,-2.9665565,-2.9600883,0.006468296
1PGA,A,T49L,-0.205,-0.42853075,-0.40244755,-2.9665565,-2.9404736,0.026082993
1PGA,A,T49M,0.4494,-0.42853075,-0.4452072,-2.9665565,-2.983233,-0.016676426
1PGA,A,T49N,-0.07347,-0.42853075,-0.42376202,-2.9665565,-2.961788,0.00476861
1PGA,A,T49P,4.0,-0.42853075,-0.8490962,-2.9665565,-3.3871222,-0.4205656
1PGA,A,T49Q,0.389,-0.42853075,-0.4428382,-2.9665565,-2.980864,-0.014307499
1PGA,A,T49R,0.4665,-0.42853075,-0.39905998,-2.9665565,-2.9370859,0.029470682
1PGA,A,T49S,-0.1832,-0.42853075,-0.4678689,-2.9665565,-3.0058947,-0.039338112
1PGA,A,K50A,0.1937,-0.41662437,-0.5096356,-2.926673,-3.0196843,-0.09301138
1PGA,A,K50D,1.329,-0.41662437,-0.5622595,-2.926673,-3.072308,-0.14563513
1PGA,A,K50E,1.087,-0.41662437,-0.5375937,-2.926673,-3.0476425,-0.120969534
1PGA,A,K50F,-0.3438,-0.41662437,-0.36727187,-2.926673,-2.8773205,0.049352407
1PGA,A,K50G,0.2322,-0.41662437,-0.54655683,-2.926673,-3.0566056,-0.12993264
1PGA,A,K50H,-0.8224,-0.41662437,-0.40224934,-2.926673,-2.912298,0.014374971
1PGA,A,K50I,1.524,-0.41662437,-0.5959878,-2.926673,-3.1060364,-0.17936349
1PGA,A,T51A,1.098,-0.4243535,-0.46959716,-2.942711,-2.9879546,-0.0452435
1PGA,A,T51D,3.311,-0.4243535,-0.5515685,-2.942711,-3.069926,-0.12721491
1PGA,A,T51E,0.762,-0.4243535,-0.46783072,-2.942711,-2.9861884,-0.043477297
1PGA,A,T51F,4.0,-0.4243535,-0.44460797,-2.942711,-2.9629655,-0.020254374
1PGA,A,T51G,2.483,-0.4243535,-0.61997956,-2.942711,-3.1383371,-0.19562602
1PGA,A,T51H,2.158,-0.4243535,-0.47635403,-2.942711,-2.9947116,-0.052000523
1PGA,A,T51I,0.3024,-0.4243535,-0.354181,-2.942711,-2.8725386,0.07017255
1PGA,A,T51K,1.384,-0.4243535,-0.4853797,-2.942711,-3.0037372,-0.061026096
1PGA,A,T51L,1.049,-0.4243535,-0.38038632,-2.942711,-2.8987439,0.043967247
1PGA,A,T51M,0.9797,-0.4243535,-0.42279252,-2.942711,-2.9411502,0.0015609264
1PGA,A,T51N,2.194,-0.4243535,-0.48072013,-2.942711,-2.9990778,-0.056366682
1PGA,A,T51P,4.0,-0.4243535,-0.9268614,-2.942711,-3.445219,-0.5025079
1PGA,A,T51Q,1.033,-0.4243535,-0.46371546,-2.942711,-2.982073,-0.039361954
1PGA,A,T51R,1.846,-0.4243535,-0.44518232,-2.942711,-2.9635398,-0.020828724
1PGA,A,T51S,0.6244,-0.4243535,-0.5184226,-2.942711,-3.03678,-0.094069004
1PGA,A,F52A,4.0,-0.16624074,-0.6283584,-2.6413229,-3.1034405,-0.46211767
1PGA,A,F52D,4.0,-0.16624074,-0.706285,-2.6413229,-3.1813672,-0.5400443
1PGA,A,F52E,4.0,-0.16624074,-0.65127707,-2.6413229,-3.1263592,-0.48503637
1PGA,A,T53A,1.182,-0.43822908,-0.48704687,-2.9778826,-3.0267005,-0.048817873
1PGA,A,T53D,1.704,-0.43822908,-0.52403206,-2.9778826,-3.0636857,-0.08580303
1PGA,A,T53E,0.2464,-0.43822908,-0.45923358,-2.9778826,-2.998887,-0.021004438
1PGA,A,T53F,0.01734,-0.43822908,-0.3716956,-2.9778826,-2.9113493,0.06653333
1PGA,A,T53G,4.0,-0.43822908,-0.5973458,-2.9778826,-3.1369994,-0.15911674
1PGA,A,T53I,0.0538,-0.43822908,-0.36755913,-2.9778826,-2.9072127,0.07066989
1PGA,A,T53K,0.4461,-0.43822908,-0.4592905,-2.9778826,-2.998944,-0.02106142
1PGA,A,T53L,0.3705,-0.43822908,-0.38315716,-2.9778826,-2.9228108,0.05507183
1PGA,A,T53M,-0.1526,-0.43822908,-0.42436767,-2.9778826,-2.9640212,0.013861418
1PGA,A,T53N,0.6512,-0.43822908,-0.4596693,-2.9778826,-2.999323,-0.021440268
1PGA,A,T53P,4.0,-0.43822908,-0.78081024,-2.9778826,-3.320464,-0.34258127
1PGA,A,T53Q,0.3506,-0.43822908,-0.46573132,-2.9778826,-3.005385,-0.027502298
1PGA,A,T53R,0.2691,-0.43822908,-0.4292124,-2.9778826,-2.9688659,0.009016752
1PGA,A,T53S,0.4351,-0.43822908,-0.49978647,-2.9778826,-3.0394402,-0.06155753
1PGA,A,V54A,1.889,-0.25615582,-0.4927577,-2.6914713,-2.9280732,-0.23660183
1PGA,A,V54D,2.667,-0.25615582,-0.5928331,-2.6914713,-3.0281487,-0.3366773
1PGA,A,V54E,4.0,-0.25615582,-0.6040581,-2.6914713,-3.0393736,-0.3479023
1PGA,A,V54F,1.638,-0.25615582,-0.5950511,-2.6914713,-3.0303667,-0.33889532
1PGA,A,V54G,4.0,-0.25615582,-0.7421175,-2.6914713,-3.177433,-0.48596168
1PGA,A,V54H,4.0,-0.25615582,-0.62040865,-2.6914713,-3.0557241,-0.3642528
1PGA,A,V54I,-0.2612,-0.25615582,-0.28761405,-2.6914713,-2.7229295,-0.03145814
1PGA,A,V54K,4.0,-0.25615582,-0.8099909,-2.6914713,-3.2453065,-0.55383515
1PGA,A,V54L,0.07873,-0.25615582,-0.34993705,-2.6914713,-2.7852526,-0.09378123
1PGA,A,V54M,0.6845,-0.25615582,-0.4937594,-2.6914713,-2.929075,-0.23760366
1PGA,A,V54N,4.0,-0.25615582,-0.49123782,-2.6914713,-2.9265532,-0.23508191
1PGA,A,V54P,-0.422,-0.25615582,-0.8780469,-2.6914713,-3.3133624,-0.621891
1PGA,A,V54Q,2.905,-0.25615582,-0.5550749,-2.6914713,-2.9903903,-0.29891896
1PGA,A,V54R,4.0,-0.25615582,-0.7663761,-2.6914713,-3.2016916,-0.5102203
1PGA,A,V54S,1.542,-0.25615582,-0.5908809,-2.6914713,-3.0261965,-0.33472514
1PGA,A,V54T,1.676,-0.25615582,-0.47740507,-2.6914713,-2.9127207,-0.22124934
1PGA,A,T55A,0.7046,-0.43447486,-0.46801224,-2.9776344,-3.0111718,-0.033537388
1PGA,A,T55D,0.3296,-0.43447486,-0.48099527,-2.9776344,-3.0241547,-0.046520233
1PGA,A,T55E,0.3561,-0.43447486,-0.43734044,-2.9776344,-2.9805,-0.002865553
1PGA,A,T55F,0.1949,-0.43447486,-0.40297374,-2.9776344,-2.9461331,0.031501293
1PGA,A,T55G,0.981,-0.43447486,-0.56427586,-2.9776344,-3.1074352,-0.1298008
1PGA,A,T55H,0.662,-0.43447486,-0.42324266,-2.9776344,-2.966402,0.011232376
1PGA,A,T55I,0.2417,-0.43447486,-0.3864708,-2.9776344,-2.9296303,0.04800415
1PGA,A,T55K,0.637,-0.43447486,-0.4385684,-2.9776344,-2.9817278,-0.0040934086
1PGA,A,T55L,0.2955,-0.43447486,-0.40265614,-2.9776344,-2.9458156,0.031818867
1PGA,A,T55M,0.4753,-0.43447486,-0.43471456,-2.9776344,-2.977874,-0.00023961067
1PGA,A,T55N,-0.3415,-0.43447486,-0.4435709,-2.9776344,-2.9867303,-0.009095907
1PGA,A,T55P,4.0,-0.43447486,-0.76210374,-2.9776344,-3.3052633,-0.32762885
1PGA,A,T55Q,0.03916,-0.43447486,-0.4484002,-2.9776344,-2.9915597,-0.013925314
1PGA,A,T55R,0.131,-0.43447486,-0.41555128,-2.9776344,-2.9587107,0.01892376
1PGA,A,T55S,-0.3475,-0.43447486,-0.4689216,-2.9776344,-3.0120811,-0.034446716
1PGA,A,E56A,0.1844,-0.4384493,-0.47175702,-2.971462,-3.0047698,-0.03330779
1PGA,A,E56D,0.1048,-0.4384493,-0.43308067,-2.971462,-2.9660935,0.005368471
1PGA,A,E56F,-1.03,-0.4384493,-0.42299095,-2.971462,-2.9560037,0.015458345
1PGA,A,E56G,0.3161,-0.4384493,-0.5029052,-2.971462,-3.035918,-0.064455986
1PGA,A,E56H,1.057,-0.4384493,-0.4374287,-2.971462,-2.9704416,0.0010204315
1PGA,A,E56I,-0.01867,-0.4384493,-0.46644917,-2.971462,-2.999462,-0.027999878
1PGA,A,E56K,1.043,-0.4384493,-0.46587643,-2.971462,-2.9988892,-0.027427197
1PGA,A,E56L,0.1419,-0.4384493,-0.40010843,-2.971462,-2.9331212,0.038340807
1PGA,A,E56M,0.2874,-0.4384493,-0.4122197,-2.971462,-2.9452324,0.02622962
1PGA,A,E56N,-0.1297,-0.4384493,-0.41978312,-2.971462,-2.952796,0.018666029
1PGA,A,E56P,0.6575,-0.4384493,-0.77077377,-2.971462,-3.3037865,-0.3323245
1PGA,A,E56Q,-0.2083,-0.4384493,-0.4415503,-2.971462,-2.9745631,-0.0031011105
1PGA,A,E56R,1.339,-0.4384493,-0.43239537,-2.971462,-2.965408,0.0060539246
1PGA,A,E56S,0.1691,-0.4384493,-0.49397835,-2.971462,-3.0269911,-0.055529118
1PGA,A,E56T,0.2044,-0.4384493,-0.4910798,-2.971462,-3.0240927,-0.052630663
1PGA,A,E56V,0.2482,-0.4384493,-0.4609909,-2.971462,-2.9940038,-0.022541761
1PGA,A,E56Y,-0.6801,-0.4384493,-0.43498605,-2.971462,-2.9679987,0.0034632683
1PGA,A,T55V,0.2301,-0.43447486,-0.3948135,-2.9776344,-2.937973,0.039661407
1PGA,A,T55Y,0.1379,-0.43447486,-0.40472087,-2.9776344,-2.9478803,0.029754162
1PGA,A,V54Y,1.728,-0.25615582,-0.6848426,-2.6914713,-3.1201582,-0.42868686
1PGA,A,T53V,0.1104,-0.43822908,-0.37734717,-2.9778826,-2.9170008,0.060881853
1PGA,A,T53Y,-0.2362,-0.43822908,-0.3763519,-2.9778826,-2.9160056,0.061877012
1PGA,A,F52G,4.0,-0.16624074,-0.80213577,-2.6413229,-3.2772179,-0.635895
1PGA,A,F52H,2.656,-0.16624074,-0.42165002,-2.6413229,-2.896732,-0.25540924
1PGA,A,F52I,0.2429,-0.16624074,-0.38726416,-2.6413229,-2.8623462,-0.22102332
1PGA,A,F52K,4.0,-0.16624074,-0.7113322,-2.6413229,-3.1864142,-0.5450914
1PGA,A,F52L,2.526,-0.16624074,-0.34293303,-2.6413229,-2.818015,-0.17669225
1PGA,A,F52M,2.706,-0.16624074,-0.4263893,-2.6413229,-2.9014714,-0.26014853
1PGA,A,F52N,4.0,-0.16624074,-0.60626733,-2.6413229,-3.0813494,-0.44002652
1PGA,A,F52P,1.719,-0.16624074,-0.80962545,-2.6413229,-3.2847075,-0.6433847
1PGA,A,F52Q,4.0,-0.16624074,-0.5846111,-2.6413229,-3.0596933,-0.4183705
1PGA,A,F52R,4.0,-0.16624074,-0.6283885,-2.6413229,-3.1034706,-0.4621477
1PGA,A,F52S,4.0,-0.16624074,-0.70458037,-2.6413229,-3.1796625,-0.5383396
1PGA,A,F52T,4.0,-0.16624074,-0.6211455,-2.6413229,-3.0962276,-0.4549048
1PGA,A,F52V,2.992,-0.16624074,-0.45570582,-2.6413229,-2.930788,-0.2894652
1PGA,A,F52Y,0.3431,-0.16624074,-0.20567027,-2.6413229,-2.6807523,-0.039429426
1PGA,A,T51V,0.5016,-0.4243535,-0.35327214,-2.942711,-2.8716297,0.0710814
1PGA,A,T51Y,1.635,-0.4243535,-0.4579669,-2.942711,-2.9763246,-0.033613443
1PGA,A,K50L,-0.5464,-0.41662437,-0.3802528,-2.926673,-2.8903015,0.03637147
1PGA,A,K50M,0.05043,-0.41662437,-0.41185355,-2.926673,-2.9219022,0.004770756
1PGA,A,K50N,-0.3757,-0.41662437,-0.43691403,-2.926673,-2.9469626,-0.02028966
1PGA,A,K50P,4.0,-0.41662437,-0.84941036,-2.926673,-3.359459,-0.432786
1PGA,A,K50Q,-1.167,-0.41662437,-0.43932682,-2.926673,-2.9493754,-0.022702456
1PGA,A,K50R,-0.7618,-0.41662437,-0.37671974,-2.926673,-2.8867683,0.039904594
1PGA,A,K50S,0.2897,-0.41662437,-0.5633889,-2.926673,-3.0734375,-0.14676452
1PGA,A,K50T,1.168,-0.41662437,-0.5839339,-2.926673,-3.0939825,-0.16730952
1PGA,A,K50V,1.345,-0.41662437,-0.5689856,-2.926673,-3.0790343,-0.1523614
1PGA,A,K50Y,-0.4603,-0.41662437,-0.3812424,-2.926673,-2.8912911,0.035381794
1PGA,A,T49V,0.499,-0.42853075,-0.4321146,-2.9665565,-2.9701405,-0.003583908
1PGA,A,T49Y,0.8254,-0.42853075,-0.4089063,-2.9665565,-2.9469323,0.019624233
1PGA,A,A48D,-0.3508,-0.43577194,-0.43891525,-2.98856,-2.9917033,-0.0031433105
1PGA,A,A48E,-0.4587,-0.43577194,-0.40882596,-2.98856,-2.961614,0.026946068
1PGA,A,A48F,-0.004024,-0.43577194,-0.42643255,-2.98856,-2.9792204,0.009339571
1PGA,A,A48G,0.1165,-0.43577194,-0.48181668,-2.98856,-3.0346045,-0.046044588
1PGA,A,A48H,0.08335,-0.43577194,-0.41814518,-2.98856,-2.9709332,0.017626762
1PGA,A,A48I,-0.06508,-0.43577194,-0.42902675,-2.98856,-2.9818146,0.0067453384
1PGA,A,A48K,-0.4986,-0.43577194,-0.4145658,-2.98856,-2.9673538,0.02120614
1PGA,A,A48L,-0.5142,-0.43577194,-0.40458804,-2.98856,-2.957376,0.031183958
1PGA,A,A48M,0.03654,-0.43577194,-0.43237638,-2.98856,-2.9851644,0.0033955574
1PGA,A,A48N,-0.1345,-0.43577194,-0.42679167,-2.98856,-2.9795797,0.008980274
1PGA,A,A48P,-0.01175,-0.43577194,-0.64858377,-2.98856,-3.2013717,-0.21281171
1PGA,A,A48Q,-0.5385,-0.43577194,-0.43834296,-2.98856,-2.9911308,-0.0025708675
1PGA,A,A48R,-0.1224,-0.43577194,-0.41968006,-2.98856,-2.972468,0.016092062
1PGA,A,A48S,-0.2873,-0.43577194,-0.42645055,-2.98856,-2.9792385,0.009321451
1PGA,A,A48T,-0.1552,-0.43577194,-0.44173908,-2.98856,-2.994527,-0.00596714
1PGA,A,A48V,-0.3335,-0.43577194,-0.437776,-2.98856,-2.9905639,-0.0020039082
1PGA,A,A48Y,-0.4127,-0.43577194,-0.43208846,-2.98856,-2.9848764,0.003683567
1PGA,A,D47E,-0.6884,-0.42092252,-0.37291393,-2.979377,-2.9313684,0.04800868
1PGA,A,D47F,-0.5808,-0.42092252,-0.40886658,-2.979377,-2.967321,0.012056112
1PGA,A,D47G,-0.2496,-0.42092252,-0.51474875,-2.979377,-3.073203,-0.093826056
1PGA,A,D47H,0.1733,-0.42092252,-0.4121295,-2.979377,-2.970584,0.008793116
1PGA,A,D47I,-0.7419,-0.42092252,-0.4315749,-2.979377,-2.9900293,-0.010652304
1PGA,A,D47K,-0.3256,-0.42092252,-0.42972818,-2.979377,-2.9881825,-0.008805513
1PGA,A,D47L,0.3316,-0.42092252,-0.40544987,-2.979377,-2.9639044,0.0154726505
1PGA,A,D47M,0.7547,-0.42092252,-0.43053326,-2.979377,-2.9889877,-0.009610653
1PGA,A,D47N,-0.3454,-0.42092252,-0.44782534,-2.979377,-3.0062797,-0.026902676
1PGA,A,D47P,-0.8987,-0.42092252,-0.47712493,-2.979377,-3.0355794,-0.05620241
1PGA,A,D47Q,-0.5846,-0.42092252,-0.43689984,-2.979377,-2.9953542,-0.015977144
1PGA,A,D47R,-0.1762,-0.42092252,-0.43829226,-2.979377,-2.9967468,-0.017369747
1PGA,A,D47S,-0.4559,-0.42092252,-0.44085264,-2.979377,-2.9993072,-0.019930124
1PGA,A,D47T,0.06607,-0.42092252,-0.45471796,-2.979377,-3.0131724,-0.033795357
1PGA,A,D47V,0.00552,-0.42092252,-0.44619316,-2.979377,-3.0046475,-0.025270462
1PGA,A,D47Y,-0.3546,-0.42092252,-0.41816005,-2.979377,-2.9766145,0.002762556
1PGA,A,D46E,0.0487,-0.33351988,-0.46487147,-2.8516307,-2.9829822,-0.13135147
1PGA,A,D46F,0.5241,-0.33351988,-0.44678205,-2.8516307,-2.9648929,-0.11326218
1PGA,A,D46G,2.667,-0.33351988,-0.63203156,-2.8516307,-3.1501424,-0.29851174
1PGA,A,D46H,0.8399,-0.33351988,-0.44799995,-2.8516307,-2.9661107,-0.11448002
1PGA,A,D46K,0.6075,-0.33351988,-0.48842788,-2.8516307,-3.0065386,-0.15490794
1PGA,A,D46L,0.5259,-0.33351988,-0.43150353,-2.8516307,-2.9496143,-0.0979836
1PGA,A,D46M,0.8416,-0.33351988,-0.4717699,-2.8516307,-2.9898808,-0.13825011
1PGA,A,D46N,-0.472,-0.33351988,-0.3579812,-2.8516307,-2.876092,-0.02446127
1PGA,A,D46P,4.0,-0.33351988,-0.8281229,-2.8516307,-3.3462338,-0.49460316
1PGA,A,D46Q,0.3826,-0.33351988,-0.50159156,-2.8516307,-3.0197024,-0.16807175
1PGA,A,D46R,1.716,-0.33351988,-0.45454377,-2.8516307,-2.9726546,-0.12102389
1PGA,A,D46S,0.1975,-0.33351988,-0.50683755,-2.8516307,-3.0249484,-0.17331767
1PGA,A,D46T,0.8039,-0.33351988,-0.50379574,-2.8516307,-3.0219066,-0.17027593
1PGA,A,D46V,0.5117,-0.33351988,-0.42612085,-2.8516307,-2.9442317,-0.09260106
1PGA,A,D46Y,1.309,-0.33351988,-0.46358323,-2.8516307,-2.981694,-0.1300633
1PGA,A,T44V,0.1041,-0.42769003,-0.40674552,-2.9742157,-2.9532712,0.020944595
1PGA,A,T44Y,-0.4001,-0.42769003,-0.39662415,-2.9742157,-2.9431498,0.03106594
1PGA,A,E42F,-0.625,-0.42591518,-0.41770768,-2.981317,-2.9731097,0.008207321
1PGA,A,E42G,0.8815,-0.42591518,-0.5153913,-2.981317,-3.0707932,-0.08947611
1PGA,A,E42I,-1.191,-0.42591518,-0.3920787,-2.981317,-2.9474807,0.033836365
1PGA,A,E42K,-0.6484,-0.42591518,-0.42347702,-2.981317,-2.978879,0.0024380684
1PGA,A,E42L,-0.607,-0.42591518,-0.40409857,-2.981317,-2.9595006,0.021816492
1PGA,A,E42M,-0.4159,-0.42591518,-0.43799797,-2.981317,-2.9933999,-0.012082815
1PGA,A,E42N,-0.2477,-0.42591518,-0.4313782,-2.981317,-2.9867802,-0.0054631233
1PGA,A,E42P,1.255,-0.42591518,-0.60236955,-2.981317,-3.1577716,-0.17645454
1PGA,A,E42Q,-0.7139,-0.42591518,-0.44135833,-2.981317,-2.9967604,-0.015443325
1PGA,A,E42R,-0.5541,-0.42591518,-0.41439503,-2.981317,-2.9697971,0.011519909
1PGA,A,E42S,-0.005709,-0.42591518,-0.44998628,-2.981317,-3.0053883,-0.024071217
1PGA,A,E42T,-0.1269,-0.42591518,-0.429082,-2.981317,-2.984484,-0.003166914
1PGA,A,E42V,-0.2759,-0.42591518,-0.4003849,-2.981317,-2.955787,0.0255301
1PGA,A,E42Y,-0.694,-0.42591518,-0.41905743,-2.981317,-2.9744594,0.0068576336
1PGA,A,G41H,4.0,-0.18004054,-0.52893597,-2.638622,-2.9875174,-0.3488953
1PGA,A,G41I,-0.5839,-0.18004054,-0.6885773,-2.638622,-3.1471589,-0.5085368
1PGA,A,G41K,2.411,-0.18004054,-0.54109764,-2.638622,-2.999679,-0.36105704
1PGA,A,G41L,4.0,-0.18004054,-0.56145227,-2.638622,-3.0200338,-0.3814118
1PGA,A,G41M,-0.1888,-0.18004054,-0.5466361,-2.638622,-3.0052176,-0.3665955
1PGA,A,G41N,4.0,-0.18004054,-0.4976251,-2.638622,-2.9562066,-0.3175845
1PGA,A,G41P,4.0,-0.18004054,-0.90115356,-2.638622,-3.359735,-0.72111297
1PGA,A,G41Q,4.0,-0.18004054,-0.54896677,-2.638622,-3.0075483,-0.3689263
1PGA,A,G41R,-0.4337,-0.18004054,-0.5292874,-2.638622,-2.9878688,-0.34924674
1PGA,A,G41S,4.0,-0.18004054,-0.46744442,-2.638622,-2.9260259,-0.28740382
1PGA,A,G41T,4.0,-0.18004054,-0.57640576,-2.638622,-3.0349872,-0.39636517
1PGA,A,G41V,4.0,-0.18004054,-0.65514743,-2.638622,-3.113729,-0.47510695
1PGA,A,G41Y,2.488,-0.18004054,-0.55956805,-2.638622,-3.0181496,-0.37952757
1PGA,A,D40E,-0.5006,-0.4399385,-0.43182358,-2.9887779,-2.980663,0.008114815
1PGA,A,D40F,-0.8243,-0.4399385,-0.42002004,-2.9887779,-2.9688594,0.019918442
1PGA,A,D40G,0.1589,-0.4399385,-0.51110536,-2.9887779,-3.0599446,-0.071166754
1PGA,A,D40H,4.0,-0.4399385,-0.4228859,-2.9887779,-2.9717252,0.01705265
1PGA,A,D40I,-0.5893,-0.4399385,-0.4188744,-2.9887779,-2.9677138,0.021064043
1PGA,A,D40K,-0.5482,-0.4399385,-0.4312234,-2.9887779,-2.9800627,0.008715153
1PGA,A,D40L,-0.1702,-0.4399385,-0.41518155,-2.9887779,-2.964021,0.024756908
1PGA,A,D40M,-0.4579,-0.4399385,-0.43989906,-2.9887779,-2.9887385,3.9339066e-05
1PGA,A,D40N,-0.6686,-0.4399385,-0.42199296,-2.9887779,-2.9708323,0.017945528
1PGA,A,D40P,1.723,-0.4399385,-0.69944096,-2.9887779,-3.2482803,-0.2595024
1PGA,A,D40Q,-0.7176,-0.4399385,-0.44831204,-2.9887779,-2.9971514,-0.008373499
1PGA,A,D40R,-0.5541,-0.4399385,-0.41787902,-2.9887779,-2.9667184,0.02205944
1PGA,A,D40S,-0.5632,-0.4399385,-0.4373629,-2.9887779,-2.9862022,0.002575636
1PGA,A,D40T,-0.5705,-0.4399385,-0.42098278,-2.9887779,-2.9698222,0.018955708
1PGA,A,D40V,-0.5867,-0.4399385,-0.41631275,-2.9887779,-2.9651523,0.023625612
1PGA,A,D40Y,-0.8437,-0.4399385,-0.420394,-2.9887779,-2.9692335,0.019544363
1PGA,A,V39Y,0.4204,-0.28556412,-0.59203166,-2.7345645,-3.041032,-0.30646753
1PGA,A,G38H,-0.5023,-0.38040042,-0.40421796,-2.908729,-2.9325466,-0.02381754
1PGA,A,G38I,1.439,-0.38040042,-0.60016567,-2.908729,-3.1284943,-0.21976519
1PGA,A,G38K,-0.2873,-0.38040042,-0.39931646,-2.908729,-2.9276452,-0.01891613
1PGA,A,G38L,-0.04239,-0.38040042,-0.43188977,-2.908729,-2.9602184,-0.051489353
1PGA,A,G38M,0.4658,-0.38040042,-0.44372693,-2.908729,-2.9720557,-0.0633266
1PGA,A,G38N,-0.3001,-0.38040042,-0.37732434,-2.908729,-2.905653,0.0030760765
1PGA,A,G38P,2.741,-0.38040042,-0.93357337,-2.908729,-3.4619021,-0.55317307
1PGA,A,G38Q,-0.1927,-0.38040042,-0.42606935,-2.908729,-2.954398,-0.04566884
1PGA,A,G38R,0.4179,-0.38040042,-0.39830527,-2.908729,-2.9266338,-0.017904758
1PGA,A,G38S,0.1732,-0.38040042,-0.467508,-2.908729,-2.9958367,-0.08710766
1PGA,A,G38T,1.006,-0.38040042,-0.54749703,-2.908729,-3.0758257,-0.16709661
1PGA,A,G38V,1.306,-0.38040042,-0.56196547,-2.908729,-3.0902941,-0.18156505
1PGA,A,G38Y,0.4339,-0.38040042,-0.43176383,-2.908729,-2.9600925,-0.05136347
1PGA,A,N37P,3.694,-0.42668813,-0.95665723,-2.9503627,-3.480332,-0.5299692
1PGA,A,N37Q,-0.9441,-0.42668813,-0.4055532,-2.9503627,-2.9292278,0.021134853
1PGA,A,N37R,-0.4179,-0.42668813,-0.39111632,-2.9503627,-2.914791,0.035571575
1PGA,A,N37S,-0.2243,-0.42668813,-0.5120442,-2.9503627,-3.035719,-0.085356236
1PGA,A,N37T,-0.08425,-0.42668813,-0.48963255,-2.9503627,-3.013307,-0.06294441
1PGA,A,N37V,-0.4774,-0.42668813,-0.43659788,-2.9503627,-2.9602726,-0.009909868
1PGA,A,N37Y,-0.7826,-0.42668813,-0.45200983,-2.9503627,-2.9756844,-0.025321722
1PGA,A,D36E,-1.051,-0.43855262,-0.41469383,-2.985022,-2.9611635,0.023858547
1PGA,A,D36F,0.05938,-0.43855262,-0.41621408,-2.985022,-2.9626837,0.02233839
1PGA,A,D36G,0.9505,-0.43855262,-0.48932424,-2.985022,-3.0357938,-0.050771713
1PGA,A,D36H,0.09497,-0.43855262,-0.42013413,-2.985022,-2.9666038,0.018418312
1PGA,A,D36I,-0.2773,-0.43855262,-0.41556692,-2.985022,-2.9620366,0.022985458
1PGA,A,D36K,-0.1981,-0.43855262,-0.41584998,-2.985022,-2.9623196,0.022702456
1PGA,A,D36L,-0.2918,-0.43855262,-0.3902856,-2.985022,-2.9367552,0.048266888
1PGA,A,D36M,-0.4983,-0.43855262,-0.4135744,-2.985022,-2.960044,0.02497816
1PGA,A,D36N,-0.4932,-0.43855262,-0.42423534,-2.985022,-2.970705,0.014317036
1PGA,A,D36P,2.704,-0.43855262,-0.95015174,-2.985022,-3.4966214,-0.5115993
1PGA,A,D36Q,-0.4089,-0.43855262,-0.4378901,-2.985022,-2.9843597,0.0006623268
1PGA,A,D36R,-0.4081,-0.43855262,-0.40432954,-2.985022,-2.950799,0.03422308
1PGA,A,D36S,-0.4628,-0.43855262,-0.45943007,-2.985022,-3.0058997,-0.0208776
1PGA,A,D36T,0.2012,-0.43855262,-0.4492708,-2.985022,-2.9957404,-0.010718346
1PGA,A,D36V,-0.3005,-0.43855262,-0.4274816,-2.985022,-2.973951,0.011070967
1PGA,A,D36Y,-0.4349,-0.43855262,-0.4249855,-2.985022,-2.971455,0.013566971
1PGA,A,N35P,4.0,-0.44529024,-0.99813163,-2.990072,-3.5429134,-0.5528414
1PGA,A,N35Q,-0.8364,-0.44529024,-0.43782339,-2.990072,-2.9826052,0.007466793
1PGA,A,N35R,-0.3325,-0.44529024,-0.39717692,-2.990072,-2.9419587,0.048113346
1PGA,A,N35S,-0.7551,-0.44529024,-0.47232527,-2.990072,-3.017107,-0.027034998
1PGA,A,N35T,-0.4761,-0.44529024,-0.44698364,-2.990072,-2.9917655,-0.0016934872
1PGA,A,N35V,-0.4245,-0.44529024,-0.41085187,-2.990072,-2.9556336,0.03443837
1PGA,A,N35Y,-0.9328,-0.44529024,-0.4130075,-2.990072,-2.9577892,0.03228283
1PGA,A,A34D,4.0,-0.25493452,-0.64141595,-2.6588407,-3.0453222,-0.38648152
1PGA,A,A34E,2.604,-0.25493452,-0.7235528,-2.6588407,-3.127459,-0.4686184
1PGA,A,A34F,1.853,-0.25493452,-0.7454718,-2.6588407,-3.1493778,-0.49053717
1PGA,A,A34G,1.461,-0.25493452,-0.48023456,-2.6588407,-2.8841407,-0.22530007
1PGA,A,A34H,3.191,-0.25493452,-0.74337643,-2.6588407,-3.1472826,-0.48844194
1PGA,A,A34I,0.6699,-0.25493452,-0.4988467,-2.6588407,-2.9027529,-0.24391222
1PGA,A,A34K,2.81,-0.25493452,-0.8463627,-2.6588407,-3.250269,-0.5914283
1PGA,A,A34L,-0.1117,-0.25493452,-0.54108655,-2.6588407,-2.9449928,-0.28615212
1PGA,A,A34M,0.4539,-0.25493452,-0.6095993,-2.6588407,-3.0135055,-0.3546648
1PGA,A,A34N,1.461,-0.25493452,-0.5011543,-2.6588407,-2.9050605,-0.24621987
1PGA,A,A34P,4.0,-0.25493452,-0.9998695,-2.6588407,-3.4037757,-0.74493504
1PGA,A,A34Q,2.332,-0.25493452,-0.658254,-2.6588407,-3.0621603,-0.4033196
1PGA,A,A34R,2.928,-0.25493452,-0.79378617,-2.6588407,-3.1976924,-0.53885174
1PGA,A,A34S,0.5321,-0.25493452,-0.4353854,-2.6588407,-2.8392916,-0.18045092
1PGA,A,A34T,0.3816,-0.25493452,-0.40597782,-2.6588407,-2.809884,-0.15104342
1PGA,A,A34V,-0.01522,-0.25493452,-0.33278635,-2.6588407,-2.7366924,-0.07785177
1PGA,A,A34Y,1.998,-0.25493452,-0.7937904,-2.6588407,-3.1976967,-0.538856
1PGA,A,Q32R,-0.3876,-0.43290633,-0.40114927,-2.9740944,-2.9423373,0.031757116
1PGA,A,Q32S,-0.2027,-0.43290633,-0.47501436,-2.9740944,-3.0162024,-0.04210806
1PGA,A,Q32T,-0.3186,-0.43290633,-0.4361977,-2.9740944,-2.9773858,-0.0032913685
1PGA,A,Q32V,0.1299,-0.43290633,-0.4120037,-2.9740944,-2.9531918,0.020902634
1PGA,A,Q32Y,0.3905,-0.43290633,-0.4227411,-2.9740944,-2.9639292,0.010165215
1PGA,A,K31L,-0.172,-0.41889542,-0.37161878,-2.9579713,-2.9106946,0.047276735
1PGA,A,K31M,-0.3944,-0.41889542,-0.40878898,-2.9579713,-2.9478648,0.010106564
1PGA,A,K31N,0.5826,-0.41889542,-0.4607764,-2.9579713,-2.9998522,-0.041880846
1PGA,A,K31P,4.0,-0.41889542,-1.0906875,-2.9579713,-3.6297634,-0.67179203
1PGA,A,K31Q,-0.4476,-0.41889542,-0.43801156,-2.9579713,-2.9770875,-0.019116163
1PGA,A,K31R,4.0,-0.41889542,-0.38854867,-2.9579713,-2.9276245,0.03034687
1PGA,A,K31S,0.7225,-0.41889542,-0.51111114,-2.9579713,-3.050187,-0.09221578
1PGA,A,K31T,0.4844,-0.41889542,-0.45007497,-2.9579713,-2.9891508,-0.031179428
1PGA,A,K31V,-0.1874,-0.41889542,-0.3902934,-2.9579713,-2.9293692,0.028602123
1PGA,A,K31Y,0.4829,-0.41889542,-0.39711446,-2.9579713,-2.9361904,0.021780968
1PGA,A,F30G,4.0,-0.26181227,-0.6870605,-2.7453785,-3.1706266,-0.42524815
1PGA,A,F30H,4.0,-0.26181227,-0.4261939,-2.7453785,-2.90976,-0.1643815
1PGA,A,F30I,4.0,-0.26181227,-0.4664391,-2.7453785,-2.9500053,-0.2046268
1PGA,A,F30K,4.0,-0.26181227,-0.63323945,-2.7453785,-3.1168056,-0.37142706
1PGA,A,F30L,0.4824,-0.26181227,-0.27373594,-2.7453785,-2.7573023,-0.01192379
1PGA,A,F30M,1.663,-0.26181227,-0.38835904,-2.7453785,-2.8719254,-0.12654686
1PGA,A,F30N,4.0,-0.26181227,-0.53525645,-2.7453785,-3.0188227,-0.27344418
1PGA,A,F30P,4.0,-0.26181227,-0.99927187,-2.7453785,-3.4828382,-0.73745966
1PGA,A,F30Q,4.0,-0.26181227,-0.50162375,-2.7453785,-2.98519,-0.23981142
1PGA,A,F30R,0.2781,-0.26181227,-0.58213484,-2.7453785,-3.065701,-0.3203225
1PGA,A,F30S,4.0,-0.26181227,-0.6307543,-2.7453785,-3.1143205,-0.36894202
1PGA,A,F30T,4.0,-0.26181227,-0.5844529,-2.7453785,-3.0680192,-0.32264066
1PGA,A,F30V,2.531,-0.26181227,-0.48267817,-2.7453785,-2.9662445,-0.22086596
1PGA,A,F30Y,-0.9144,-0.26181227,-0.33975884,-2.7453785,-2.8233252,-0.07794666
1PGA,A,V29Y,-0.1913,-0.39154792,-0.40427098,-2.9324555,-2.9451785,-0.012722969
1PGA,A,K28L,-0.3129,-0.4095703,-0.3852605,-2.9561086,-2.931799,0.024309635
1PGA,A,K28M,-0.5786,-0.4095703,-0.41397214,-2.9561086,-2.9605105,-0.004401922
1PGA,A,K28N,-0.4428,-0.4095703,-0.43797407,-2.9561086,-2.9845123,-0.028403759
1PGA,A,K28P,1.23,-0.4095703,-0.9646884,-2.9561086,-3.5112267,-0.5551181
1PGA,A,K28Q,-0.6138,-0.4095703,-0.4358623,-2.9561086,-2.9824007,-0.026292086
1PGA,A,K28R,-0.9133,-0.4095703,-0.4013648,-2.9561086,-2.9479032,0.008205414
1PGA,A,K28S,-0.3627,-0.4095703,-0.46109563,-2.9561086,-3.007634,-0.051525354
1PGA,A,K28T,-0.185,-0.4095703,-0.44426125,-2.9561086,-2.9907997,-0.034691095
1PGA,A,K28V,-0.2348,-0.4095703,-0.41903585,-2.9561086,-2.9655743,-0.009465694
1PGA,A,K28Y,-0.2474,-0.4095703,-0.42566705,-2.9561086,-2.9722054,-0.01609683
1PGA,A,E27F,-1.915,-0.3618701,-0.4201116,-2.8769398,-2.9351811,-0.058241367
1PGA,A,E27G,-0.005568,-0.3618701,-0.5760899,-2.8769398,-3.0911596,-0.21421981
1PGA,A,E27H,4.0,-0.3618701,-0.4507901,-2.8769398,-2.96586,-0.08892012
1PGA,A,E27I,-0.09868,-0.3618701,-0.4600153,-2.8769398,-2.975085,-0.09814525
1PGA,A,E27K,-0.8303,-0.3618701,-0.46778926,-2.8769398,-2.982859,-0.10591912
1PGA,A,E27L,-1.815,-0.3618701,-0.38351586,-2.8769398,-2.8985856,-0.021645784
1PGA,A,E27M,-0.9275,-0.3618701,-0.42601934,-2.8769398,-2.941089,-0.06414914
1PGA,A,E27N,1.638,-0.3618701,-0.49825215,-2.8769398,-3.0133219,-0.1363821
1PGA,A,E27P,4.0,-0.3618701,-1.0140396,-2.8769398,-3.5291092,-0.65216947
1PGA,A,E27Q,-0.4424,-0.3618701,-0.4512559,-2.8769398,-2.9663255,-0.08938575
1PGA,A,E27R,-0.4369,-0.3618701,-0.44671264,-2.8769398,-2.9617822,-0.08484244
1PGA,A,E27S,0.3593,-0.3618701,-0.5373511,-2.8769398,-3.0524206,-0.17548084
1PGA,A,E27T,1.036,-0.3618701,-0.49744415,-2.8769398,-3.0125139,-0.1355741
1PGA,A,E27V,0.9147,-0.3618701,-0.45905763,-2.8769398,-2.9741273,-0.09718752
1PGA,A,E27Y,-0.2636,-0.3618701,-0.4492495,-2.8769398,-2.9643192,-0.087379456
1PGA,A,A26D,4.0,-0.16202667,-0.7095792,-2.5343485,-3.081901,-0.5475526
1PGA,A,A26E,4.0,-0.16202667,-0.78142226,-2.5343485,-3.1537442,-0.61939573
1PGA,A,A26F,4.0,-0.16202667,-0.8217718,-2.5343485,-3.1940937,-0.6597452
1PGA,A,A26G,4.0,-0.16202667,-0.3739388,-2.5343485,-2.7462606,-0.21191216
1PGA,A,A26H,4.0,-0.16202667,-0.82799685,-2.5343485,-3.2003188,-0.6659703
1PGA,A,A26I,4.0,-0.16202667,-0.64693385,-2.5343485,-3.0192556,-0.48490715
1PGA,A,A26K,4.0,-0.16202667,-0.865558,-2.5343485,-3.2378798,-0.70353127
1PGA,A,A26L,4.0,-0.16202667,-0.67650247,-2.5343485,-3.0488243,-0.5144758
1PGA,A,A26M,4.0,-0.16202667,-0.68477666,-2.5343485,-3.0570984,-0.5227499
1PGA,A,A26N,4.0,-0.16202667,-0.58282626,-2.5343485,-2.955148,-0.4207995
1PGA,A,A26P,4.0,-0.16202667,-0.9110529,-2.5343485,-3.2833748,-0.7490263
1PGA,A,A26Q,4.0,-0.16202667,-0.71305704,-2.5343485,-3.085379,-0.5510304
1PGA,A,A26R,4.0,-0.16202667,-0.81427634,-2.5343485,-3.1865983,-0.6522498
1PGA,A,A26S,2.33,-0.16202667,-0.3733601,-2.5343485,-2.745682,-0.21133351
1PGA,A,A26T,4.0,-0.16202667,-0.42325145,-2.5343485,-2.7955732,-0.26122475
1PGA,A,A26V,2.406,-0.16202667,-0.42623416,-2.5343485,-2.7985559,-0.26420736
1PGA,A,A26Y,4.0,-0.16202667,-0.8571345,-2.5343485,-3.2294564,-0.69510794
1PGA,A,T25V,0.09562,-0.44047022,-0.38835865,-2.9863544,-2.9342427,0.052111626
1PGA,A,T25Y,-0.102,-0.44047022,-0.4046635,-2.9863544,-2.9505475,0.035806894
1PGA,A,A24D,-0.2675,-0.44003192,-0.41159582,-2.9961207,-2.9676845,0.028436184
1PGA,A,A24E,-0.6679,-0.44003192,-0.39148492,-2.9961207,-2.9475737,0.04854703
1PGA,A,A24F,-0.6184,-0.44003192,-0.41381302,-2.9961207,-2.9699018,0.026218891
1PGA,A,A24G,-0.1481,-0.44003192,-0.49199033,-2.9961207,-3.048079,-0.051958323
1PGA,A,A24H,0.3865,-0.44003192,-0.41506878,-2.9961207,-2.9711576,0.02496314
1PGA,A,A24I,-0.5529,-0.44003192,-0.4172131,-2.9961207,-2.973302,0.022818804
1PGA,A,A24K,-0.7753,-0.44003192,-0.42487392,-2.9961207,-2.9809628,0.015157938
1PGA,A,A24L,-0.2697,-0.44003192,-0.4068591,-2.9961207,-2.9629478,0.033172846
1PGA,A,A24M,-0.406,-0.44003192,-0.4324116,-2.9961207,-2.9885004,0.0076203346
1PGA,A,A24N,0.2393,-0.44003192,-0.43300423,-2.9961207,-2.989093,0.007027626
1PGA,A,A24P,0.1859,-0.44003192,-0.63139224,-2.9961207,-3.187481,-0.19136024
1PGA,A,A24Q,-0.04574,-0.44003192,-0.4439122,-2.9961207,-3.000001,-0.0038802624
1PGA,A,A24R,-0.5373,-0.44003192,-0.43124247,-2.9961207,-2.9873312,0.008789539
1PGA,A,A24S,-0.2187,-0.44003192,-0.4401726,-2.9961207,-2.9962614,-0.00014066696
1PGA,A,A24T,-0.232,-0.44003192,-0.44161296,-2.9961207,-2.9977016,-0.0015809536
1PGA,A,A24V,-0.1925,-0.44003192,-0.4240133,-2.9961207,-2.980102,0.01601863
1PGA,A,A24Y,-0.4426,-0.44003192,-0.41866678,-2.9961207,-2.9747555,0.021365166
1PGA,A,A23D,0.4388,-0.43484697,-0.4783484,-2.9756346,-3.0191362,-0.043501616
1PGA,A,A23E,-0.0442,-0.43484697,-0.41177812,-2.9756346,-2.952566,0.023068666
1PGA,A,A23F,-0.5854,-0.43484697,-0.421928,-2.9756346,-2.9627156,0.012918949
1PGA,A,A23G,0.8266,-0.43484697,-0.545315,-2.9756346,-3.0861027,-0.11046815
1PGA,A,A23H,0.1959,-0.43484697,-0.43601528,-2.9756346,-2.976803,-0.0011684895
1PGA,A,A23I,-0.5642,-0.43484697,-0.45089918,-2.9756346,-2.9916868,-0.016052246
1PGA,A,A23K,-0.4793,-0.43484697,-0.4575139,-2.9756346,-2.9983015,-0.022666931
1PGA,A,A23L,-0.2233,-0.43484697,-0.46114698,-2.9756346,-3.0019348,-0.026300192
1PGA,A,A23N,0.1944,-0.43484697,-0.4824601,-2.9756346,-3.0232477,-0.047613144
1PGA,A,A23P,0.1395,-0.43484697,-0.48989877,-2.9756346,-3.0306864,-0.055051804
1PGA,A,A23Q,-0.7965,-0.43484697,-0.45470676,-2.9756346,-2.9954944,-0.01985979
1PGA,A,A23R,-0.5935,-0.43484697,-0.44815263,-2.9756346,-2.9889402,-0.013305664
1PGA,A,A23S,-0.1622,-0.43484697,-0.46342486,-2.9756346,-3.0042126,-0.028578043
1PGA,A,A23T,-0.3184,-0.43484697,-0.45429486,-2.9756346,-2.9950826,-0.019448042
1PGA,A,A23V,-0.3774,-0.43484697,-0.43406463,-2.9756346,-2.9748523,0.00078225136
1PGA,A,A23Y,-0.3807,-0.43484697,-0.42187262,-2.9756346,-2.9626603,0.012974262
1PGA,A,D22E,0.8214,-0.34962383,-0.48669586,-2.8597796,-2.9968517,-0.13707209
1PGA,A,D22F,1.075,-0.34962383,-0.4783787,-2.8597796,-2.9885345,-0.12875485
1PGA,A,D22G,1.028,-0.34962383,-0.5086501,-2.8597796,-3.018806,-0.15902638
1PGA,A,D22H,0.9863,-0.34962383,-0.4414548,-2.8597796,-2.9516106,-0.09183097
1PGA,A,D22I,2.207,-0.34962383,-0.5098119,-2.8597796,-3.0199676,-0.16018796
1PGA,A,D22K,1.217,-0.34962383,-0.51182693,-2.8597796,-3.0219827,-0.16220307
1PGA,A,D22L,1.175,-0.34962383,-0.48292655,-2.8597796,-2.9930823,-0.13330269
1PGA,A,D22M,1.346,-0.34962383,-0.5069107,-2.8597796,-3.0170665,-0.15728688
1PGA,A,D22N,-0.2102,-0.34962383,-0.37846476,-2.8597796,-2.8886206,-0.028841019
1PGA,A,D22P,2.932,-0.34962383,-0.84651244,-2.8597796,-3.3566682,-0.49688864
1PGA,A,D22Q,1.206,-0.34962383,-0.52263916,-2.8597796,-3.032795,-0.17301536
1PGA,A,D22R,1.47,-0.34962383,-0.47961044,-2.8597796,-2.9897661,-0.12998652
1PGA,A,D22S,-0.6246,-0.34962383,-0.43971843,-2.8597796,-2.9498742,-0.09009457
1PGA,A,D22T,0.4365,-0.34962383,-0.4419346,-2.8597796,-2.9520903,-0.09231067
1PGA,A,D22V,1.426,-0.34962383,-0.48498368,-2.8597796,-2.9951394,-0.13535976
1PGA,A,D22Y,1.166,-0.34962383,-0.4834079,-2.8597796,-2.9935637,-0.13378406
1PGA,A,A20D,1.646,-0.32322842,-0.5628749,-2.7860749,-3.0257213,-0.23964643
1PGA,A,A20E,0.582,-0.32322842,-0.595576,-2.7860749,-3.0584226,-0.2723477
1PGA,A,A20F,1.732,-0.32322842,-0.5828155,-2.7860749,-3.045662,-0.25958705
1PGA,A,A20G,1.107,-0.32322842,-0.4261263,-2.7860749,-2.8889728,-0.10289788
1PGA,A,A20H,1.914,-0.32322842,-0.5844146,-2.7860749,-3.047261,-0.26118612
1PGA,A,A20I,1.861,-0.32322842,-0.5391562,-2.7860749,-3.0020027,-0.21592784
1PGA,A,A20K,1.77,-0.32322842,-0.6680938,-2.7860749,-3.1309402,-0.34486532
1PGA,A,A20L,2.032,-0.32322842,-0.50866336,-2.7860749,-2.97151,-0.18543506
1PGA,A,A20M,1.43,-0.32322842,-0.537815,-2.7860749,-3.0006614,-0.2145865
1PGA,A,A20N,2.851,-0.32322842,-0.48526192,-2.7860749,-2.9481084,-0.16203356
1PGA,A,A20P,3.48,-0.32322842,-0.8384345,-2.7860749,-3.301281,-0.5152061
1PGA,A,A20Q,-0.1162,-0.32322842,-0.5576749,-2.7860749,-3.0205214,-0.23444653
1PGA,A,A20R,1.467,-0.32322842,-0.6276692,-2.7860749,-3.0905156,-0.30444074
1PGA,A,A20S,0.2021,-0.32322842,-0.422544,-2.7860749,-2.8853905,-0.09931564
1PGA,A,A20T,0.9471,-0.32322842,-0.41969094,-2.7860749,-2.8825374,-0.09646249
1PGA,A,A20V,0.8814,-0.32322842,-0.42162004,-2.7860749,-2.8844664,-0.09839153
1PGA,A,A20Y,1.938,-0.32322842,-0.6107453,-2.7860749,-3.0735917,-0.28751683
1PGA,A,E19F,-0.8412,-0.42093402,-0.38542765,-2.9722404,-2.9367342,0.03550625
1PGA,A,E19G,1.472,-0.42093402,-0.56072104,-2.9722404,-3.1120276,-0.1397872
1PGA,A,E19H,-0.01886,-0.42093402,-0.4145097,-2.9722404,-2.9658163,0.0064241886
1PGA,A,E19I,-0.9345,-0.42093402,-0.3932528,-2.9722404,-2.9445593,0.027681112
1PGA,A,E19K,-0.4203,-0.42093402,-0.44485316,-2.9722404,-2.9961598,-0.023919344
1PGA,A,E19L,-0.3686,-0.42093402,-0.39505568,-2.9722404,-2.9463623,0.025878191
1PGA,A,E19M,-0.1866,-0.42093402,-0.43355337,-2.9722404,-2.98486,-0.012619495
1PGA,A,E19N,-0.6401,-0.42093402,-0.4399635,-2.9722404,-2.99127,-0.019029617
1PGA,A,E19P,0.778,-0.42093402,-0.6244496,-2.9722404,-3.1757562,-0.20351577
1PGA,A,E19Q,-0.5158,-0.42093402,-0.45333523,-2.9722404,-3.0046418,-0.032401323
1PGA,A,E19R,-0.7238,-0.42093402,-0.4288754,-2.9722404,-2.980182,-0.007941484
1PGA,A,E19S,-0.1053,-0.42093402,-0.4708785,-2.9722404,-3.022185,-0.04994464
1PGA,A,E19T,-0.6515,-0.42093402,-0.4319811,-2.9722404,-2.9832876,-0.011047125
1PGA,A,E19V,0.09325,-0.42093402,-0.39958465,-2.9722404,-2.9508913,0.021349192
1PGA,A,E19Y,-0.774,-0.42093402,-0.39256075,-2.9722404,-2.9438672,0.028373241
1PGA,A,T18V,-0.3905,-0.4084445,-0.3397333,-2.9131577,-2.8444464,0.06871128
1PGA,A,T18Y,-0.1554,-0.4084445,-0.49797234,-2.9131577,-3.0026855,-0.089527845
1PGA,A,T17V,-0.1832,-0.42037424,-0.39941043,-2.9726322,-2.9516683,0.020963907
1PGA,A,T17Y,-0.7134,-0.42037424,-0.37883735,-2.9726322,-2.9310954,0.041536808
1PGA,A,T16V,-0.5015,-0.44432253,-0.35617018,-2.9732409,-2.8850884,0.08815241
1PGA,A,T16Y,-1.313,-0.44432253,-0.40772334,-2.9732409,-2.9366417,0.03659916
1PGA,A,E15F,-0.5656,-0.3836887,-0.40862888,-2.9189105,-2.9438505,-0.024940014
1PGA,A,E15G,0.219,-0.3836887,-0.604492,-2.9189105,-3.1397138,-0.22080326
1PGA,A,E15H,0.2518,-0.3836887,-0.44182086,-2.9189105,-2.9770427,-0.05813217
1PGA,A,E15I,-0.6033,-0.3836887,-0.37775764,-2.9189105,-2.9129794,0.005931139
1PGA,A,E15K,-0.1296,-0.3836887,-0.48099262,-2.9189105,-3.0162144,-0.09730387
1PGA,A,E15L,-0.1557,-0.3836887,-0.41070604,-2.9189105,-2.9459279,-0.027017355
1PGA,A,E15M,-0.7185,-0.3836887,-0.42679033,-2.9189105,-2.962012,-0.04310155
1PGA,A,E15N,-0.1626,-0.3836887,-0.48126608,-2.9189105,-3.0164878,-0.09757733
1PGA,A,E15P,1.979,-0.3836887,-0.701608,-2.9189105,-3.2368298,-0.31791925
1PGA,A,E15Q,-0.8749,-0.3836887,-0.4483552,-2.9189105,-2.983577,-0.06466651
1PGA,A,E15R,-0.2761,-0.3836887,-0.4612516,-2.9189105,-2.9964733,-0.07756281
1PGA,A,E15S,-0.165,-0.3836887,-0.5043574,-2.9189105,-3.0395792,-0.12066865
1PGA,A,E15T,-0.01162,-0.3836887,-0.45029306,-2.9189105,-2.9855149,-0.066604376
1PGA,A,E15V,-0.9221,-0.3836887,-0.38794217,-2.9189105,-2.923164,-0.0042533875
1PGA,A,E15Y,-0.6644,-0.3836887,-0.42489538,-2.9189105,-2.960117,-0.0412066
1PGA,A,G14H,-0.08403,-0.22469732,-0.4985569,-2.6951673,-2.9690268,-0.2738595
1PGA,A,G14I,-0.8071,-0.22469732,-0.6648017,-2.6951673,-3.1352718,-0.44010448
1PGA,A,G14K,-0.7175,-0.22469732,-0.5176299,-2.6951673,-2.9880998,-0.2929325
1PGA,A,G14L,-1.25,-0.22469732,-0.52204746,-2.6951673,-2.9925175,-0.29735017
1PGA,A,G14M,-0.9401,-0.22469732,-0.5160825,-2.6951673,-2.9865525,-0.29138517
1PGA,A,G14N,-0.02504,-0.22469732,-0.45977163,-2.6951673,-2.9302416,-0.23507428
1PGA,A,G14P,0.8771,-0.22469732,-0.9963423,-2.6951673,-3.4668121,-0.77164483
1PGA,A,G14Q,-0.5181,-0.22469732,-0.5439949,-2.6951673,-3.0144649,-0.31929755
1PGA,A,G14R,-0.8728,-0.22469732,-0.51824665,-2.6951673,-2.9887166,-0.2935493
1PGA,A,G14S,-0.5117,-0.22469732,-0.4800151,-2.6951673,-2.950485,-0.2553177
1PGA,A,G14T,-0.3898,-0.22469732,-0.576025,-2.6951673,-3.046495,-0.35132766
1PGA,A,G14V,-0.5203,-0.22469732,-0.6490719,-2.6951673,-3.119542,-0.42437458
1PGA,A,G14Y,-0.2434,-0.22469732,-0.5279046,-2.6951673,-2.9983747,-0.3032074
1PGA,A,K13L,0.05833,-0.42882627,-0.39577618,-2.9847732,-2.951723,0.03305006
1PGA,A,K13M,-0.317,-0.42882627,-0.42984018,-2.9847732,-2.985787,-0.0010137558
1PGA,A,K13N,-0.01071,-0.42882627,-0.44100657,-2.9847732,-2.9969535,-0.012180328
1PGA,A,K13P,0.9935,-0.42882627,-0.5655552,-2.9847732,-3.121502,-0.13672876
1PGA,A,K13Q,-1.07,-0.42882627,-0.4421111,-2.9847732,-2.9980578,-0.013284683
1PGA,A,K13R,-0.326,-0.42882627,-0.40487224,-2.9847732,-2.960819,0.023954153
1PGA,A,K13S,-0.5716,-0.42882627,-0.4605534,-2.9847732,-3.0165002,-0.031727076
1PGA,A,K13T,-0.2514,-0.42882627,-0.42856306,-2.9847732,-2.98451,0.0002632141
1PGA,A,K13V,-0.5257,-0.42882627,-0.39754975,-2.9847732,-2.9534965,0.031276703
1PGA,A,K13Y,-0.6876,-0.42882627,-0.3906619,-2.9847732,-2.9466088,0.038164377
1PGA,A,L12M,-0.3446,-0.36073294,-0.4278749,-2.8947728,-2.9619148,-0.06714201
1PGA,A,L12N,-0.08539,-0.36073294,-0.44868112,-2.8947728,-2.982721,-0.08794832
1PGA,A,L12P,1.231,-0.36073294,-0.73401994,-2.8947728,-3.2680597,-0.37328696
1PGA,A,L12Q,-0.1395,-0.36073294,-0.47109205,-2.8947728,-3.005132,-0.11035919
1PGA,A,L12R,-0.2425,-0.36073294,-0.41559258,-2.8947728,-2.9496324,-0.05485964
1PGA,A,L12S,0.0594,-0.36073294,-0.53618395,-2.8947728,-3.0702238,-0.17545104
1PGA,A,L12T,-0.4164,-0.36073294,-0.45973668,-2.8947728,-2.9937766,-0.09900379
1PGA,A,L12V,-0.632,-0.36073294,-0.36090636,-2.8947728,-2.8949463,-0.00017356873
1PGA,A,L12Y,-1.776,-0.36073294,-0.39712352,-2.8947728,-2.9311633,-0.036390543
1PGA,A,T11V,-0.5362,-0.4255828,-0.41973862,-2.9801834,-2.9743392,0.005844116
1PGA,A,T11Y,-0.2982,-0.4255828,-0.41378278,-2.9801834,-2.9683833,0.011800051
1PGA,A,K10L,-0.7221,-0.41419688,-0.38498446,-2.9675853,-2.9383729,0.029212475
1PGA,A,K10M,-0.2474,-0.41419688,-0.43084425,-2.9675853,-2.9842327,-0.016647339
1PGA,A,K10N,-0.09672,-0.41419688,-0.41889888,-2.9675853,-2.9722872,-0.004701853
1PGA,A,K10P,0.177,-0.41419688,-0.6494813,-2.9675853,-3.2028697,-0.23528433
1PGA,A,K10Q,-0.1136,-0.41419688,-0.44074813,-2.9675853,-2.9941366,-0.026551247
1PGA,A,K10R,-0.6497,-0.41419688,-0.40865502,-2.9675853,-2.9620433,0.00554204
1PGA,A,K10S,0.1296,-0.41419688,-0.44637007,-2.9675853,-2.9997585,-0.032173157
1PGA,A,K10T,-0.1995,-0.41419688,-0.4425579,-2.9675853,-2.9959464,-0.028361082
1PGA,A,K10V,-0.4141,-0.41419688,-0.43048224,-2.9675853,-2.9838705,-0.016285181
1PGA,A,K10Y,-0.5094,-0.41419688,-0.4246665,-2.9675853,-2.978055,-0.010469675
1PGA,A,G9H,1.22,-0.32288924,-0.646757,-2.7382786,-3.0621464,-0.3238678
1PGA,A,G9I,0.5926,-0.32288924,-0.6570694,-2.7382786,-3.0724587,-0.33418012
1PGA,A,G9K,1.227,-0.32288924,-0.8201836,-2.7382786,-3.2355728,-0.4972942
1PGA,A,G9M,0.5478,-0.32288924,-0.61355674,-2.7382786,-3.0289462,-0.29066753
1PGA,A,G9N,1.29,-0.32288924,-0.5007199,-2.7382786,-2.9161093,-0.1778307
1PGA,A,G9P,2.381,-0.32288924,-0.7238717,-2.7382786,-3.139261,-0.40098238
1PGA,A,G9Q,1.055,-0.32288924,-0.64782274,-2.7382786,-3.0632122,-0.32493353
1PGA,A,G9R,0.8811,-0.32288924,-0.76013595,-2.7382786,-3.1755254,-0.4372468
1PGA,A,G9S,-0.02543,-0.32288924,-0.3843921,-2.7382786,-2.7997816,-0.061502934
1PGA,A,G9T,-0.3,-0.32288924,-0.45046887,-2.7382786,-2.8658583,-0.12757969
1PGA,A,G9V,0.4168,-0.32288924,-0.54024816,-2.7382786,-2.9556375,-0.21735883
1PGA,A,G9Y,0.5363,-0.32288924,-0.6832278,-2.7382786,-3.098617,-0.36033845
1PGA,A,N8P,1.448,-0.4136985,-0.84555846,-2.956844,-3.388704,-0.43185997
1PGA,A,N8Q,-0.2871,-0.4136985,-0.46379548,-2.956844,-3.006941,-0.05009699
1PGA,A,N8R,-0.6361,-0.4136985,-0.41946712,-2.956844,-2.9626129,-0.005768776
1PGA,A,N8S,0.04427,-0.4136985,-0.49057394,-2.956844,-3.0337195,-0.07687545
1PGA,A,N8T,0.6143,-0.4136985,-0.4591907,-2.956844,-3.0023365,-0.04549241
1PGA,A,N8V,-0.1292,-0.4136985,-0.39584354,-2.956844,-2.9389892,0.017854929
1PGA,A,N8Y,-0.2102,-0.4136985,-0.38772842,-2.956844,-2.930874,0.025969982
1PGA,A,L7N,4.0,-0.32839534,-0.5588225,-2.8113115,-3.0417387,-0.23042727
1PGA,A,L7P,2.882,-0.32839534,-0.78160274,-2.8113115,-3.264519,-0.4532075
1PGA,A,L7Q,1.537,-0.32839534,-0.54035103,-2.8113115,-3.0232673,-0.21195579
1PGA,A,L7R,2.072,-0.32839534,-0.5728529,-2.8113115,-3.0557692,-0.24445772
1PGA,A,L7S,1.794,-0.32839534,-0.6609052,-2.8113115,-3.1438215,-0.33251
1PGA,A,L7T,1.135,-0.32839534,-0.5506086,-2.8113115,-3.0335248,-0.22221327
1PGA,A,L7V,-0.08476,-0.32839534,-0.37672663,-2.8113115,-2.859643,-0.0483315
1PGA,A,L7Y,0.02215,-0.32839534,-0.34565276,-2.8113115,-2.828569,-0.017257452
1PGA,A,I6K,0.4732,-0.34400293,-0.45574346,-2.8801408,-2.9918814,-0.11174059
1PGA,A,I6L,0.1139,-0.34400293,-0.3662054,-2.8801408,-2.9023433,-0.022202492
1PGA,A,I6M,0.5008,-0.34400293,-0.4221115,-2.8801408,-2.9582493,-0.07810855
1PGA,A,I6N,0.7986,-0.34400293,-0.45246428,-2.8801408,-2.9886022,-0.10846138
1PGA,A,I6P,4.0,-0.34400293,-0.79938996,-2.8801408,-3.335528,-0.45538712
1PGA,A,I6Q,0.5795,-0.34400293,-0.45755434,-2.8801408,-2.9936922,-0.11355138
1PGA,A,I6R,0.6629,-0.34400293,-0.42445564,-2.8801408,-2.9605935,-0.08045268
1PGA,A,I6S,1.38,-0.34400293,-0.51819897,-2.8801408,-3.0543368,-0.174196
1PGA,A,I6T,0.9127,-0.34400293,-0.45181623,-2.8801408,-2.9879541,-0.10781336
1PGA,A,I6V,-0.4875,-0.34400293,-0.3689056,-2.8801408,-2.9050434,-0.024902582
1PGA,A,I6Y,0.21,-0.34400293,-0.40980396,-2.8801408,-2.945942,-0.06580114
1PGA,A,L5M,0.6775,-0.18224685,-0.38890943,-2.6171174,-2.82378,-0.20666265
1PGA,A,L5N,4.0,-0.18224685,-0.5459377,-2.6171174,-2.9808083,-0.36369085
1PGA,A,L5P,1.653,-0.18224685,-0.9255477,-2.6171174,-3.3604183,-0.7433009
1PGA,A,L5Q,4.0,-0.18224685,-0.5404732,-2.6171174,-2.9753437,-0.3582263
1PGA,A,L5R,-0.7247,-0.18224685,-0.7676047,-2.6171174,-3.2024753,-0.5853579
1PGA,A,L5S,4.0,-0.18224685,-0.6878411,-2.6171174,-3.1227117,-0.50559425
1PGA,A,L5T,4.0,-0.18224685,-0.59638876,-2.6171174,-3.0312593,-0.4141419
1PGA,A,L5V,1.251,-0.18224685,-0.37575334,-2.6171174,-2.810624,-0.19350648
1PGA,A,L5Y,2.758,-0.18224685,-0.57326853,-2.6171174,-3.0081391,-0.39102173
1PGA,A,K4L,0.2145,-0.4357747,-0.356041,-2.9664662,-2.8867326,0.07973361
1PGA,A,K4M,-0.491,-0.4357747,-0.42624182,-2.9664662,-2.9569335,0.00953269
1PGA,A,K4N,0.2063,-0.4357747,-0.47045565,-2.9664662,-3.0011473,-0.03468108
1PGA,A,K4P,4.0,-0.4357747,-0.7407209,-2.9664662,-3.2714124,-0.30494618
1PGA,A,K4Q,0.1725,-0.4357747,-0.4659419,-2.9664662,-2.9966335,-0.030167341
1PGA,A,K4R,-0.773,-0.4357747,-0.3865977,-2.9664662,-2.9172893,0.04917693
1PGA,A,K4S,-0.1752,-0.4357747,-0.51959974,-2.9664662,-3.0502913,-0.08382511
1PGA,A,K4T,-0.4815,-0.4357747,-0.44060928,-2.9664662,-2.9713008,-0.004834652
1PGA,A,K4V,0.2696,-0.4357747,-0.38194156,-2.9664662,-2.9126332,0.053833008
1PGA,A,K4Y,-0.8246,-0.4357747,-0.42080998,-2.9664662,-2.9515016,0.014964581
1PGA,A,T2V,-1.309,-0.4340113,-0.38689607,-2.9833236,-2.9362082,0.047115326
1PGA,A,T2Y,-0.1476,-0.4340113,-0.43199515,-2.9833236,-2.9813073,0.002016306
1PGA,A,M1P,-0.05926,-0.40304404,-0.6078499,-2.9491813,-3.1539872,-0.20480585
1PGA,A,M1Q,-0.4025,-0.40304404,-0.4336784,-2.9491813,-2.9798157,-0.030634403
1PGA,A,M1R,-0.5102,-0.40304404,-0.4228894,-2.9491813,-2.9690268,-0.019845486
1PGA,A,M1S,-0.68,-0.40304404,-0.4573524,-2.9491813,-3.0034897,-0.054308414
1PGA,A,M1T,-0.4983,-0.40304404,-0.44881415,-2.9491813,-2.9949515,-0.04577017
1PGA,A,M1Y,-0.68,-0.40304404,-0.4614083,-2.9491813,-3.0075457,-0.05836439
