pdb,chain,resname,resnum,insertion_code,logproba_G,logproba_A,logproba_C,logproba_S,logproba_P,logproba_T,logproba_V,logproba_D,logproba_I,logproba_L,logproba_N,logproba_M,logproba_Q,logproba_K,logproba_E,logproba_H,logproba_F,logproba_R,logproba_Y,logproba_W
1PGA,A,M,1, ,-8.385652962942146,-6.199629299394646,-6.546947255039922,-5.574839784550717,-5.457785666751187,-4.6918985764134975,-5.008893341683713,-4.681124903667228,-4.320510817752988,-2.946592683859486,-4.069273319598287,-1.7804158747741206,-1.6105349315717985,-1.8465557195918871,-1.3723852498054874,-4.624321107994467,-5.686054747303422,-2.4950731513136257,-5.413053389536518,-7.69941739129519
1PGA,A,T,2, ,-8.815455803025328,-5.283580754942779,-5.881526680425612,-3.686974173004929,-8.408247252809172,-0.5559320031011842,-2.1501106131451926,-4.270744481449856,-3.111276938755471,-3.2014277961449378,-3.7541592589681456,-4.590277333492012,-3.4005480371198913,-4.1154144359600915,-2.4171290555089247,-6.96133835806956,-8.698575669057606,-5.566313680721246,-9.145955563693043,-10.797162300804272
1PGA,A,Y,3, ,-18.757418267285527,-15.49550472042767,-12.42152305987616,-14.55923003589893,-15.520135894825643,-12.986585558734886,-11.423833128930909,-12.940237946483238,-10.352606018934994,-8.889457417756773,-10.610960855507651,-8.315336187348702,-9.767394793579586,-10.47063808665251,-10.345190561688728,-5.388032577125858,-1.1053215794384699,-9.694578542486473,-0.4143144568335164,-5.845637803652999
1PGA,A,K,4, ,-10.981633943457458,-7.13089522459674,-6.509713468648186,-5.885102087881855,-10.768280024274851,-2.056696833617453,-4.992473121212476,-6.994450273114426,-6.2600835447412795,-3.443924264150431,-4.944044312852174,-5.515982918132795,-3.361775419421233,-0.5125451704100232,-3.875751219613341,-5.458159923073085,-9.530952194071787,-1.8612123757374688,-9.201433376154972,-11.275534108403397
1PGA,A,L,5, ,-16.68840861847758,-11.987425605810449,-9.096719701979262,-12.588457424134065,-13.966642246857964,-10.586926685584046,-6.121324781085562,-13.143407110421858,-2.9163602199504854,-0.0607399251197194,-10.939900655037327,-6.496456534671817,-9.29140550648229,-12.036212527464764,-10.01042093637615,-9.174537964299818,-7.4204372627599335,-13.632448056675791,-9.441809623011025,-12.503969373866083
1PGA,A,I,6, ,-8.573858106151816,-4.628898333287778,-5.429867768499833,-3.592551638767429,-8.327906680213964,-1.9924001601457022,-1.4965291055352525,-3.298376715631362,-1.698358323028991,-3.1101938082784515,-2.7554660404588174,-4.963677535325499,-2.618121292809476,-2.3581284716652773,-2.5907179981773476,-5.826717923085119,-8.662430777344495,-4.090935918030305,-8.802679529558775,-10.255866589387553
1PGA,A,L,7, ,-14.534466201274775,-10.522258882241749,-8.67654658607929,-9.881432013844567,-9.396404744704501,-6.469029032131884,-3.644766719568869,-8.557474979189927,-0.6210544981581613,-2.3284497053586573,-7.367332364180988,-3.761430165009718,-5.356552903769811,-6.462700513926601,-6.20859692394458,-4.558596756016807,-2.1300434391860152,-6.334336467693223,-1.8739572620484832,-3.901902414448649
1PGA,A,N,8, ,-8.697499520621102,-5.733516016810021,-6.342303223901298,-4.314064567355796,-10.074169737894694,-3.067504466023321,-3.247818142815546,-2.0538903841463156,-3.848462948613753,-3.081614692933641,-1.069055678295723,-4.623118587603573,-2.8714422363771885,-2.4207060029373575,-2.3934597300471925,-3.030647342346173,-4.176107201364015,-3.5197602458994544,-4.16035441754679,-6.324371099945757
1PGA,A,G,9, ,-1.628925513273708,-1.4454561089653817,-3.3208336751544008,-0.8847426859973451,-6.4628147414736175,-2.2128433654946598,-7.270271628507957,-5.333666793049682,-11.483919242725925,-9.60607516809905,-6.033468834401429,-10.220093905634998,-9.736952146938936,-11.157536978141433,-9.035643713897551,-9.37987138678625,-12.192946387073562,-11.610901355338974,-12.639906298693312,-13.933112005477964
1PGA,A,K,10, ,-8.95075600525988,-6.109973298498511,-7.350781684681728,-5.329666659714483,-4.778178290845315,-3.636631036884074,-4.305844637986711,-3.5837359356172347,-3.8346838759330657,-2.6150116039495312,-2.5617584261224158,-5.1588430823783105,-3.0653516881906393,-0.8360881114108741,-3.155852243180857,-3.1513677894287877,-4.883261223782843,-1.8666235710336923,-4.6537343652935235,-6.663053430597246
1PGA,A,T,11, ,-4.34738299490174,-3.2307054479361597,-6.219338149967696,-2.2714434481598578,-6.671586750809674,-1.3004998197161228,-2.6318021973806505,-2.0908876003464685,-3.7259128808320727,-4.047351394817309,-2.492523177330131,-5.380668081372162,-3.501663019369158,-2.7211894903191554,-2.27810589007225,-4.320509646311002,-5.4234946509986575,-3.730628985497817,-5.645756324352589,-7.285081784024541
1PGA,A,L,12, ,-10.08346307177275,-6.124645381729299,-5.572033389259385,-5.416260878727428,-8.548030765341041,-2.2721549330680753,-1.4066260456259687,-4.372426625445816,-1.4692721171035035,-1.9386367804736748,-2.8534645961520986,-3.3296092581124492,-3.1211975260064606,-3.0392328723612883,-3.6214965049601573,-4.277835491424005,-5.047093711518613,-4.081319669108448,-5.303882291812242,-8.01657872102413
1PGA,A,K,13, ,-8.573874004213158,-5.845523649905044,-6.448551215829667,-3.9632838710162956,-9.097338164783597,-2.1226947149801463,-3.931283498937041,-5.001691930247072,-4.945560387547038,-4.654201375099631,-3.0976483851893915,-5.509070958946216,-1.7619782296336473,-1.0726805813556957,-3.4665246573628385,-2.03739475676643,-5.607537670838763,-2.50428699854291,-5.7215234864924875,-8.25287352226384
1PGA,A,G,14, ,-0.0003901240301715544,-8.500303264186213,-12.754813772076284,-8.79901355504363,-15.214538497903563,-11.782063481481337,-14.715168512129601,-11.626592434948378,-16.185687682387496,-14.672098238089802,-11.614914062079645,-15.053541715737783,-13.613531507612711,-13.51241300064363,-12.95678899201713,-15.456329822376233,-17.703427601829095,-14.307994832600867,-16.982146360143265,-18.698418866196178
1PGA,A,E,15, ,-11.482098677981833,-6.664095775080828,-7.617674673920823,-4.7552682351714095,-10.530047110116712,-4.07595280941393,-4.6014686756061005,-4.334450545036809,-4.76624736902609,-6.284073903963118,-5.355054405408891,-5.62782132135212,-2.9286591043350847,-4.678338968256707,-0.1498806448117817,-6.150694987330448,-6.5778543481334575,-6.169796889249173,-6.639429840317887,-8.209041009483075
1PGA,A,T,16, ,-9.287565602271384,-3.5881527636438664,-4.6930141467182125,-3.8416718057687556,-11.185816286125915,-1.8256255192536113,-0.4559597864391228,-5.070879382624229,-2.588079406612288,-4.436201523959325,-4.784765330173435,-6.177405173096518,-4.431595310378558,-4.746348089239887,-4.133172491825716,-5.905168238728663,-6.838277604650247,-6.33498087302683,-7.220191122139019,-10.01925860817082
1PGA,A,T,17, ,-5.627732029425991,-3.6451230137314132,-4.7738824128668185,-1.3807625093389047,-8.13432067485966,-0.6053776556597645,-3.718343478363497,-3.6972089753138726,-5.834008149051067,-5.020885486668195,-3.321528104075118,-5.633546504518002,-4.279333451859773,-5.1887418690364715,-3.25038335639834,-5.780641498709272,-6.235555487539989,-6.492413746428045,-6.771282011688069,-8.968927804786805
1PGA,A,T,18, ,-6.805100275475181,-2.752283021618598,-1.6914942625861813,-4.545280156790154,-10.772857255585444,-1.2412180513084035,-1.0347916931515173,-8.163990767750937,-2.4981884772347267,-4.687897242579803,-6.861306721407431,-6.407081312223982,-7.424383230657995,-9.782991566173214,-7.331798002867585,-9.118415997437001,-10.755584942173765,-10.645462310826781,-11.4973349780806,-13.713528913977497
1PGA,A,E,19, ,-10.080340840105887,-6.388754933071822,-6.891189260454766,-4.529177540087563,-10.336871375989027,-1.3885685720193468,-3.4149294203702625,-3.33139813181827,-4.441107512888051,-3.526496002694885,-2.735969815895107,-4.489480036206413,-2.5227283016612287,-2.366049164418722,-1.360655736286498,-3.09982067460144,-4.0881185034910965,-3.1814046483391385,-4.16254872311592,-6.419127935506537
1PGA,A,A,20, ,-4.776806339760684,-0.1996846600789724,-3.827017908394654,-2.22811616214776,-10.377363663068747,-3.6079381303845475,-4.3632150857716745,-6.317692508855948,-9.510888047124729,-9.673084851583184,-7.277814283880994,-10.350378787182514,-8.7636328762291,-10.860916835412338,-8.015399331359378,-10.625378759141233,-12.071262400338865,-12.372418982929702,-12.990632281228747,-15.40333468122236
1PGA,A,V,21, ,-5.497033321774732,-1.8509027033070207,-6.871993675586501,-2.4282857577986663,-1.9771691508728086,-2.9959243825369173,-3.451687012967747,-3.0542534966506643,-4.462342606099816,-4.382741638696445,-3.7938920890960213,-5.838591312788222,-3.3090696672817113,-1.6320718757023538,-1.9552469120080802,-4.59811091866892,-5.65465791014267,-3.178016300191655,-5.654272793573705,-7.6276988471335825
1PGA,A,D,22, ,-5.443116885374709,-5.29062999101223,-6.170101159258114,-1.2304038904607066,-9.664809194195612,-2.969078322355533,-7.600476700824586,-0.876538558484742,-9.182132014834096,-9.200525610926865,-1.4988207524073707,-10.505705820166531,-7.661736181649154,-7.854079462971698,-5.93640613488874,-7.025039251366333,-10.188985627212222,-9.030418914400773,-9.933064407557506,-11.147528184342486
1PGA,A,A,23, ,-6.654755804951324,-1.675644230116927,-5.371953639590962,-2.7430868937523862,-0.5307660246793438,-3.2702763845909955,-3.228561775362098,-4.192412961041103,-6.509027748400825,-7.821458159930467,-4.813832948286514,-8.239965989222743,-5.109903023626862,-5.959982431910429,-3.2071406785895893,-6.760563673365352,-8.713580976166053,-7.260901955117911,-8.50522772967296,-9.99439934529276
1PGA,A,A,24, ,-4.751212824016906,-3.055133935315457,-7.025819638492831,-2.774174304932078,-6.931777761168181,-2.7812004568805038,-4.047412843285043,-1.159061453974466,-4.882182283932809,-4.592385106065067,-1.9844659944963514,-5.761419571701039,-3.3429658169546514,-2.899455605706526,-1.5711199092354622,-4.711262353620958,-6.602641305138625,-3.9937839009323186,-6.672074402938101,-8.462317271968903
1PGA,A,T,25, ,-7.596570268509987,-2.2883324228004143,-5.345695645030944,-2.9091052317106536,-8.353997823799412,-1.866756411017741,-1.216874609664551,-2.4232000174837656,-3.188728798255243,-3.5449955951374923,-4.3097973073187665,-5.1772806299505945,-3.0392763722702374,-4.251360335388131,-1.9769806599209745,-5.519763595346826,-6.8028818911869875,-5.785808110295622,-6.904073474299495,-8.791862824098072
1PGA,A,A,26, ,-6.495086545596531,-0.019741074337021446,-6.266140755750294,-4.288571232263377,-11.565018898141975,-6.133708912975457,-8.54203906242809,-11.456512271172459,-13.849930629743579,-14.619483871787354,-10.995188726435508,-13.05291355906952,-12.62946342687134,-14.154040881105528,-12.446859749747226,-15.137017903050213,-16.822355501966026,-15.053069649877735,-17.291665388649108,-19.578148813835515
1PGA,A,E,27, ,-14.97051043528546,-11.515743337186821,-11.004883407393839,-11.012439215281185,-13.620873344804897,-8.96402396736858,-10.485083260064465,-5.347314672475118,-10.146899400261862,-4.424278587032775,-6.587336175197419,-5.56463948700645,-4.460718713656999,-4.17048266635196,-0.06088201947837637,-6.316908636601261,-8.175564243376094,-4.919654489085172,-7.761633918747307,-9.714782863812728
1PGA,A,K,28, ,-8.917074357693702,-3.6905337679644608,-6.909249325511056,-4.176832123432435,-8.721454015418725,-4.411014290217415,-5.35815704423851,-2.0989366574275605,-4.892954633856078,-2.466232178020716,-2.3962466009140564,-4.424360928886774,-1.9669964578549821,-1.6113748561909278,-1.5239136533238726,-4.496327052921082,-6.074529504288089,-2.989034226124872,-6.262017153644958,-7.653914996872179
1PGA,A,V,29, ,-8.714543418240329,-3.5994132101516283,-5.513498920146646,-3.709860692434855,-9.432965472430975,-2.01778737127072,-2.3470187823499256,-3.6598253028398977,-1.1118760925632252,-2.704084998100848,-3.3938577241528236,-3.9732289516587813,-2.4801344271955306,-2.8503899386852303,-2.527551867897496,-5.290969703261782,-6.4849757483629205,-4.418699220273108,-6.748292860161604,-9.163891761133465
1PGA,A,F,30, ,-11.872911099058859,-8.888590276804814,-6.371264506843565,-8.363089023940518,-10.734195670081565,-7.084151011265731,-7.281443880358911,-8.043045038656448,-7.330481255555226,-1.7292262980942477,-5.647598394802467,-3.475798041450826,-4.9175003725790205,-6.2767441560181485,-5.969036223918026,-3.70413458555569,-0.5389028803950314,-7.880429817816138,-1.8274142249377023,-5.978699784092635
1PGA,A,K,31, ,-11.478224034476842,-9.39014015076657,-7.6724344408046745,-7.838404495190063,-11.475368003051221,-5.267611723726294,-5.037758434321872,-5.526480656414443,-3.7357478355834437,-4.3704633198434495,-3.8255557475521598,-4.809949002489616,-2.6146674759107498,-0.9998793741209566,-3.2892856716486625,-2.629595594471039,-5.885620827723724,-1.0264295739981983,-5.3519552031625794,-7.337682070935617
1PGA,A,Q,32, ,-5.951325490264288,-2.9266752413976445,-6.34313426005391,-3.0062844499002592,-9.922583314992934,-1.6255929337554773,-4.00857684945857,-3.6950993186036856,-6.169527051256836,-4.355384431848008,-3.3796198625160194,-5.278081818940364,-1.510582425276083,-1.3116541681787726,-2.6540249746909397,-4.424064575864,-7.44756247392978,-3.6985988795504503,-7.257684278614432,-9.270354752805614
1PGA,A,Y,33, ,-15.809279972310092,-13.909911109753068,-11.636000900468707,-12.814777155542245,-13.913595462060073,-10.01611530201831,-10.390339084763484,-8.989990049786456,-9.640853404021808,-4.393744226004026,-7.564782585064806,-5.145545957739531,-6.093641396034425,-4.349769317237915,-6.496002812201495,-3.3538193296444145,-1.1111481964105328,-4.2864876688584115,-0.6666339957264037,-2.616905636493533
1PGA,A,A,34, ,-6.543973044349949,-0.4812894707099321,-1.5935023183435457,-3.139122985352475,-10.969476021234035,-2.766069906193715,-2.667111545076057,-8.397208032589917,-7.429347048686651,-8.957083685891046,-7.917348050788512,-8.94055821686436,-9.595116001911236,-11.588555821342537,-9.006270278394766,-11.344929614062501,-12.82563259847448,-12.781531805390086,-12.86356878464157,-15.589637782021951
1PGA,A,N,35, ,-9.488902631227496,-4.796851215333085,-7.017967885143468,-4.974859735547266,-10.674440159869937,-4.443838004962124,-5.0021598527857645,-3.37753543695025,-3.8725110129438107,-3.7872822518453813,-2.673561558379079,-4.5712780045977,-2.0173212253646606,-1.15524561292787,-1.6460307781554726,-4.610643969603044,-6.526398769718832,-1.8691271801116744,-6.530353493405153,-7.622678731693796
1PGA,A,D,36, ,-8.04293954873825,-3.7857151095590833,-6.500023677028708,-3.5843650539353304,-10.58533518591602,-3.5356689872320106,-4.9486691707039085,-1.2360480017312385,-4.721757918390557,-3.9451068981408666,-1.7167950055660286,-4.9992196245301725,-2.5532640740141623,-3.1833312604711814,-1.3172808208061833,-5.33419050972715,-7.020926538455462,-4.376637344612694,-7.383677595408236,-8.235628505115852
1PGA,A,N,37, ,-7.753951180110162,-4.1313404730171,-4.0070548796897985,-4.0635086833045335,-11.896147026163922,-3.989058773362278,-3.926079760673116,-5.448809811159874,-6.067632208937549,-2.8769316598353414,-1.395744231602407,-4.437952675750821,-1.1477145289449073,-2.1259069062306595,-2.7309606870257657,-3.131769113616496,-7.707772434601048,-3.1925443133381988,-7.732191458445162,-9.771832647326733
1PGA,A,G,38, ,-0.0876258168261381,-5.065437810075206,-7.362305582851645,-4.443317551465168,-13.441578234911267,-7.727602061773869,-9.4437437438336,-4.107040267777639,-10.99641765441959,-8.175652258385451,-3.5808386923162843,-8.384719547824972,-5.602229345738144,-5.052854051581706,-5.061063813505021,-7.084423035415712,-9.327949290796976,-6.040992899683277,-9.31688772131723,-10.738270868921797
1PGA,A,V,39, ,-17.050218845407574,-11.547567909424657,-8.107037096629508,-11.714050308283527,-11.671581234416191,-7.7448230700503045,-2.294475965218088,-11.53702193214196,-0.41206938700146906,-1.4920852795674866,-9.24197668210598,-4.62719320686165,-7.4909702381044285,-9.71196158497103,-9.027215012495866,-9.141013106516981,-7.96770718403005,-10.553948244971721,-8.961560676327688,-11.745402887628357
1PGA,A,D,40, ,-5.732071562988019,-3.113450728295895,-5.903246441114747,-1.6322987822015735,-9.333707463486949,-1.5616665415107274,-2.9709867659890117,-2.663977790449364,-4.127007283110218,-5.1742529018864305,-2.3493829776555266,-5.731488465053923,-3.0205077618148266,-2.092936868696668,-2.6615109911028254,-4.271811305069952,-6.040562103260052,-3.1840883147357326,-5.929719928748821,-7.627079349655868
1PGA,A,G,41, ,-0.011213059467098007,-4.904207832445688,-7.973739577888337,-5.97564645499751,-11.676018028737762,-8.601499383124105,-10.669423245641145,-8.909612438710937,-13.425437327357107,-11.029125251372173,-8.08557137900343,-11.917220226590512,-10.320603816327079,-9.759411347936812,-9.9438337566319,-11.145433642510069,-13.584954720358905,-11.263640433142976,-14.43243971477394,-16.16040933901465
1PGA,A,E,42, ,-6.388316308730021,-3.1837540359678513,-6.583989476298746,-2.5571891147711123,-5.306421916305946,-1.0444940429212017,-2.0496712001302275,-3.1567445568337535,-3.453576696840667,-4.634637680109674,-3.0091008532871943,-5.850769200128251,-3.0534069712253977,-2.4182785194738097,-2.3811736113959587,-5.118831267818672,-6.717145222314999,-3.966251138660159,-6.751169594295989,-8.349554374743258
1PGA,A,W,43, ,-16.323511415727502,-14.304041792581858,-12.237823190641732,-13.31410524964695,-14.425037287603176,-10.365239929249752,-8.471490140926212,-11.229018654483829,-7.0475456506351986,-8.037141161828893,-12.068316839666323,-7.220892044786261,-9.732293732562063,-11.120496414562403,-8.492800099041188,-7.842339266162432,-3.8638484450297663,-9.447389721435952,-4.685563410633128,-0.03371902422374225
1PGA,A,T,44, ,-6.377523290288087,-3.1681952429772813,-6.10406968464515,-1.575654207451182,-10.47846812879971,-1.0313564450310662,-3.110695267016708,-3.2947857168944266,-4.880085450051604,-5.263410462265876,-2.6480749218318924,-5.768729831000156,-2.8027102539793067,-2.78274141087304,-2.6273732241454995,-4.833232782062868,-6.862428556267958,-4.055239289125276,-6.94349952446317,-8.821117226612358
1PGA,A,Y,45, ,-16.065501952080684,-12.382903846388187,-9.800149809337363,-11.436180899956923,-13.766544671474016,-8.821152609827774,-7.58145240498754,-10.708206914859497,-7.394706340486405,-3.819567196386312,-8.366429242228337,-5.783607203005052,-6.598495312430521,-6.392405154468262,-7.590242764076839,-3.6509826705989314,-0.6568415093696747,-6.170379460581087,-0.8807150578845349,-4.731201309569125
1PGA,A,D,46, ,-10.728523825019769,-8.166883706277812,-7.655703300570767,-5.637051378735107,-11.500420576210262,-7.294244225839106,-6.6639216550139535,-0.4284347652282274,-8.042731193803558,-6.823342488526607,-1.140720977822313,-9.090365492172431,-5.578361728806938,-6.038608621912993,-4.437636489295943,-6.788540075277954,-7.648502739055533,-6.909199519110379,-7.885698218609094,-9.344575080630962
1PGA,A,D,47, ,-7.620068768697903,-4.400112489093176,-7.773945477218286,-4.147125985422321,-5.215526570039786,-4.733131378806664,-5.076163924451351,-2.1329833858405984,-5.341987945837878,-4.432077604197581,-3.3677911895040333,-5.865495487681495,-3.4430891284354903,-3.0896406238218685,-0.4097051054091555,-4.77808482689077,-5.639469279279844,-3.8493318250423565,-5.77953498865306,-7.856577962807194
1PGA,A,A,48, ,-5.07722015278989,-1.7189314248427716,-6.71610033780144,-1.9627357053342271,-6.4831377287770815,-2.76727784246411,-3.730876841985928,-2.7178635205268082,-4.547799938663878,-3.7157767847072076,-2.7533211660579817,-5.393778757491792,-3.175998129917876,-1.7399465892621349,-2.223635311518972,-4.93572536080649,-5.897683387695315,-2.5700014662385726,-5.925131311332979,-7.341209733939185
1PGA,A,T,49, ,-8.409918695943224,-4.646480208481656,-6.931666786468159,-3.4066835961753115,-10.335412546297436,-0.6963345945344857,-4.784560554391928,-3.8732070428344616,-6.248091797419691,-4.258692774392015,-2.0854544270967996,-6.206057859470772,-3.185596854426736,-1.9953726488054446,-3.416483967893088,-3.2372809914420566,-5.213894342086028,-3.715896245373021,-5.058993890287015,-7.451509088672792
1PGA,A,K,50, ,-11.552631285114984,-10.861024312726245,-9.196857430562936,-9.767400679415815,-11.962540626498644,-8.979437235122898,-10.697402095605156,-7.931518950171934,-9.862613550923447,-4.57083598024882,-5.27907530693291,-4.633223068100878,-2.8133936258820817,-0.558896141444449,-5.39702440294612,-2.8834593188538813,-4.743381350263896,-1.3433230926961006,-4.4947230647590795,-7.001368723855647
1PGA,A,T,51, ,-9.029615290058423,-4.043268773354213,-4.36595661219142,-3.307328440434194,-11.977790954437872,-0.3601962408621102,-1.6163211175901853,-5.438249752863377,-4.372308233334629,-5.742333103005918,-5.363495937557536,-7.346878507848484,-5.785166292310575,-7.683650938216098,-4.879942533262318,-9.200190544126382,-11.216969113842168,-9.314772895837711,-11.642147158706395,-14.356903539877159
1PGA,A,F,52, ,-15.863555000900607,-13.000488841850702,-10.88407892131942,-12.65508300790511,-12.249484651955443,-10.74468210679807,-8.555872610190272,-11.185149984172229,-6.4028768633547255,-4.867778177125032,-9.184853138955917,-6.010278329942145,-8.383384978189437,-9.503290647755417,-8.898723007675942,-5.118823569285337,-0.4339400711771464,-9.752093657845837,-1.1562590829114368,-3.9767427698669184
1PGA,A,T,53, ,-6.566674381379091,-3.736082478108916,-5.274807073042886,-2.1155648961251736,-10.39420995225564,-0.47227491848055314,-2.5128048318772445,-4.091586120443996,-3.9617770831908876,-5.440520646685448,-2.9937480056104917,-6.262001328140268,-4.392735045886276,-4.680687487424045,-3.767667169481573,-5.332875236814307,-7.60563369431757,-6.312862784789387,-7.806402961309565,-10.423895627806319
1PGA,A,V,54, ,-10.91462131996702,-5.175097155876736,-3.1420217568436475,-6.23216087852107,-10.036823407501062,-5.291659525047355,-0.24533619871493687,-6.120313704774111,-2.4087940235320873,-2.9071536374833227,-5.362229739361007,-6.073373216149152,-6.002467459797531,-8.708205567473989,-5.613631895126357,-6.710118170166871,-8.608767968819436,-10.32891671751615,-8.715494194685835,-10.964414107341241
1PGA,A,T,55, ,-7.19532057196983,-3.3385336132043153,-5.522279861282299,-1.5405842761842994,-10.132587576457777,-0.8782023211719532,-2.850215709696682,-3.3864403836703545,-4.127482362911557,-5.237044016197715,-2.803505508028751,-5.850659795887373,-3.3160873935582273,-2.85022902640935,-3.1353180454412457,-5.586051564451564,-7.839230106258837,-4.494814850547186,-7.817358933687528,-10.146025822548102
1PGA,A,E,56, ,-7.666204093944253,-5.824205910841231,-4.502959773283326,-4.693991195645617,-6.2941643911875005,-3.728410792103519,-3.909308858030418,-2.035988852609183,-3.5454805969901027,-3.879873594573796,-2.865078355541729,-2.6784284627322954,-2.3916300107892554,-4.052789798461881,-0.8415850270219499,-3.7181173811503916,-4.142720256107484,-3.940039787204827,-3.918461032060705,-5.230803128174086
