mutant,linear,mutation_effect_prediction_vae_ensemble,mutation_effect_prediction_vae_1,mutation_effect_prediction_vae_2,mutation_effect_prediction_vae_3,mutation_effect_prediction_vae_4,mutation_effect_prediction_vae_5,mutation_effect_prediction_pairwise,mutation_effect_prediction_independent,chain,wt_pdb,pe_wt,pe_mt,log_proba_wt,log_proba_mt,log_proba_mt__minus__log_proba_wt
D170C,1.08657274,,,,,,,,,A,2lay,-96.70406,-96.62468,-2.8365676,-2.7571838,0.07938385
D170E,1.449640362,,,,,,,,,A,2lay,-96.70406,-96.89046,-2.8365676,-3.0229614,-0.18639374
D170G,1.586071832,,,,,,,,,A,2lay,-96.70406,-96.42833,-2.8365676,-2.5608337,0.27573395
D170F,1.390984458,,,,,,,,,A,2lay,-96.70406,-97.03642,-2.8365676,-3.168927,-0.3323593
D170I,1.510918047,,,,,,,,,A,2lay,-96.70406,-96.994804,-2.8365676,-3.1273086,-0.29074097
D170H,1.082612035,,,,,,,,,A,2lay,-96.70406,-96.843925,-2.8365676,-2.9764297,-0.13986206
D170K,1.986607392,,,,,,,,,A,2lay,-96.70406,-96.888596,-2.8365676,-3.0210998,-0.18453217
D170L,1.757548039,,,,,,,,,A,2lay,-96.70406,-96.91837,-2.8365676,-3.0508773,-0.21430969
D170N,1.191825583,,,,,,,,,A,2lay,-96.70406,-96.71318,-2.8365676,-2.8456848,-0.009117126
D170Q,1.612474668,,,,,,,,,A,2lay,-96.70406,-96.86064,-2.8365676,-2.9931457,-0.15657806
D170P,2.502210796,,,,,,,,,A,2lay,-96.70406,-97.15663,-2.8365676,-3.2891357,-0.45256805
D170S,1.238792683,,,,,,,,,A,2lay,-96.70406,-96.787926,-2.8365676,-2.92043,-0.083862305
D170R,2.470139561,,,,,,,,,A,2lay,-96.70406,-96.96473,-2.8365676,-3.0972335,-0.2606659
D170T,1.867418334,,,,,,,,,A,2lay,-96.70406,-96.84272,-2.8365676,-2.9752243,-0.13865662
D170V,1.9505742,,,,,,,,,A,2lay,-96.70406,-97.06075,-2.8365676,-3.193257,-0.35668945
D170Y,1.135424459,,,,,,,,,A,2lay,-96.70406,-97.11326,-2.8365676,-3.2457626,-0.40919495
V171A,1.298013126,,,,,,,,,A,2lay,-97.00581,-96.8571,-3.1259408,-2.9772286,0.14871216
V171E,1.397016889,,,,,,,,,A,2lay,-97.00581,-96.95679,-3.1259408,-3.0769143,0.04902649
V171D,1.860249175,,,,,,,,,A,2lay,-97.00581,-96.735954,-3.1259408,-2.8560815,0.2698593
V171G,1.974818609,,,,,,,,,A,2lay,-97.00581,-96.58755,-3.1259408,-2.7076745,0.4182663
V171F,1.127986667,,,,,,,,,A,2lay,-97.00581,-96.89427,-3.1259408,-3.014399,0.11154175
V171I,1.199341502,,,,,,,,,A,2lay,-97.00581,-96.93059,-3.1259408,-3.050715,0.07522583
V171H,2.200604356,,,,,,,,,A,2lay,-97.00581,-96.875244,-3.1259408,-2.9953713,0.13056946
V171M,1.323938731,,,,,,,,,A,2lay,-97.00581,-96.829185,-3.1259408,-2.9493127,0.17662811
V171L,1.583837055,,,,,,,,,A,2lay,-97.00581,-96.87664,-3.1259408,-2.9967675,0.12917328
V171N,2.749499045,,,,,,,,,A,2lay,-97.00581,-96.64778,-3.1259408,-2.7679086,0.35803223
V171P,2.75929815,,,,,,,,,A,2lay,-97.00581,-97.42666,-3.1259408,-3.5467858,-0.42084503
V171S,1.833689529,,,,,,,,,A,2lay,-97.00581,-96.78572,-3.1259408,-2.905848,0.22009277
V171R,3.462110809,,,,,,,,,A,2lay,-97.00581,-97.0258,-3.1259408,-3.1459298,-0.019989014
V171T,0.963624688,,,,,,,,,A,2lay,-97.00581,-96.6866,-3.1259408,-2.806727,0.31921387
V171Y,1.198164072,,,,,,,,,A,2lay,-97.00581,-97.02854,-3.1259408,-3.1486688,-0.022727966
P172A,1.185524545,,,,,,,,,A,2lay,-97.15835,-96.76577,-3.2763667,-2.8837886,0.39257812
P172E,0.808047348,,,,,,,,,A,2lay,-97.15835,-96.85259,-3.2763667,-2.970611,0.30575562
P172G,1.646431217,,,,,,,,,A,2lay,-97.15835,-96.740456,-3.2763667,-2.8584743,0.41789246
P172F,0.5264220279999999,,,,,,,,,A,2lay,-97.15835,-97.071,-3.2763667,-3.1890178,0.08734894
P172I,1.081574506,,,,,,,,,A,2lay,-97.15835,-96.80988,-3.2763667,-2.9279017,0.34846497
P172H,0.981326217,,,,,,,,,A,2lay,-97.15835,-96.942245,-3.2763667,-3.060264,0.2161026
P172K,1.34184025,,,,,,,,,A,2lay,-97.15835,-96.81199,-3.2763667,-2.9300075,0.34635925
P172L,0.917905338,,,,,,,,,A,2lay,-97.15835,-96.81335,-3.2763667,-2.9313655,0.34500122
P172Q,0.97954644,,,,,,,,,A,2lay,-97.15835,-96.75878,-3.2763667,-2.8768,0.39956665
P172S,1.326588984,,,,,,,,,A,2lay,-97.15835,-96.9006,-3.2763667,-3.0186152,0.25775146
P172R,1.396370152,,,,,,,,,A,2lay,-97.15835,-96.817055,-3.2763667,-2.9350734,0.34129333
P172T,1.101012436,,,,,,,,,A,2lay,-97.15835,-96.88432,-3.2763667,-3.0023417,0.27402496
L173F,0.581268889,-7.554934761810001,-7.587551664349999,-7.644634805680001,-7.64485080528,-7.64895726204,-7.248679271699999,-8.60603497038,-7.2470434536,A,2lay,-96.368256,-96.731476,-2.5291724,-2.8923926,-0.3632202
L173H,0.268812135,-8.68901145554,-8.627835031510001,-9.36916431618,-8.66910058212,-8.675935543060001,-8.10302180481,-10.5647691958,-11.7214877956,A,2lay,-96.368256,-96.99964,-2.5291724,-3.1605582,-0.6313858
L173M,1.08444462,-4.50608036041,-4.48145533943,-4.56545691681,-4.640613376619999,-4.52754572296,-4.31533044624,-4.59508201829,-4.41727750256,A,2lay,-96.368256,-96.626434,-2.5291724,-2.7873511,-0.2581787
L173Q,0.227748626,-8.61269953995,-8.69184640121,-9.04276239395,-8.64947562218,-8.55957844543,-8.11983483696,-10.5647691958,-11.7214877956,A,2lay,-96.368256,-96.785126,-2.5291724,-2.9460425,-0.41687012
L173P,0.271741785,-8.57225341415,-8.55936054993,-9.03409790611,-8.68030702019,-8.53381593895,-8.05368565559,-10.5647691958,-11.7214877956,A,2lay,-96.368256,-97.48765,-2.5291724,-3.6485648,-1.1193924
L173R,0.165804027,-8.49595784683,-8.581775489810001,-8.827396158220001,-8.5340959549,-8.520760255810002,-8.01576137543,-10.5647691958,-11.7214877956,A,2lay,-96.368256,-96.73903,-2.5291724,-2.8999457,-0.37077332
L173T,0.207538415,-8.48503920631,-8.61160159302,-8.78864849663,-8.448605669019999,-8.4512473774,-8.12509289551,-10.5647691958,-11.7214877956,A,2lay,-96.368256,-96.99486,-2.5291724,-3.1557746,-0.6266022
L173W,0.242428955,-8.066549732210001,-8.15879490089,-8.29171336746,-8.18919197083,-8.0985909977,-7.59445742416,-8.80383438081,-7.94777970592,A,2lay,-96.368256,-96.79195,-2.5291724,-2.9528632,-0.4236908
L173V,0.567276852,-5.299455711359999,-5.16356827164,-5.29247371101,-5.37280581856,-5.15395998001,-5.5144707756,-7.386039988139999,-4.94673285051,A,2lay,-96.368256,-96.668816,-2.5291724,-2.8297324,-0.30056
P174A,0.398852739,-5.11105708046,-5.00792250443,-5.321542530059999,-5.125075160980001,-5.074976270680001,-5.02576893616,-6.52129900595,-4.80684826368,A,2lay,-97.4604,-96.784294,-3.6116014,-2.935492,0.6761093
P174G,0.827341338,-6.453157217030001,-6.40719911385,-6.62154055214,-6.44329071617,-6.48208031654,-6.31167538643,-7.03943803906,-6.02358420753,A,2lay,-97.4604,-97.328285,-3.6116014,-3.4794831,0.13211823
P174L,0.327942052,-6.10185346489,-6.07017274857,-6.26312244987,-6.115095340730001,-6.00594818306,-6.05492860222,-7.298930340910001,-5.86140404847,A,2lay,-97.4604,-96.570625,-3.6116014,-2.7218232,0.88977814
P174Q,0.422146169,-7.346967175669999,-7.271997817989999,-7.566211605069999,-7.348414205549999,-7.268016225810001,-7.280196023939999,-8.195217495780001,-6.959759654910001,A,2lay,-97.4604,-96.86767,-3.6116014,-3.018866,0.5927353
P174S,0.323615345,-6.07046352921,-6.03315034866,-6.178983688350001,-6.056978837969999,-6.02497977638,-6.05822499466,-7.177991489410001,-5.771650311139999,A,2lay,-97.4604,-96.98711,-3.6116014,-3.1383042,0.47329712
P174R,0.241634365,-8.4524918148,-8.536300493239999,-8.71211495972,-8.39382429314,-8.30213022041,-8.31808910751,-10.1162186961,-11.2594897546,A,2lay,-97.4604,-96.90348,-3.6116014,-3.0546784,0.5569229
P174T,0.366025411,-7.32728231964,-7.253535524369999,-7.60934298897,-7.24954963493,-7.30176721382,-7.22221623611,-7.977661959360001,-7.11000226228,A,2lay,-97.4604,-96.75052,-3.6116014,-2.9017167,0.70988464
P174V,0.210093649,-7.954395035169999,-7.965485424039999,-8.17475757599,-7.88166485977,-7.83238003159,-7.91768728447,-9.12042771687,-8.03713113489,A,2lay,-97.4604,-96.7651,-3.6116014,-2.9162965,0.6953049
A175C,0.567995705,-3.40335440331,-3.52457234383,-3.3297118969,-3.5433535862,-3.28004414177,-3.339090047840001,-3.35735686013,-3.741388059090001,A,2lay,-96.77962,-96.75901,-2.897438,-2.876831,0.020606995
A175E,0.515129895,0.149615171051,0.266940433502,0.283883382797,-0.0144652118683,0.0487701683043999,0.16294708252,-0.792924881098,0.408368690786,A,2lay,-96.77962,-96.90491,-2.897438,-3.022728,-0.12528992
A175D,0.7604143259999999,-0.17049595108,-0.150379512787,-0.0755294761658,-0.306716592789,-0.23360279274,-0.0862513809203999,-0.855706003611,-0.138252356729,A,2lay,-96.77962,-97.0847,-2.897438,-3.2025223,-0.30508423
A175G,0.8145548,-2.68551692505,-2.63265040779,-2.69833921814,-2.94940324211,-2.55819319916,-2.58899855804,-3.74573498231,-2.61468297179,A,2lay,-96.77962,-97.05867,-2.897438,-3.1764908,-0.27905273
A175F,0.964681089,-1.30103988304,-1.68078310585,-1.37113776779,-1.29105054665,-1.05307501602,-1.1091529789,-2.89028406062,-1.80714161245,A,2lay,-96.77962,-96.88203,-2.897438,-2.9998474,-0.10240936
A175I,0.910499307,-2.45900816422,-2.59683945465,-2.43983697701,-2.54988718605,-2.31510626793,-2.39337093544,-3.01587430027,-2.79940754341,A,2lay,-96.77962,-96.76369,-2.897438,-2.8815079,0.015930176
A175H,0.827176602,-1.23383697739,-1.36304914665,-1.24784692764,-1.27048875618,-1.04247546959,-1.24532458687,-1.99603738089,-1.50198986789,A,2lay,-96.77962,-96.803795,-2.897438,-2.9216156,-0.024177551
A175L,1.516725344,-1.01557178307,-1.20818854332,-1.06203447533,-1.10274785805,-0.861428625107,-0.8434594135279999,-1.27340559301,-1.37572443263,A,2lay,-96.77962,-96.794266,-2.897438,-2.9120865,-0.0146484375
A175N,0.8943938109999999,-1.4169179718,-1.48725219345,-1.40550216675,-1.52612875175,-1.34741112137,-1.31829562569,-2.03807418386,-1.39462594721,A,2lay,-96.77962,-96.90376,-2.897438,-3.0215836,-0.12414551
A175Q,0.988666084,-1.17285356674,-1.10807452202,-1.03374862289,-1.37501693153,-1.17560176277,-1.17182599449,-2.19299759238,-1.08005395133,A,2lay,-96.77962,-96.8193,-2.897438,-2.9371185,-0.03968048
A175P,1.044997548,1.17080594673,1.28740823555,1.3596594696,0.972370128632,1.09128413582,1.14330776405,0.421730655129,1.3266636979,A,2lay,-96.77962,-97.51203,-2.897438,-3.6298523,-0.73241425
A175S,0.989783576,-0.192048451614,-0.240758424759,-0.176550430298,-0.273443180084,-0.127251117706,-0.142239105225,-1.1600085824,-0.228912655224,A,2lay,-96.77962,-96.92574,-2.897438,-3.0435638,-0.1461258
A175R,1.061490662,-1.19948572044,-1.24398031235,-1.14914392281,-1.26122769737,-1.25627984238,-1.08679682732,-2.48417578044,-1.23973240516,A,2lay,-96.77962,-96.78583,-2.897438,-2.9036484,-0.006210327
A175T,1.142308557,-1.11277912827,-1.22029372597,-1.09557937431,-1.25749966431,-1.06054621315,-0.929976663589,-1.18527607713,-1.20674233667,A,2lay,-96.77962,-96.82634,-2.897438,-2.9441605,-0.046722412
A175V,0.965049014,-1.41079137383,-1.53540192032,-1.43730601501,-1.43042595291,-1.31955463791,-1.33126834297,-2.34278975439,-1.69889446522,A,2lay,-96.77962,-96.87974,-2.897438,-2.9975586,-0.100120544
A175Y,1.042880663,-0.3704867401120001,-0.67320316124,-0.44046439743,-0.37239276886,-0.189986103058,-0.176387269974,-1.53549495165,-0.8736428546799999,A,2lay,-96.77962,-96.8812,-2.897438,-2.9990234,-0.10158539
G176A,0.305118117,-5.26078162155,-5.510463539119999,-5.11601474762,-5.34569425583,-5.30906957054,-5.02266599464,-6.090910885720001,-4.524193702230001,A,2lay,-96.94345,-96.80974,-3.059258,-2.9255452,0.13371277
G176C,0.486401264,-7.017564165880001,-7.09090735435,-6.98748339844,-7.20741283798,-7.00453814125,-6.79747909737,-7.87498708512,-7.009949213960001,A,2lay,-96.94345,-96.723885,-3.059258,-2.8396916,0.21956635
G176D,0.251223,-3.65369479485,-3.83405031776,-3.48191375542,-3.77159467316,-3.74209825325,-3.43881697464,-4.47106811441,-2.14791794774,A,2lay,-96.94345,-97.03062,-3.059258,-3.1464238,-0.08716583
G176F,0.752134089,-5.25656111794,-5.40131006622,-5.19841994286,-5.349860715869999,-5.21840078545,-5.11481407928,-6.371654651830001,-4.831028738450001,A,2lay,-96.94345,-96.78339,-3.059258,-2.8991933,0.1600647
G176H,0.527199829,-4.10455903358,-4.293078062059999,-3.97405864716,-4.20396479225,-4.12738527107,-3.92430839539,-4.98437953764,-3.40753287938,A,2lay,-96.94345,-96.818596,-3.059258,-2.934403,0.12485504
G176N,0.448460273,-2.73573176498,-2.8076612606,-2.63824574661,-2.77310154152,-2.71778164864,-2.74186862755,-3.39755515219,-2.16860903429,A,2lay,-96.94345,-96.899704,-3.059258,-3.015511,0.04374695
G176P,0.309664437,-3.85252398567,-4.0441886158,-3.63724973106,-4.216973304750001,-4.01409059143,-3.35011768532,-5.33088289411,-2.7203462395,A,2lay,-96.94345,-97.42068,-3.059258,-3.5364842,-0.47722626
G176S,0.348624146,-4.8313323597,-4.9423471508,-4.69041962433,-4.99220139694,-4.9533541584,-4.578339468,-6.00968995434,-3.87114026514,A,2lay,-96.94345,-96.921364,-3.059258,-3.037171,0.022087097
G176R,0.556189368,-5.1030686924,-5.18259175682,-4.96417892075,-5.172441268919999,-5.19471562576,-5.001415889740001,-6.48190015019,-4.510236110969999,A,2lay,-96.94345,-96.900696,-3.059258,-3.0165029,0.042755127
G176T,0.024831598,-5.587122981259999,-5.617339365009999,-5.33952785873,-5.867722826000001,-5.73276777649,-5.37825708008,-6.348680892259999,-4.395956717280001,A,2lay,-96.94345,-96.80814,-3.059258,-2.9239507,0.13530731
G176V,0.077724409,-6.320675398250001,-6.403650943759999,-6.17240609741,-6.31106035995,-6.697241167070001,-6.019018423080001,-6.681323701749999,-5.100950242190001,A,2lay,-96.94345,-97.003044,-3.059258,-3.1188512,-0.0595932
W177C,0.076296645,-6.25721594276,-6.417088293080001,-6.13001904488,-6.4254751339,-6.17914660835,-6.13435063362,-4.878827503469999,-6.350173619980001,A,2lay,-96.73231,-96.7039,-2.8552055,-2.8268013,0.028404236
W177G,0.092662767,-8.9642297348,-9.10474803925,-9.11088815689,-8.9531115818,-8.86292210007,-8.78947879601,-8.64758069266,-11.5570291419,A,2lay,-96.73231,-97.532,-2.8552055,-3.6548958,-0.79969025
W177F,0.487386029,-5.21585455475,-5.32340105247,-5.19012753105,-5.332452331540001,-5.084202304840001,-5.149089553830001,-4.80085711018,-5.51778588132,A,2lay,-96.73231,-96.49701,-2.8552055,-2.6199074,0.23529816
W177L,0.111221239,-7.516334265139999,-7.767152620319999,-7.43548652267,-7.5860387249,-7.49093212509,-7.3020613327,-6.44687425415,-7.760543826760001,A,2lay,-96.73231,-96.42202,-2.8552055,-2.544918,0.31028748
W177S,0.104129987,-9.07230641937,-8.949746936799999,-9.28802715492,-9.26423742104,-9.12042269897,-8.73909788513,-8.57933760231,-11.141409012,A,2lay,-96.73231,-97.14818,-2.8552055,-3.2710762,-0.41587067
W177R,0.192193379,-8.58654571838,-8.51311123848,-8.64742853165,-8.768963628769999,-8.66812238121,-8.335102811810001,-8.09133735945,-9.15842122713,A,2lay,-96.73231,-96.92939,-2.8552055,-3.052288,-0.19708252
W177Y,0.4956754,-4.377474049,-4.57598314095,-4.343604927059999,-4.45567206573,-4.2994664669,-4.21264364433,-3.50089099049,-4.6924527912,A,2lay,-96.73231,-96.61177,-2.8552055,-2.7346687,0.120536804
E178A,1.317981452,-3.74351919136,-3.94945950508,-3.79971434975,-3.5712056675,-3.88971803856,-3.507498395919999,-3.87908638641,-2.32750087177,A,2lay,-97.04767,-96.82018,-3.202134,-2.9746482,0.22748566
E178D,1.233934247,-2.90569169464,-2.98172387123,-2.89208128738,-2.8337077961,-2.96294217491,-2.85800334358,-2.60434231302,-2.6485285379,A,2lay,-97.04767,-97.46755,-3.202134,-3.6220176,-0.41988373
E178G,2.099319313,-5.17448200645,-5.22186320496,-5.102517786030001,-5.13568401909,-5.330723423,-5.0816215992,-6.376086357519999,-3.55161682019,A,2lay,-97.04767,-97.27055,-3.202134,-3.425019,-0.22288513
E178H,0.254198134,-6.03392951202,-6.19752933502,-6.34322999382,-6.011904331209999,-6.114543071749999,-5.50244082832,-5.51283228211,-3.10009937231,A,2lay,-97.04767,-97.052345,-3.202134,-3.2068107,-0.004676819
E178K,0.371603412,-4.68564775352,-4.795736063000001,-4.78201256752,-4.497657648090001,-4.82890522575,-4.52392726326,-5.48343305057,-1.22902171525,A,2lay,-97.04767,-96.8941,-3.202134,-3.0485618,0.15357208
E178N,0.615290013,-5.872529740519999,-6.066589263919999,-5.62278637505,-5.68970069885,-6.36398643303,-5.61958593178,-5.945870815780001,-3.807053702280001,A,2lay,-97.04767,-97.3428,-3.202134,-3.4972618,-0.29512787
E178Q,1.052193487,-2.93197524719,-3.13843318176,-2.944916679379999,-2.88657335281,-3.00426982117,-2.68568320084,-2.47841068421,-1.41991757765,A,2lay,-97.04767,-96.86919,-3.202134,-3.0236518,0.17848206
E178S,1.063714333,-2.96693069954,-3.02702483749,-2.95128118324,-2.7766192112,-3.34209301949,-2.73763524628,-2.28447606694,-1.68260036949,A,2lay,-97.04767,-97.075005,-3.202134,-3.22947,-0.02733612
E178T,0.8994679109999999,-3.52240391579,-3.6160600853,-3.5540467205,-3.33610617638,-3.95255524445,-3.15325135231,-4.1721804915,-1.22074353738,A,2lay,-97.04767,-96.83453,-3.202134,-2.9889991,0.21313477
E178V,0.187600785,-4.96248951797,-4.89146123505,-5.26375624275,-4.68551534271,-5.0699685173,-4.90174625206,-6.032664607509999,-1.3759694949,A,2lay,-97.04767,-96.53084,-3.202134,-2.6853034,0.51683044
M179A,0.904025472,-0.944547313309,-0.342258281708,-0.469261734009,-1.55267227364,-1.20724484062,-1.15129943657,-3.74795245833,0.91207187309,A,2lay,-96.67064,-96.8277,-2.8409154,-2.9979742,-0.15705872
M179E,2.207094488,0.0841179748534999,0.43840681839,0.436642770767,-0.161626602173,-0.148572288513,-0.144260824203,-2.36655114451,1.56973588919,A,2lay,-96.67064,-96.90555,-2.8409154,-3.0758245,-0.23490906
M179G,0.981945121,-4.79185710411,-3.814908638,-4.55517697906,-5.761581666950001,-5.02326605034,-4.8043521862,-6.33682127157,-3.20821139723,A,2lay,-96.67064,-97.4433,-2.8409154,-3.6135747,-0.7726593
M179F,0.358852909,-3.28772577324,-3.21659399223,-3.02980590439,-3.30107590294,-3.43031365967,-3.460839406969999,-7.18797811773,-2.35809972431,A,2lay,-96.67064,-96.59621,-2.8409154,-2.766483,0.07443237
M179I,0.664678427,-0.7848817695620001,-0.7792457561489999,-0.670914003372,-0.883429105759,-0.7348736248019999,-0.855946357727,-2.08425459825,-0.435096355166,A,2lay,-96.67064,-96.421585,-2.8409154,-2.5918615,0.24905396
M179K,1.102560146,-0.601563820267,-0.468692960739,-0.380762432098,-0.8618668727869999,-0.526877820969,-0.7696190147399999,-3.05419227108,0.4423605452800001,A,2lay,-96.67064,-96.905106,-2.8409154,-3.075382,-0.23446655
M179L,0.722382863,-1.69640132332,-1.68345270538,-1.6554825573,-1.87523880768,-1.68091103172,-1.58692151451,-2.44331758772,-0.929674141653,A,2lay,-96.67064,-96.540665,-2.8409154,-2.710941,0.12997437
M179Q,1.372680411,-0.467873797607,-0.316642623901,-0.294593378067,-0.604565032959,-0.553147073746,-0.570420879364,-2.49275695009,0.322260553408,A,2lay,-96.67064,-96.828995,-2.8409154,-2.9992712,-0.15835571
M179S,1.243032612,-2.04649171066,-1.5286483593,-1.80763830185,-2.41095687866,-2.24082235336,-2.24439266014,-3.22948461398,-0.125940506399,A,2lay,-96.67064,-96.97862,-2.8409154,-3.1488988,-0.3079834
M179R,0.838388039,-0.719091365051,-0.413027692795,-0.373847969055,-1.17310445976,-0.720994977951,-0.914481725693,-3.76493952889,0.23890646557,A,2lay,-96.67064,-96.9549,-2.8409154,-3.125179,-0.2842636
M179T,0.8511735840000001,-2.00281466179,-1.76916833115,-1.6833730278,-2.06525317192,-2.11815306091,-2.37812571716,-4.19195018383,-0.453415886712,A,2lay,-96.67064,-96.78638,-2.8409154,-2.9566534,-0.115737915
M179W,0.5689954070000001,-3.56632039909,-3.442545492169999,-3.30692054749,-3.81910516739,-3.25094752121,-4.01208326721,-5.4907985758,-2.63181375984,A,2lay,-96.67064,-96.66915,-2.8409154,-2.8394277,0.0014877319
M179V,0.891775799,-0.565261113739,-0.42178046608,-0.38937471199,-0.8227701377869999,-0.545517290115,-0.6468629627229999,-2.01675011776,0.209914926942,A,2lay,-96.67064,-96.5947,-2.8409154,-2.76498,0.075935364
A180D,0.331963069,-3.57893201828,-3.36892650414,-3.56514193726,-3.62762200165,-3.74037759018,-3.59259205818,-4.40925071551,-3.44456296902,A,2lay,-96.733215,-97.54629,-2.919428,-3.7325003,-0.8130722
A180G,0.4751676420000001,-1.28785402565,-1.33656804466,-1.25811617279,-1.32976482391,-1.32070429039,-1.19411679649,-1.64380249358,-1.67130038475,A,2lay,-96.733215,-97.43434,-2.919428,-3.6205542,-0.7011261
A180I,0.113718614,-3.7332333252,-3.39626199341,-3.3440696907,-4.42851699448,-3.78601535225,-3.71130259514,-2.89242787636,-1.44309126845,A,2lay,-96.733215,-96.3726,-2.919428,-2.5588095,0.3606186
A180P,0.058152164,-5.63383279114,-5.862699445720001,-5.75980680847,-5.78656542587,-5.37825755882,-5.381834716799999,-7.01198802073,-6.481153884689999,A,2lay,-96.733215,-98.01189,-2.919428,-4.198099,-1.278671
A180S,0.833029462,-2.06277745323,-2.05209237099,-1.89340249443,-2.0345176487,-2.24406585884,-2.0898088932,-2.39262920711,-1.89367943367,A,2lay,-96.733215,-97.02399,-2.919428,-3.2101996,-0.29077148
A180R,2.040908081,0.0639684741974,0.536205877304,0.438827327728,-0.345248815536,-0.15360002327,-0.156341995239,-0.31624852703,0.111246856003,A,2lay,-96.733215,-96.90969,-2.919428,-3.0959036,-0.17647552
A180T,0.4494907420000001,-3.1272053997,-3.07405372429,-3.09339375877,-3.31811372948,-3.12451809883,-3.02594768715,-2.55251718103,-1.87966289625,A,2lay,-96.733215,-96.86997,-2.919428,-3.056185,-0.1367569
A180V,0.103345078,-2.43266181221,-2.32489643478,-2.20494936943,-2.86903195,-2.35380842972,-2.41062287712,-2.08358340594,-0.444185708094,A,2lay,-96.733215,-96.64641,-2.919428,-2.8326209,0.08680725
K181A,0.6802250470000001,-1.23617512169,-1.12740919304,-1.17366430283,-1.48662018585,-1.17250926399,-1.22067266273,-2.91550584941,-1.59777795773,A,2lay,-96.89717,-96.96257,-3.0693955,-3.1347947,-0.06539917
K181E,0.821717574,-0.962162136459,-1.02100314522,-0.7724620704649999,-1.35242727661,-0.7347794342039999,-0.930138755798,-1.39314252883,-0.924135525203,A,2lay,-96.89717,-96.97303,-3.0693955,-3.1452546,-0.07585907
K181D,0.529622291,-2.1761044117,-2.43041021919,-2.15761877632,-2.41661747932,-1.74044264412,-2.13543293953,-3.29393178225,-1.99532229933,A,2lay,-96.89717,-97.20061,-3.0693955,-3.3728318,-0.30343628
K181I,0.63669881,0.468409222031,0.511142938614,0.428548288345,0.465253868103,0.437660757065,0.499440258026,-0.360738379881,-0.353409053763,A,2lay,-96.89717,-96.48107,-3.0693955,-2.653296,0.41609955
K181H,0.970298873,-1.1032209156,-1.09726499367,-1.19752429962,-0.885798410416,-1.01552593613,-1.31999093819,-1.77397351107,-1.6631651051,A,2lay,-96.89717,-96.89047,-3.0693955,-3.062697,0.0066986084
K181M,0.7325612970000001,-0.5921879905699999,-0.652785364151,-0.550477949142,-0.599830461502,-0.531584230423,-0.626261947632,-1.21924086288,-1.25974041472,A,2lay,-96.89717,-96.67122,-3.0693955,-2.8434434,0.22595215
K181L,0.911169915,0.481756129074,0.327132137299,0.416676504135,0.461223773956,0.590946540833,0.612801689148,0.382127117366,-0.143073155655,A,2lay,-96.89717,-96.451675,-3.0693955,-2.6239,0.4454956
K181N,0.688156381,-2.52971113968,-2.92742863083,-2.4254691124,-2.50488000107,-2.26866631889,-2.52211163521,-3.10044530081,-2.64094141904,A,2lay,-96.89717,-97.11897,-3.0693955,-3.2911973,-0.22180176
K181Q,0.823065802,-0.466656842041,-0.465938642502,-0.43160345459,-0.658753993988,-0.432751787186,-0.34423633194,-0.975603897125,-0.820288265008,A,2lay,-96.89717,-96.834694,-3.0693955,-3.0069184,0.06247711
K181P,0.061267341,-2.54172599754,-2.62136872292,-2.34497409058,-2.650533535,-2.5012458725,-2.59050776672,-3.61130304798,-2.80982992118,A,2lay,-96.89717,-97.61989,-3.0693955,-3.7921128,-0.7227173
K181S,0.917196172,-0.7706527408600001,-0.7968334655760001,-0.7521591148379999,-0.583505386353,-1.05094944,-0.669816297531,-0.909585211892,-1.55996443031,A,2lay,-96.89717,-97.06793,-3.0693955,-3.2401567,-0.17076111
K181R,0.89982034,0.276315326309,0.28092414856,0.20895724678,0.34983224678,0.104244831085,0.43761815834,-0.0911106262356,-0.540039862571,A,2lay,-96.89717,-96.87642,-3.0693955,-3.0486436,0.020751953
K181T,0.7907033,0.603130113602,0.5708714027399999,0.722125957489,0.530318424225,0.51934431839,0.672990465164,0.519544346724,0.0485033389364,A,2lay,-96.89717,-96.90082,-3.0693955,-3.0730424,-0.0036468506
K181V,0.331431807,1.12224314728,1.10254507065,1.09657394028,1.13226956367,1.12153017044,1.15829699135,1.21770480648,0.23036277184,A,2lay,-96.89717,-96.691025,-3.0693955,-2.8632493,0.20614624
K181Y,0.551845251,0.668556464005,0.411662021637,0.558183408737,1.00449873161,0.676363046646,0.692075111389,0.223884521984,-0.000131979310017,A,2lay,-96.89717,-96.488815,-3.0693955,-2.6610398,0.4083557
T182A,0.658983784,-1.72347106705,-1.62057044983,-1.64148418808,-1.86370874214,-1.7957722187,-1.69581973648,-3.30238052644,-1.06532869641,A,2lay,-96.75728,-96.71138,-2.867175,-2.8212767,0.045898438
T182I,0.428832973,-5.48929663315,-5.42362200546,-5.466916095730001,-5.52084691811,-5.30054341125,-5.73455473518,-6.916813176130001,-5.3181812798,A,2lay,-96.75728,-96.76852,-2.867175,-2.8784132,-0.011238098
T182H,0.084955766,-2.59080517082,-2.51409992599,-2.65298974037,-2.74919033241,-2.65807315826,-2.37967269707,-4.32267639716,-1.55544207195,A,2lay,-96.75728,-96.884605,-2.867175,-2.994502,-0.12732697
T182M,0.705413423,-4.38961070824,-4.36647296143,-4.239376636509999,-4.53404746437,-4.44116008568,-4.3669963932,-4.88714138643,-4.10364678811,A,2lay,-96.75728,-96.791725,-2.867175,-2.9016218,-0.034446716
T182L,0.470943215,-4.19426629982,-4.02943304062,-4.21554264069,-4.57014427948,-4.0473673687,-4.108844169619999,-5.85226045153,-3.87459585473,A,2lay,-96.75728,-96.81091,-2.867175,-2.9208097,-0.053634644
T182N,0.388788006,-2.68186807785,-2.57399144554,-2.64433949852,-2.75084337997,-2.79980561066,-2.64036045456,-3.3411900925,-1.80678682194,A,2lay,-96.75728,-96.86173,-2.867175,-2.9716291,-0.10445404
T182P,0.087387674,-5.338724719619999,-4.97801821899,-5.33849680328,-5.70272723579,-5.4897683239,-5.18461301613,-6.36340985133,-4.13765832976,A,2lay,-96.75728,-97.2202,-2.867175,-3.3300962,-0.46292114
T182S,0.492115261,-1.76813465576,-1.73465071678,-1.78585342789,-1.75749462128,-1.8455884552,-1.71708605766,-1.71093526413,-0.11615732031,A,2lay,-96.75728,-96.87489,-2.867175,-2.9847898,-0.117614746
T182V,0.528226935,-4.45214425163,-4.5505543766,-4.514713764190001,-4.54273839951,-4.32430783844,-4.32840687943,-4.5049677405,-3.933114467180001,A,2lay,-96.75728,-96.88939,-2.867175,-2.9992857,-0.1321106
T182Y,0.8672892759999999,-6.09808953781,-6.0435422802,-6.09407745171,-6.83423027611,-6.05174642181,-5.466851259229999,-6.96580707119,-5.052273305880001,A,2lay,-96.75728,-96.92762,-2.867175,-3.0375166,-0.17034149
S183A,1.486004561,0.0844846740723,0.14108615303,0.240940353394,-0.0920884037017999,0.016011674881,0.116473592758,0.603009075683,0.204875231734,A,2lay,-96.74898,-96.78079,-2.8769631,-2.9087777,-0.031814575
S183C,0.27890144,-4.45661402054,-4.53424705505,-4.52075968742,-4.6960094223,-4.2720292511,-4.26002468681,-5.98549978569,-5.4670897826,A,2lay,-96.74898,-96.6938,-2.8769631,-2.8217874,0.05517578
S183E,0.725349624,0.31025872612,0.251152025223,0.13165873909,0.326005308151,0.432657581329,0.4098199768069999,0.476153621916,0.571644603121,A,2lay,-96.74898,-96.762405,-2.8769631,-2.8903909,-0.013427734
S183D,0.454053546,-0.108306540298,-0.227981401443,-0.131191320419,-0.0897280578613,-0.143492435455,0.0508605136871,-1.2430340643,0.0879460907857,A,2lay,-96.74898,-96.66141,-2.8769631,-2.789393,0.08757019
S183G,1.104197754,-1.11788727951,-1.05440701485,-1.06049598885,-1.322319664,-1.0821008625,-1.07011286736,-3.17152647511,-1.11894485344,A,2lay,-96.74898,-96.65068,-2.8769631,-2.778666,0.09829712
S183F,0.814794351,-2.08745664978,-2.25052338409,-2.0772677002,-2.1904827652,-2.08501237679,-1.83399702263,-2.78315124614,-2.78686649605,A,2lay,-96.74898,-97.06996,-2.8769631,-3.197947,-0.3209839
S183I,1.19217961,-2.38810098038,-2.3599534111,-2.69450703812,-2.47997129059,-1.97195787811,-2.43411528397,-3.3958813271,-2.52512162745,A,2lay,-96.74898,-96.96453,-2.8769631,-3.0925164,-0.21555328
S183H,1.416064987,-1.64062168427,-1.56726696396,-1.55231941414,-1.73820429039,-1.64843484688,-1.69688290596,-2.98250950151,-1.55368764427,A,2lay,-96.74898,-96.834145,-2.8769631,-2.96213,-0.08516693
S183K,1.888502247,-0.594997618866,-0.5701103858950001,-0.665437263489,-0.7017163257600001,-0.506899839401,-0.530824279785,-0.158648726763,-0.236331768947,A,2lay,-96.74898,-96.91082,-2.8769631,-3.0388055,-0.16184235
S183M,0.7169909809999999,-3.03334977989,-3.11615622902,-3.05584437561,-3.20699743843,-2.74525025558,-3.04250060081,-3.81549350009,-3.29832633049,A,2lay,-96.74898,-96.93203,-2.8769631,-3.0600152,-0.18305206
S183L,0.692028368,-1.33158752518,-1.39676052094,-1.61423834419,-1.35063708496,-1.04797675896,-1.24832491684,-2.58361688111,-1.63828313822,A,2lay,-96.74898,-96.915054,-2.8769631,-3.0430398,-0.16607666
S183N,1.090485719,-1.11761789513,-0.979757974625,-0.921865718842,-1.28798652458,-1.22459918404,-1.17388007355,-1.71328926017,-0.948014265604,A,2lay,-96.74898,-96.69676,-2.8769631,-2.8247476,0.052215576
S183Q,1.743019952,-0.771643281937,-0.724409851074,-0.8495583915710001,-0.7772895774840001,-0.67339790535,-0.833560684204,-1.5114126273,-0.6427995608070001,A,2lay,-96.74898,-96.779945,-2.8769631,-2.9079309,-0.030967712
S183P,0.727134572,1.12252348862,1.29250684929,1.06028928185,1.02570412064,1.12025997734,1.11385721397,0.716666939436,1.24713905938,A,2lay,-96.74898,-97.12856,-2.8769631,-3.2565484,-0.37958527
S183R,1.49171078,-0.7678549987790001,-0.460413368225,-0.906783473969,-0.961625480652,-0.686532423019,-0.823920248032,-1.88452596008,-0.370896733309,A,2lay,-96.74898,-96.99431,-2.8769631,-3.122294,-0.24533081
S183T,1.098956339,-1.09853258057,-1.0257073307,-0.986187791824,-1.24674917412,-1.07623443222,-1.15778417397,-1.43270317093,-0.993003685018,A,2lay,-96.74898,-96.77728,-2.8769631,-2.9052682,-0.028305054
S183W,1.199468491,-4.359417387390001,-4.664334074019999,-4.387908281330001,-4.39594421005,-4.11828851318,-4.23061185837,-5.86047323537,-5.2867197069,A,2lay,-96.74898,-97.124466,-2.8769631,-3.2524514,-0.37548828
S183V,1.010614488,-1.7212435051,-1.77328582001,-1.8591640625,-1.84808538246,-1.47744321823,-1.64823904228,-3.87078543683,-1.73578566747,A,2lay,-96.74898,-97.05086,-2.8769631,-3.178843,-0.30187988
S183Y,0.917574196,-2.18604129791,-2.19144480705,-2.19262901497,-2.36355654335,-2.13904056168,-2.04353556252,-3.54713636241,-2.73147409578,A,2lay,-96.74898,-97.12727,-2.8769631,-3.255259,-0.3782959
S184A,1.077888723,-1.23650971756,-1.37429313469,-1.03662770462,-1.0359051857,-1.7639702282,-0.971752334595,-1.31712196488,-2.03136365952,A,2lay,-96.7098,-96.79696,-2.8286726,-2.9158309,-0.0871582
S184C,0.468705008,-4.37027548294,-4.32165505981,-4.902814544680001,-4.51225183487,-4.13226907921,-3.98238689613,-4.525283284019999,-3.9694231407,A,2lay,-96.7098,-96.69713,-2.8286726,-2.8160002,0.012672424
S184D,0.92077903,1.21946900291,1.04070812988,1.41107909775,1.41337495232,0.7316280174259999,1.5005548172,0.823988905322,-0.105293884547,A,2lay,-96.7098,-96.43999,-2.8286726,-2.558859,0.26981354
S184G,1.224846881,-1.57025486717,-1.71482828903,-1.31243958092,-1.45385943222,-2.00860664558,-1.36154038811,-0.572341510095,-2.51996973741,A,2lay,-96.7098,-96.568985,-2.8286726,-2.687857,0.14081573
S184F,1.103066226,-3.86737156372,-3.3214824028,-3.96658793831,-4.1223443718,-4.22230862045,-3.70413448524,-3.04882231251,-3.6587765009,A,2lay,-96.7098,-96.9918,-2.8286726,-3.1106703,-0.28199768
S184I,0.8417349390000001,-3.79771691475,-3.599330791469999,-3.78264271355,-4.03968580246,-3.63137346458,-3.93555180168,-3.8967320621,-3.81186195227,A,2lay,-96.7098,-97.04527,-2.8286726,-3.1641448,-0.3354721
S184H,0.462754975,-1.91137356033,-1.92957677269,-1.91994876862,-1.73801204681,-2.09458959007,-1.87474062347,-3.75145174563,-1.74300859297,A,2lay,-96.7098,-96.821045,-2.8286726,-2.9399168,-0.1112442
S184L,0.802335538,-2.54541110764,-2.28719555473,-2.55247805595,-2.77227327156,-2.4863024826,-2.62880617332,-3.02923003232,-2.77792196352,A,2lay,-96.7098,-96.94643,-2.8286726,-3.0652983,-0.23662567
S184P,0.194398279,-3.18527315178,-2.99371053886,-3.02154561043,-3.48390158653,-3.45046777725,-2.97674024582,-3.08809520118,-3.49213869711,A,2lay,-96.7098,-97.25697,-2.8286726,-3.3758452,-0.54717255
S184R,1.306861885,-1.94015939789,-1.96829047203,-1.79856020546,-1.95454405022,-2.03227460861,-1.94712765312,-1.22141927981,-1.83066631933,A,2lay,-96.7098,-97.18432,-2.8286726,-3.3031905,-0.47451782
S184T,0.964898963,-0.117175119019,-0.0123700485229,0.0238642997742,-0.199983186722,-0.339051195145,-0.0583354644775,-0.0955924885347,-0.217520707123,A,2lay,-96.7098,-96.68291,-2.8286726,-2.801779,0.026893616
S184W,1.083782072,-5.40656801529,-5.07893889999,-5.19953883553,-5.601323841089999,-5.78478048515,-5.36825801468,-5.57008010335,-5.78925246592,A,2lay,-96.7098,-97.07088,-2.8286726,-3.189749,-0.36107635
S184V,0.941664387,-2.93050791016,-2.99110098648,-2.92197986794,-2.83950910568,-2.91101358795,-2.98893600273,-4.2484682966,-2.96097643903,A,2lay,-96.7098,-97.05162,-2.8286726,-3.1704924,-0.34181976
S184Y,1.515227045,-3.26140746078,-2.49592960548,-3.3941803627,-3.6065873661,-3.63398562813,-3.17635434151,-2.71313344594,-2.84292265506,A,2lay,-96.7098,-97.16568,-2.8286726,-3.2845519,-0.4558792
G185A,0.295663185,-5.222627828219999,-5.431824033740001,-5.407667652130001,-5.14252942848,-4.89780826759,-5.23330975914,-4.59450744116,-4.10287817039,A,2lay,-96.47132,-96.79607,-2.597199,-2.9219441,-0.32474518
G185C,0.378104551,-7.38994880028,-7.79167173767,-7.37676041222,-7.495817710880001,-6.75407278252,-7.531421358110001,-7.570740033410001,-6.237350687869999,A,2lay,-96.47132,-96.65329,-2.597199,-2.7791677,-0.18196869
G185D,0.42102237,-4.10705721664,-4.39721149254,-3.96301391792,-4.03392243576,-4.00816361618,-4.13297462082,-4.671725727619999,-3.73399104926,A,2lay,-96.47132,-96.836624,-2.597199,-2.962502,-0.36530304
G185M,0.450016242,-7.342032458110001,-7.46962209702,-7.236743436810001,-7.827291271210001,-6.94475230026,-7.23175318527,-7.54898236087,-5.75499526872,A,2lay,-96.47132,-96.90886,-2.597199,-3.034737,-0.43753815
G185L,0.300054363,-6.58701677856,-7.05980422783,-6.82990987587,-6.58516682434,-6.17308109283,-6.28712187195,-6.73498682748,-5.11150782017,A,2lay,-96.47132,-96.90425,-2.597199,-3.030129,-0.43293
G185N,0.5139554239999999,-3.24453698044,-3.39709439468,-3.28515337372,-3.22633934593,-2.97156069756,-3.3425370903,-4.97537307302,-2.52722431247,A,2lay,-96.47132,-96.77252,-2.597199,-2.8983998,-0.30120087
G185S,0.355720578,-4.94317159157,-4.97002642059,-5.0612199688,-5.10708902931,-4.68623960876,-4.891282930369999,-5.86887760647,-3.59356053067,A,2lay,-96.47132,-96.80317,-2.597199,-2.929047,-0.33184814
G185R,0.473883115,-5.13612996445,-5.26127742195,-5.1322811203,-5.10057885742,-4.782631235119999,-5.40388118744,-5.479405838530001,-3.4797537396,A,2lay,-96.47132,-96.948166,-2.597199,-3.0740438,-0.4768448
G185W,0.17919543,-8.40236223145,-9.06161551857,-7.82430445099,-8.16755514908,-8.36872149658,-8.58961454201,-9.96229617231,-8.120624517160001,A,2lay,-96.47132,-97.1178,-2.597199,-3.2436757,-0.64647675
G185V,0.040970298,-7.51714622536,-7.949151569369999,-7.537883115770001,-6.997028814319999,-7.076471406939999,-8.0251962204,-7.556987307969999,-5.27370032675,A,2lay,-96.47132,-97.02875,-2.597199,-3.1546254,-0.55742645
Q186A,1.343553825,-1.29801273689,-1.52297643089,-1.09745913506,-1.36086788559,-1.27199913979,-1.23676109314,-3.43833120307,-0.899442085467,A,2lay,-96.86103,-96.69993,-2.9849098,-2.8238075,0.1611023
Q186E,0.673642948,-0.205952284241,-0.428273164749,-0.32465164566,-0.176484872818,-0.150189624786,0.0498378868103,-0.909897745354,-0.8742857164810001,A,2lay,-96.86103,-97.0287,-2.9849098,-3.152581,-0.1676712
Q186D,0.7492418829999999,-1.58106423645,-1.63450714111,-1.75413140106,-1.61543418503,-1.4161365509,-1.48511190414,-3.03814594168,-1.49693398664,A,2lay,-96.86103,-97.20176,-2.9849098,-3.3256385,-0.34072876
Q186G,0.672532943,-2.19230677567,-2.2390807991,-2.0496813488,-2.2804379921,-1.83003381729,-2.56229992104,-4.96222159779,-1.20497942954,A,2lay,-96.86103,-97.11601,-2.9849098,-3.2398918,-0.254982
Q186H,0.970355774,-1.9636503891,-1.76669825745,-1.69343247986,-2.30529876709,-2.26032448578,-1.79249795532,-5.20059642103,-1.36981290172,A,2lay,-96.86103,-96.95259,-2.9849098,-3.0764701,-0.091560364
Q186M,0.512580759,-2.54161876335,-2.60092475891,-2.44754995728,-2.71041071892,-2.2707526207,-2.67845576096,-6.36322343349,-2.78124855337,A,2lay,-96.86103,-96.71026,-2.9849098,-2.8341377,0.1507721
Q186L,0.538741653,-1.33829490128,-1.38158411407,-1.31027078247,-1.43571647453,-1.29378830719,-1.27011482811,-3.32986189262,-1.76241379038,A,2lay,-96.86103,-96.649,-2.9849098,-2.7728813,0.2120285
Q186N,0.2984452,-1.90487937775,-1.94045354271,-1.66541850853,-2.13470261574,-1.90983485985,-1.87398736191,-3.54296132503,-1.11808333039,A,2lay,-96.86103,-97.01784,-2.9849098,-3.1417167,-0.15680695
Q186P,0.12287693,-4.39195567474,-4.28911463356,-4.25090422821,-4.88168052864,-4.2143465538,-4.3237324295,-6.36750518065,-4.77795660445,A,2lay,-96.86103,-97.47766,-2.9849098,-3.6015403,-0.61663055
Q186S,0.798911714,-1.70048998375,-1.58280789185,-1.65042897034,-2.02345106697,-1.61531831741,-1.63044367218,-4.5162200944,-1.3295737364,A,2lay,-96.86103,-96.97722,-2.9849098,-3.1010978,-0.11618805
Q186R,1.272773627,1.1520318779,1.68288618469,1.46310074806,0.7743986511229999,0.850552967072,0.989220838547,-1.75571550243,1.14398808935,A,2lay,-96.86103,-96.89601,-2.9849098,-3.0198905,-0.034980774
Q186T,0.234903552,-1.66950454521,-1.8647098484,-1.55861230469,-1.81228569984,-1.56145787239,-1.55045700073,-3.1087621823,-1.54929499648,A,2lay,-96.86103,-96.909805,-2.9849098,-3.0336845,-0.04877472
Q186W,1.353130552,-2.70836568947,-2.42486985588,-2.71923762512,-3.2575776329,-3.06702245712,-2.07312087631,-4.77223245613,-3.15198470736,A,2lay,-96.86103,-96.8903,-2.9849098,-3.0141761,-0.029266357
Q186V,0.285005894,-0.694394089127,-0.7622868175509999,-0.650858083725,-0.737954055786,-0.887601024628,-0.433270463943,-3.19568318687,-1.53441073964,A,2lay,-96.86103,-96.79662,-2.9849098,-2.9205024,0.06440735
Q186Y,2.203458399,-2.52565022316,-2.40911316681,-2.45856209564,-2.62933378792,-2.5776272068,-2.55361485863,-5.54889406636,-2.00918160164,A,2lay,-96.86103,-96.84498,-2.9849098,-2.9688575,0.016052246
R187A,0.935915056,-1.21025637589,-1.09421183014,-1.02420206833,-1.45381579399,-1.26887274742,-1.21017943954,-2.84969172813,-0.237996086161,A,2lay,-96.76711,-96.78813,-2.9149055,-2.9359245,-0.021018982
R187C,0.552779669,-2.27903354683,-2.13842328835,-2.01804807472,-2.54662061119,-2.23086758423,-2.46120817566,-3.87551927147,-1.48947808999,A,2lay,-96.76711,-96.66306,-2.9149055,-2.8108559,0.10404968
R187D,0.6689303670000001,-3.09754715233,-2.91698276901,-2.93647291565,-3.04541059303,-2.94983773613,-3.639031747819999,-2.8456697464,-1.56627355552,A,2lay,-96.76711,-97.142136,-2.9149055,-3.2899284,-0.3750229
R187G,0.332460056,-4.498983058169999,-4.43419578743,-4.31198376274,-4.78174315834,-4.66955541801,-4.29743716431,-5.905344222209999,-3.546334070169999,A,2lay,-96.76711,-97.30812,-2.9149055,-3.4559135,-0.541008
R187F,0.91571772,-2.29812036667,-1.84066677284,-1.9227479248,-2.70388521576,-2.44319187737,-2.58011004257,-2.72638549563,-0.28787131611,A,2lay,-96.76711,-96.78709,-2.9149055,-2.9348793,-0.019973755
R187I,1.683243439,0.2580301548,0.296409156799,0.344393985748,0.134602186203,0.202787521362,0.311957923889,-1.02875377238,0.688814305527,A,2lay,-96.76711,-96.61275,-2.9149055,-2.76054,0.15436554
R187H,0.986778535,-2.81051844215,-2.36439603043,-2.55705848885,-3.19214047241,-2.83068708229,-3.1083101368,-4.65761604987,-0.568154550441,A,2lay,-96.76711,-96.89682,-2.9149055,-3.044613,-0.12970734
R187L,1.020529566,-0.165511336136,-0.0268403835297,0.0889439277649,-0.39998956871,-0.352877990723,-0.136792665482,-0.901888657827,0.193941212,A,2lay,-96.76711,-96.58943,-2.9149055,-2.7372246,0.17768097
R187N,1.498533972,-3.23446220856,-3.02974556923,-2.91644573212,-3.52626850319,-2.83848828888,-3.86136294937,-4.282006500290001,-1.56799612394,A,2lay,-96.76711,-96.96952,-2.9149055,-3.1173134,-0.20240784
R187Q,0.633304313,-2.23118391914,-2.27727482796,-1.93764333344,-2.50817599106,-2.29106880569,-2.14175663757,-3.67390029179,-1.36976035209,A,2lay,-96.76711,-96.73835,-2.9149055,-2.8861427,0.028762817
R187P,1.372245636,0.6905001300810001,0.709002761841,0.699049184799,0.60560235405,0.709287569046,0.72955878067,-0.51462290273,1.20705172099,A,2lay,-96.76711,-97.71373,-2.9149055,-3.8615227,-0.9466171
R187S,0.890886649,-1.19203149033,-0.990092205048,-1.09572901917,-1.34599174881,-1.23654885674,-1.29179562187,-1.16821844922,-0.106072868212,A,2lay,-96.76711,-96.94157,-2.9149055,-3.0893593,-0.17445374
R187T,1.32468388,-0.120020645523,0.241760469437,0.0960560016632,-0.442894346237,-0.184922655106,-0.310102697372,-1.43655872298,1.05555477356,A,2lay,-96.76711,-96.82754,-2.9149055,-2.9753304,-0.060424805
R187W,0.8248448759999999,-2.94714570541,-2.55487590218,-2.18960509872,-3.3896411953,-3.30321405029,-3.29839228058,-5.0891239089,-0.0774389098692,A,2lay,-96.76711,-96.90852,-2.9149055,-3.0563164,-0.14141083
R187V,0.992885271,0.98605423851,1.10520450974,1.11354404259,0.767711215973,0.954061416626,0.989750007629,-0.0939640295692,1.41892357809,A,2lay,-96.76711,-96.78991,-2.9149055,-2.9377022,-0.02279663
R187Y,0.867007092,-2.04309417953,-1.83819693184,-1.46215095329,-2.63783137321,-2.00256532097,-2.27472631836,-3.32554858271,0.529967719568,A,2lay,-96.76711,-96.782875,-2.9149055,-2.9306679,-0.01576233
Y188H,0.090963722,-5.1663755085,-5.061843769069999,-4.98597114944,-5.436762136460001,-5.22026866913,-5.12703181839,-7.2168754898,-6.04302269275,A,2lay,-96.36822,-97.20095,-2.6599526,-3.4926858,-0.83273315
Y188D,0.057448538,-7.45367203255,-7.1467044735,-7.08776581383,-8.01578894043,-7.528486566539999,-7.48961436844,-8.98708997562,-8.28873894359,A,2lay,-96.36822,-97.62192,-2.6599526,-3.913653,-1.2537003
Y188F,0.153582607,-1.19749111443,-1.19598485374,-1.05681826019,-1.34015150833,-1.20959918022,-1.18490176964,-3.16085772822,-1.5357086941,A,2lay,-96.36822,-96.32913,-2.6599526,-2.6208673,0.03908539
F189A,0.227098952,-8.9372495388,-8.5781760807,-8.52424505615,-9.90910463715,-8.89713834,-8.77758358002,-8.48717045737,-7.275508340560001,A,2lay,-96.35014,-96.828384,-2.5983531,-3.076594,-0.47824097
F189I,0.058359537,-8.694469644169999,-8.51637534142,-8.572308753969999,-9.36867265892,-8.558418304439998,-8.45657316208,-8.8818007994,-7.275508340560001,A,2lay,-96.35014,-96.11328,-2.5983531,-2.361491,0.23686218
F189H,0.180127498,-7.44716058502,-7.684701091769999,-6.82395601463,-8.1151266613,-7.272354600910001,-7.3396645565,-6.60090798419,-6.05119163388,A,2lay,-96.35014,-97.09645,-2.5983531,-3.3446605,-0.7463074
F189T,0.079562905,-10.1318545578,-9.84840931129,-10.035310751,-11.360700613,-9.85073260689,-9.56411950684,-9.80145827652,-10.25654503,A,2lay,-96.35014,-96.874886,-2.5983531,-3.1230953,-0.5247421
F189V,0.06234471,-8.670448162460001,-8.5790404911,-8.3804406414,-9.56505506706,-8.47017412758,-8.35753048515,-8.873752981660001,-7.275508340560001,A,2lay,-96.35014,-96.207344,-2.5983531,-2.4555538,0.14279938
F189Y,1.133935953,-0.284452648926,0.0536850090027,0.159120090485,-0.664954147339,-0.442649698257,-0.52746449852,-1.38451234298,0.937503763541,A,2lay,-96.35014,-96.33725,-2.5983531,-2.5854595,0.012893677
L190I,1.165557394,2.03314320717,1.98401840401,1.9735658989,2.03497741699,2.15466423988,2.01849007607,-0.237519158516,1.16287869449,A,2lay,-95.95948,-96.078156,-2.2416744,-2.3603497,-0.11867523
L190K,2.702899304,-2.22472939377,-2.23818616867,-1.96862613869,-2.32718161774,-2.39296975708,-2.19668328667,-4.79138592212,-2.14394122191,A,2lay,-95.95948,-97.21915,-2.2416744,-3.5013409,-1.2596664
L190M,0.740773308,-1.71922347832,-1.82748732185,-1.59823347282,-1.81441603279,-1.72176283646,-1.63421772766,-3.17199126619,-1.63100342275,A,2lay,-95.95948,-96.38075,-2.2416744,-2.6629467,-0.42127228
L190Q,0.330103331,-3.24559595795,-3.07511879158,-2.97727255249,-3.5642176342,-3.3394658947,-3.27190491676,-6.18142278865,-2.33321287087,A,2lay,-95.95948,-97.1819,-2.2416744,-3.4640942,-1.2224197
L190P,0.109454749,-5.442811782840001,-5.88383099556,-5.15351872826,-5.6887129612,-5.619422611240001,-4.86857361794,-9.10003936605,-7.373775326110001,A,2lay,-95.95948,-98.22544,-2.2416744,-4.507635,-2.2659607
L190R,0.6403079279999999,-2.73902040825,-2.60916413307,-2.235331707,-2.97244783211,-3.03856181908,-2.83959654999,-4.691608684369999,-1.63680776873,A,2lay,-95.95948,-97.02152,-2.2416744,-3.3037167,-1.0620422
L190T,0.244875204,-2.07403528633,-2.03038562775,-1.93144366455,-2.1755297718,-2.12574299049,-2.10707437706,-3.75687142881,-1.5615910618,A,2lay,-95.95948,-96.92885,-2.2416744,-3.2110424,-0.969368
L190V,0.7231992140000001,1.77710276146,1.99167450142,1.8466939106,1.6477827816,1.68467021751,1.71469239616,-1.84613585146,1.67347274644,A,2lay,-95.95948,-96.34524,-2.2416744,-2.6274319,-0.38575745
N191C,0.218036908,-5.37606770325,-5.52407806778,-5.194916936869999,-5.78598336411,-5.18991119766,-5.18544894981,-5.08550827461,-4.99035879231,A,2lay,-96.9529,-96.47019,-3.0718844,-2.5891726,0.4827118
N191D,0.354226797,0.398734111023,0.468074960709,0.289894857407,0.402638267517,0.451114057541,0.381948411942,-2.2721812909,-1.30164995511,A,2lay,-96.9529,-97.101234,-3.0718844,-3.220215,-0.14833069
N191H,0.191104856,-3.73184442215,-3.62507956123,-3.49643429565,-3.95017121124,-3.62690546608,-3.96063157654,-2.65019248426,-1.95981326848,A,2lay,-96.9529,-96.89003,-3.0718844,-3.0090106,0.06287384
N191K,0.176948308,-5.82764739456,-5.53745894814,-5.913752151490001,-5.79539523506,-6.026194795609999,-5.865435842509999,-3.985325776969999,-4.84043341999,A,2lay,-96.9529,-97.13676,-3.0718844,-3.2557375,-0.18385315
N191S,0.566387259,-3.99666426086,-3.880692014690001,-3.98574701118,-4.015215589519999,-3.974008636469999,-4.12765805244,-0.8532034251839999,-3.7666741892,A,2lay,-96.9529,-97.01841,-3.0718844,-3.1373904,-0.06550598
N191R,0.113358739,-6.44533498421,-6.416154394149999,-6.309034839630001,-6.69524740219,-6.26124507141,-6.54499321365,-6.20901517174,-5.28767207486,A,2lay,-96.9529,-97.08458,-3.0718844,-3.20356,-0.13167572
N191T,0.080871599,-6.25300752831,-6.21787818909,-6.407908426280001,-6.2812446022,-6.001886123659999,-6.356120300290001,-4.69729965227,-5.09636532977,A,2lay,-96.9529,-97.02428,-3.0718844,-3.1432574,-0.071372986
N191Y,0.118332683,-5.992007381440001,-5.83694615936,-5.563809656139999,-6.27929196358,-6.889122905730001,-5.390866222380001,-5.567198937760001,-5.12568245999,A,2lay,-96.9529,-96.81819,-3.0718844,-2.9371722,0.13471222
H192I,0.192325331,-7.859692989349999,-7.76295834541,-8.029916200639999,-7.649277297969999,-7.8636602459,-7.992652856830001,-6.928877434229999,-2.11597515341,A,2lay,-96.88091,-96.545364,-3.010673,-2.6751246,0.3355484
H192P,0.034190683,-6.05745493622,-5.741412652969999,-6.47275481987,-5.7835608902,-5.98679076767,-6.30275555038,-6.630504205009999,-1.41008280332,A,2lay,-96.88091,-97.80365,-3.010673,-3.9334102,-0.9227371
H192C,0.172244151,-8.06197584038,-7.892939689639999,-7.79274778366,-7.861923643110001,-8.04754128265,-8.71472680283,-7.4206320165,-3.889116594609999,A,2lay,-96.88091,-96.74537,-3.010673,-2.8751292,0.13554382
H192R,0.060607017,-5.02944433708,-5.02696821785,-5.358983552930001,-4.71511857605,-4.91202487183,-5.13412646675,-4.83349703357,-1.21998541862,A,2lay,-96.88091,-96.71233,-3.010673,-2.842094,0.1685791
I193A,0.692881705,-0.65784995842,-0.611369701385,-0.4914553756710001,-0.729094970703,-0.687013372421,-0.770316371918,-0.69052367215,0.36422279216,A,2lay,-96.96182,-96.8031,-3.0737154,-2.9149935,0.15872192
I193C,0.841481037,-3.88895683022,-3.92379327202,-3.98681853294,-3.8871195755,-3.98059594345,-3.66645682716,-3.96201483693,-3.583251288630001,A,2lay,-96.96182,-96.68621,-3.0737154,-2.7981036,0.27561188
I193G,0.89901251,-2.58235256691,-2.60652803802,-2.31479512024,-2.63309933472,-2.50161245728,-2.85572788429,-1.66985408938,-1.79454027306,A,2lay,-96.96182,-96.70866,-3.0737154,-2.8205492,0.2531662
I193F,0.693820276,-2.2874461483,-2.33030001259,-2.16063773537,-2.40657920647,-2.40795934677,-2.13175444031,-1.20098834831,-1.50321175293,A,2lay,-96.96182,-96.96543,-3.0737154,-3.0773242,-0.0036087036
I193H,1.079320109,-1.9110297905,-1.89542717743,-1.85235004425,-1.97624480438,-1.84645133018,-1.98467559624,-1.70809986559,-1.46590706164,A,2lay,-96.96182,-96.81254,-3.0737154,-2.924431,0.14928436
I193K,1.494868453,-0.703089272308,-0.80102176857,-0.626199556351,-0.738486286163,-0.7253169364929999,-0.624421813965,0.520194820361,0.297717354389,A,2lay,-96.96182,-96.8488,-3.0737154,-2.9606936,0.11302185
I193M,0.975948534,-2.55705748024,-2.59300371552,-2.39652833366,-2.80140570641,-2.5740033989,-2.42034624672,-1.70802593115,-2.09800975505,A,2lay,-96.96182,-96.792625,-3.0737154,-2.9045184,0.16919708
I193L,0.96137972,-0.86227952919,-0.905259027481,-0.714165744781,-0.86545321846,-0.8837436313629999,-0.942776023865,0.470731627662,-0.297832502876,A,2lay,-96.96182,-96.823425,-3.0737154,-2.9353182,0.13839722
I193N,1.33377755,1.21873319588,1.1885196476,1.2159923439,1.16564514351,1.35034108353,1.17316776085,1.27237038244,0.315667729707,A,2lay,-96.96182,-96.805534,-3.0737154,-2.9174273,0.15628815
I193P,0.28288424,-3.21410627632,-2.80440771866,-2.85602692986,-3.43150768089,-3.40347570801,-3.57511334419,-3.64850073936,-1.95630621988,A,2lay,-96.96182,-97.490265,-3.0737154,-3.6021578,-0.5284424
I193S,0.76141968,-0.863010702896,-0.902059495926,-0.811231782913,-0.916799314499,-0.8652822113040001,-0.819680709839,0.186576807639,-0.139936271579,A,2lay,-96.96182,-96.86975,-3.0737154,-2.981644,0.09207153
I193R,0.99769525,-1.21180076714,-1.31614757919,-1.16197641373,-1.08859002495,-1.25249614906,-1.23979366875,-1.11349374871,-0.141578911732,A,2lay,-96.96182,-96.913,-3.0737154,-3.024895,0.048820496
I193T,0.983589148,-0.672844791031,-0.7227521858220001,-0.602694160461,-0.6919129238130001,-0.740438604355,-0.606426080704,-0.907633616356,-0.383535054398,A,2lay,-96.96182,-96.91404,-3.0737154,-3.0259326,0.047782898
I193V,0.735393738,-0.222859856796,-0.34263341713,-0.10069587326,-0.185350217819,-0.296506269455,-0.189113506317,-1.24262903235,0.295556889507,A,2lay,-96.96182,-97.07354,-3.0737154,-3.1854327,-0.111717224
I193Y,1.029292251,-2.17156285324,-2.11597623253,-2.00072085571,-2.28957331657,-2.28181354904,-2.16973031235,-1.63072672556,-1.63133661115,A,2lay,-96.96182,-97.03752,-3.0737154,-3.1494143,-0.07569885
D194A,1.802303014,-0.632209377289,-0.577607002258,-0.473701826096,-0.5613415260310001,-0.792056932449,-0.756339599609,-1.78054317413,-0.0758259437317,A,2lay,-96.64842,-96.814354,-2.7926273,-2.958559,-0.1659317
D194C,1.853621022,-3.38184147377,-3.42999303627,-3.447595058440001,-3.29974279976,-3.2935627861,-3.43831368828,-4.82209405908,-2.59793338329,A,2lay,-96.64842,-96.72207,-2.7926273,-2.8662739,-0.073646545
D194E,1.316201445,-0.381785733795,-0.3926518116,-0.238696498871,-0.433316202164,-0.50446380043,-0.339800355911,-1.69569420163,-0.232301808278,A,2lay,-96.64842,-96.79551,-2.7926273,-2.9397144,-0.1470871
D194G,1.237291433,-1.72376716957,-1.51449985313,-1.71253231049,-1.84424461174,-1.730560215,-1.8169988575,-2.83049299801,-1.40589332854,A,2lay,-96.64842,-96.56113,-2.7926273,-2.7053318,0.08729553
D194F,1.138575996,-3.95084201126,-3.96844496155,-3.44451847076,-4.27658088112,-4.132155128480001,-3.9325106144,-4.988015444019999,-3.18843182174,A,2lay,-96.64842,-96.90044,-2.7926273,-3.0446415,-0.25201416
D194I,1.165943121,-2.98990776482,-2.86466788864,-2.7668508625,-2.91029673576,-3.34737566948,-3.06034766769,-4.08078507069,-2.24245238073,A,2lay,-96.64842,-97.03799,-2.7926273,-3.1821918,-0.3895645
D194H,1.460187346,-1.22223614044,-1.20100683594,-1.22955569077,-1.21522936058,-1.26446333504,-1.20092547989,-4.15708478121,-1.40579002971,A,2lay,-96.64842,-96.75151,-2.7926273,-2.8957157,-0.10308838
D194K,2.430656901,-0.696045494461,-0.6965357284550001,-0.64902223587,-0.704571432114,-0.8550117130279999,-0.575086362839,-2.5454591061,-0.359991028728,A,2lay,-96.64842,-96.8557,-2.7926273,-2.9999027,-0.20727539
D194L,1.198836095,-0.8353515781399999,-0.585113945007,-0.724990421295,-0.875575527191,-0.8867427272799998,-1.10433526993,-2.58684368641,-0.0531695804439,A,2lay,-96.64842,-96.89105,-2.7926273,-3.0352573,-0.24263
D194N,1.717223013,1.34537867851,1.33430687904,1.39452526855,1.33492334366,1.11883584023,1.54430206108,-1.25389278634,0.962630877904,A,2lay,-96.64842,-96.65394,-2.7926273,-2.7981434,-0.0055160522
D194Q,1.942447821,-1.06719034081,-1.0003533268,-1.10504366875,-1.03476142311,-1.06745873642,-1.12833454895,-2.06152774999,-1.08691421828,A,2lay,-96.64842,-96.800545,-2.7926273,-2.9447498,-0.1521225
D194P,0.16607765,-3.133555476,-2.9255594635,-2.92160384369,-3.03582649612,-3.20204729843,-3.58274027824,-5.151805074419999,-2.24347485484,A,2lay,-96.64842,-97.27663,-2.7926273,-3.4208317,-0.62820435
D194S,1.617697497,0.660978409576,0.770732872009,0.7721258392329999,0.732619777679,0.467613258362,0.561800300598,-0.8122077803129999,1.41578795854,A,2lay,-96.64842,-96.79362,-2.7926273,-2.9378223,-0.145195
D194R,3.159291618,-0.522880521393,-0.6072565212250001,-0.480895521164,-0.479726928711,-0.523949766159,-0.522573869705,-2.652295999,-0.5075305047290001,A,2lay,-96.64842,-96.95023,-2.7926273,-3.0944386,-0.30181122
D194T,1.09535668,2.12054433022,2.23204386711,2.18798985863,2.16185547066,1.9016220417,2.11921041298,0.476961936336,3.27858516527,A,2lay,-96.64842,-96.90275,-2.7926273,-3.0469532,-0.25432587
D194W,1.473870464,-5.00016593628,-4.42744193077,-4.54871584129,-5.761349443439999,-5.33687163925,-4.92645082664,-7.42007143993,-6.699199960040001,A,2lay,-96.64842,-96.998024,-2.7926273,-3.142229,-0.34960175
D194V,1.031891983,-3.19283592873,-3.28311094666,-3.01667598343,-3.0333127861,-3.33886920738,-3.29221072006,-5.208345662799999,-2.52481607015,A,2lay,-96.64842,-97.06929,-2.7926273,-3.2134953,-0.42086792
D194Y,1.042075197,-3.86503135872,-3.82352051926,-3.55624743652,-4.26476297569,-3.9071017437,-3.77352411842,-6.260206019040001,-3.94052529506,A,2lay,-96.64842,-96.958496,-2.7926273,-3.1027012,-0.31007385
Q195E,0.210800198,-1.5363961319,-1.69812050247,-1.45600866318,-1.60949438477,-1.49056725883,-1.42778985023,-2.30576179456,-1.27413472106,A,2lay,-96.83651,-96.85695,-2.9582398,-2.978679,-0.020439148
Q195G,0.162256176,-1.25030690346,-1.16856975365,-1.29625703621,-1.2451926136,-1.25063375664,-1.29088135719,-0.944212002214,1.14026910959,A,2lay,-96.83651,-96.86858,-2.9582398,-2.9903138,-0.032073975
Q195H,0.574979613,-1.32151167831,-1.33610869789,-1.22974724197,-1.40993608665,-1.35738075638,-1.27438560867,-0.144480456598,-1.43743802713,A,2lay,-96.83651,-96.841095,-2.9582398,-2.962825,-0.004585266
Q195K,2.118778549,0.904356112671,1.01659020805,1.0611998291,0.716606149673,0.8924881248469999,0.834896251678,1.3327894751,0.7800975818800001,A,2lay,-96.83651,-96.88662,-2.9582398,-3.0083497,-0.050109863
Q195M,0.393983323,-3.481334211730001,-3.290282224659999,-3.68660301018,-3.39260588455,-3.49756429482,-3.53961564445,-3.62476885389,-2.88956588073,A,2lay,-96.83651,-96.806015,-2.9582398,-2.927745,0.03049469
Q195L,0.173372414,-3.77733759918,-3.61706728745,-3.68699605751,-3.79353898811,-3.87600399017,-3.91308167267,-4.38925374486,-2.84289703769,A,2lay,-96.83651,-96.764175,-2.9582398,-2.8859055,0.07233429
Q195P,0.0931985319999999,-4.50447225876,-4.65757250786,-4.40102741623,-4.3242659111,-4.37676869011,-4.76272676849,-3.75409978442,-3.19457908055,A,2lay,-96.83651,-97.510414,-2.9582398,-3.6321442,-0.6739044
Q195R,2.280922616,0.934400067139,1.04667142868,1.07045736694,0.8564423618320001,0.885528865814,0.8129003124240001,0.185707528144,0.5209733119759999,A,2lay,-96.83651,-96.90391,-2.9582398,-3.0256379,-0.06739807
Q195Y,0.275175639,-4.90196900826,-4.96513167,-5.12374240494,-4.99320135307,-4.59645066452,-4.83131894875,-5.444128522180001,-4.382180126730001,A,2lay,-96.83651,-96.87648,-2.9582398,-2.9982102,-0.039970398
T196A,0.557788591,-2.93195875893,-2.99390901184,-2.82819879913,-3.0634289341,-2.9548569088,-2.81940014076,-3.50759944506,-1.09267846255,A,2lay,-96.69397,-96.74692,-2.829393,-2.882341,-0.052947998
T196C,0.777117387,-4.34794382019,-4.40197023201,-4.26620111275,-4.39192797279,-4.44889646721,-4.23072331619,-4.796737038530001,-3.79093716655,A,2lay,-96.69397,-96.73537,-2.829393,-2.87079,-0.041397095
T196D,0.117797109,-5.41930925255,-5.29365638733,-5.45401822472,-5.53861410141,-5.73594823837,-5.074309310909999,-5.415005288550001,-2.58248260005,A,2lay,-96.69397,-96.90431,-2.829393,-3.0397353,-0.2103424
T196F,1.024077297,-4.99307954178,-4.90754680252,-5.045789005280001,-5.04714602661,-5.05529208565,-4.90962378883,-4.964067285410001,-4.08342991878,A,2lay,-96.69397,-96.91713,-2.829393,-3.0525527,-0.22315979
T196I,0.676608257,-2.34106492653,-2.4285649128,-2.28064169693,-2.37121092796,-2.37149500656,-2.25341208839,-3.103960515,-1.37162393029,A,2lay,-96.69397,-96.82097,-2.829393,-2.9563918,-0.1269989
T196H,0.340780686,-4.31719513359,-4.34940024948,-4.17522514725,-4.39521835518,-4.40329874992,-4.26283316612,-5.78173515201,-2.63055510577,A,2lay,-96.69397,-96.8191,-2.829393,-2.9545226,-0.1251297
T196K,0.692250843,-1.72704737473,-1.68645138741,-1.71185694695,-1.77960196877,-1.71061599159,-1.74671057892,-4.016836490019999,-0.564329375881,A,2lay,-96.69397,-96.82129,-2.829393,-2.9567122,-0.12731934
T196M,0.767985557,-3.8354023056,-4.036687919619999,-3.67805774498,-3.81581076241,-3.92777921104,-3.71867588997,-4.93930449709,-2.90976509867,A,2lay,-96.69397,-96.80324,-2.829393,-2.938661,-0.10926819
T196L,0.8998275840000001,-3.121844123459999,-3.17575741005,-3.11284871292,-3.28118011665,-3.16741686821,-2.87201750946,-3.4130605231,-1.91779770894,A,2lay,-96.69397,-96.76769,-2.829393,-2.9031157,-0.07372284
T196N,0.6620369629999999,-3.7943680809,-3.86872054672,-3.82384908295,-3.91515425301,-3.78655212021,-3.577564401630001,-5.668076372409999,-2.7882812685,A,2lay,-96.69397,-96.82853,-2.829393,-2.9639525,-0.13455963
T196P,0.188857146,-6.77779916229,-7.27033867645,-6.566059148790001,-6.475300928119999,-6.913709981919999,-6.66358707619,-7.294595864600001,-5.67826243225,A,2lay,-96.69397,-97.4493,-2.829393,-3.5847259,-0.75533295
T196S,0.760399357,-1.57623187027,-1.57666880226,-1.55151205635,-1.55972859764,-1.63868966675,-1.55456022835,-1.46013808751,-1.52409517164,A,2lay,-96.69397,-96.801834,-2.829393,-2.9372573,-0.10786438
T196R,1.261572505,-1.84439349556,-1.80029161072,-1.80851924896,-1.9083475399,-1.88036514854,-1.82444392967,-3.48330131732,-0.907304617833,A,2lay,-96.69397,-96.81482,-2.829393,-2.9502425,-0.12084961
T197S,0.481269323,-3.06855680008,-2.99271739578,-3.00289515114,-3.07524759293,-3.24744791412,-3.02447594643,-4.78687774378,-0.380110500526,A,2lay,-96.83302,-97.035355,-3.014651,-3.2169826,-0.20233154
T197R,0.092289806,-5.924686469269999,-6.072018573759999,-5.90247953033,-6.22474159431,-5.96419244576,-5.460000202180001,-5.422829410759999,-3.07883738529,A,2lay,-96.83302,-97.02327,-3.014651,-3.2048976,-0.19024658
T197N,0.0837202059999999,-4.6374177269,-4.72286078835,-4.54758520889,-4.95060920525,-4.43758136559,-4.52845206642,-4.99026426557,-4.01223044176,A,2lay,-96.83302,-97.277336,-3.014651,-3.458964,-0.44431305
T198A,0.457146955,-4.26750172462,-4.14266561508,-4.03763483047,-4.591014125819999,-4.39127184486,-4.17492220688,-5.4896201794,-2.88951997575,A,2lay,-96.859085,-96.716354,-2.971158,-2.8284273,0.14273071
T198E,0.327952431,-5.553489080429999,-5.424521287919999,-5.14147485542,-5.88170984077,-5.71714492798,-5.60259449005,-7.954563391860001,-4.64733861275,A,2lay,-96.859085,-96.85225,-2.971158,-2.964322,0.0068359375
T198G,0.3834474470000001,-5.62078158607,-5.52075522041,-5.06253331947,-5.83611296272,-5.78086974907,-5.9036366787,-7.29867009283,-5.981884981749999,A,2lay,-96.859085,-97.18544,-2.971158,-3.297513,-0.32635498
T198K,0.165330598,-6.147551591109999,-6.26504844284,-5.490756259919999,-6.74620656967,-6.07550405312,-6.16024263,-6.300017288069999,-3.23537358691,A,2lay,-96.859085,-96.86037,-2.971158,-2.9724398,-0.0012817383
T198M,0.203469551,-6.391455775830001,-6.506254478450001,-5.87049489403,-6.353119501109999,-6.868706811900001,-6.358703193659999,-6.65533177974,-4.07477856217,A,2lay,-96.859085,-96.67875,-2.971158,-2.790822,0.180336
T198N,0.380181572,-5.336690345,-5.32202704811,-5.05608468246,-5.65045556831,-5.46002861977,-5.19485580635,-7.426416273230001,-5.690823749550001,A,2lay,-96.859085,-97.00104,-2.971158,-3.1131105,-0.14195251
T198Q,1.436759988,-1.38447940369,-1.11321990585,-0.893746543884,-1.98248671532,-1.44261928558,-1.49032456779,-2.50624640472,-0.147078723563,A,2lay,-96.859085,-96.777504,-2.971158,-2.889577,0.081581116
T198P,0.207137978,-7.43803626633,-7.230075254439999,-7.500812774660001,-7.293890531539999,-7.743651782989999,-7.421750988010001,-8.778279589260002,-7.388420030830001,A,2lay,-96.859085,-97.93036,-2.971158,-4.042432,-1.0712738
T198S,0.6889133479999999,-1.09239614182,-0.981611085892,-0.899801376343,-1.28213829041,-1.18121126938,-1.11721868706,-1.07282351935,-0.4662384211559999,A,2lay,-96.859085,-96.89275,-2.971158,-3.0048265,-0.033668518
T198R,0.439849736,-4.962650877,-4.64411497688,-4.34965559959,-5.55801447105,-5.14864061546,-5.112828722,-5.43189532915,-1.87770013522,A,2lay,-96.859085,-96.91138,-2.971158,-3.02345,-0.05229187
T198W,0.53335865,-6.76565325127,-6.73170149803,-6.383134355549999,-7.1642930069,-6.86235357475,-6.68678382111,-8.01299582468,-6.63345089556,A,2lay,-96.859085,-96.862434,-2.971158,-2.9745073,-0.0033493042
Q200A,0.947362798,-1.45707921524,-1.42690606499,-1.28236796951,-1.44208749962,-1.45896058083,-1.67507396126,-5.513523193080001,-1.19746287229,A,2lay,-96.811134,-96.881645,-2.947685,-3.0181959,-0.070510864
Q200E,0.454173482,1.3439109726,1.28206225204,1.49109007645,1.28064762688,1.37517271042,1.29058219719,-0.321052697138,2.12783244873,A,2lay,-96.811134,-96.89628,-2.947685,-3.032829,-0.08514404
Q200D,0.655563639,0.597723169708,0.5609185752870001,0.704201263428,0.581086750031,0.631503583908,0.510905675888,-0.759667885257,1.32076372346,A,2lay,-96.811134,-97.10763,-2.947685,-3.2441785,-0.29649353
Q200G,0.8963757720000001,-2.8717589859,-3.02398996162,-2.77169516182,-3.04438739777,-2.68626606369,-2.8324563446,-4.86792693741,-2.84162075599,A,2lay,-96.811134,-97.22674,-2.947685,-3.3632886,-0.41560364
Q200H,1.397860963,-0.620610666275,-0.606527763367,-0.4570748519899999,-0.494545679092,-0.677751434326,-0.8671536026000001,-0.923072030768,-0.631363583541,A,2lay,-96.811134,-96.91338,-2.947685,-3.0499341,-0.102249146
Q200K,0.563799529,-0.242592631149,-0.339192581177,-0.117168821335,-0.190770648956,-0.200519367218,-0.365311737061,-2.57529771212,0.0514343563027,A,2lay,-96.811134,-96.80217,-2.947685,-2.9387205,0.008964539
Q200M,0.732776084,-1.64640150681,-1.87237561226,-1.73828354263,-1.60994028282,-1.56374232483,-1.44766577148,-4.66769597144,-2.18896432506,A,2lay,-96.811134,-96.750595,-2.947685,-2.8871458,0.060539246
Q200L,0.540865251,0.398605741882,0.333016597748,0.156772222519,0.457720273972,0.351220563889,0.694299051285,-3.02388711157,-0.225476938991,A,2lay,-96.811134,-96.5994,-2.947685,-2.735954,0.21173096
Q200N,1.268605223,-0.0515782482147,-0.12054986763,-0.0602274551392,-0.0792448959351,0.0339935951233,-0.0318626174927,-2.38137119007,-0.234153924241,A,2lay,-96.811134,-96.99404,-2.947685,-3.130592,-0.1829071
Q200P,0.043327539,-4.26579639282,-4.48605579948,-4.041403671259999,-4.16356798172,-4.29467990494,-4.343274606700001,-7.411108391589999,-6.393279346440001,A,2lay,-96.811134,-97.532104,-2.947685,-3.6686552,-0.72097015
Q200S,0.795291869,-0.349086253357,-0.393095832825,-0.241476688385,-0.315964586258,-0.403143072128,-0.391751087189,-2.70064052264,-0.33111012007,A,2lay,-96.811134,-97.00578,-2.947685,-3.1423337,-0.19464874
Q200R,1.368045172,-0.947262434387,-1.02456903267,-0.77207507515,-0.878075914383,-0.949895957947,-1.11169619179,-4.52885072911,-1.21044256907,A,2lay,-96.811134,-96.8776,-2.947685,-3.0141523,-0.066467285
Q200T,0.6938325409999999,0.8558078132629999,0.908029815674,0.8752834072110001,0.8439869823459999,0.875759645462,0.7759792156219999,-1.47210362926,1.11461889755,A,2lay,-96.811134,-96.876175,-2.947685,-3.0127256,-0.06504059
Q200W,0.924825944,-3.19287632828,-3.48578935814,-3.22514014816,-3.084582304,-3.09069539833,-3.07817443275,-5.84880325454,-4.12273553049,A,2lay,-96.811134,-96.82358,-2.947685,-2.9601285,-0.0124435425
Q200Y,0.896513949,-1.23961573296,-1.53660611153,-1.29954765701,-1.1332270298,-1.18542659569,-1.04327127075,-2.98333583097,-1.81945981808,A,2lay,-96.811134,-96.74626,-2.947685,-2.8828123,0.06487274
D201A,0.704252764,-4.8003272934,-3.96669880867,-4.05259447479,-5.3487665062,-5.29015063858,-5.343426038740001,-6.58652093413,-1.4039754666,A,2lay,-97.03165,-96.64641,-3.1542115,-2.7689729,0.38523865
D201E,0.254635298,-4.45212200279,-4.23140764046,-4.232454067230001,-4.955744627,-4.52387851334,-4.31712516594,-8.38255631365,-2.62154653089,A,2lay,-97.03165,-96.995544,-3.1542115,-3.1181092,0.036102295
D201G,0.35020723,-7.087267198180001,-6.41893582344,-6.407140497209999,-8.044768768310002,-7.19739361954,-7.368097282410001,-10.1191694634,-5.53227445194,A,2lay,-97.03165,-97.12959,-3.1542115,-3.2521577,-0.09794617
D201I,0.337056451,-5.999179704279999,-5.041011335369999,-4.923539079669999,-6.550649951930001,-6.87993938828,-6.60075876617,-7.6075403404,-1.98381247262,A,2lay,-97.03165,-96.68893,-3.1542115,-2.8114915,0.34272003
D201H,0.6983961879999999,-1.57921551018,-1.36427993774,-1.24085977173,-1.86178681755,-1.69141724586,-1.737733778,-4.875778978690001,-0.232085115481,A,2lay,-97.03165,-96.89931,-3.1542115,-3.021872,0.13233948
D201K,0.760826085,-3.5810595211,-2.63102939606,-2.84115638161,-4.29745637894,-4.07515774155,-4.06049770737,-6.690016995650001,-0.114690889889,A,2lay,-97.03165,-96.971176,-3.1542115,-3.093741,0.06047058
D201N,0.5382918520000001,-3.82282879601,-3.61830709076,-3.64178879547,-4.27816638565,-3.9718946991,-3.60398700905,-4.60666603595,-1.65159722013,A,2lay,-97.03165,-96.908356,-3.1542115,-3.0309205,0.123291016
D201Q,0.385890772,-6.81885809212,-6.025744617459999,-5.49622632408,-8.197844081880001,-7.365412431719999,-7.00906300545,-8.61668988972,-3.07093279041,A,2lay,-97.03165,-96.79065,-3.1542115,-2.9132142,0.24099731
D201P,0.499124674,-2.89689258461,-2.12024298477,-2.15603862,-3.68299297714,-3.27719638062,-3.24799196053,-5.484125522899999,-0.263155194526,A,2lay,-97.03165,-97.58426,-3.1542115,-3.7068238,-0.5526123
D201S,0.534497322,-4.77853944321,-3.99808423805,-4.3164188118,-5.74730149651,-5.17204702187,-4.65884564781,-8.632043574939999,-2.47991520455,A,2lay,-97.03165,-96.92708,-3.1542115,-3.049643,0.10456848
D201T,0.386769319,-6.48974669533,-5.98857130051,-5.88075108337,-7.04829792786,-6.60474092674,-6.926372238160001,-9.03519585775,-3.47947594259,A,2lay,-97.03165,-96.95631,-3.1542115,-3.0788713,0.07534027
D201V,0.63881394,-6.09652765236,-5.15930226135,-5.354855886459999,-6.548626770019999,-5.885944654459999,-7.5339086895,-7.82174799079,-1.90249657032,A,2lay,-97.03165,-96.8639,-3.1542115,-2.986464,0.1677475
D201Y,0.617182283,-6.329341485980001,-6.05759533119,-5.54762698936,-7.329244411469999,-6.73976975822,-5.97247093964,-8.96094549261,-3.19568114102,A,2lay,-97.03165,-96.89812,-3.1542115,-3.0206819,0.13352966
P202A,0.0557903809999999,-9.63254230652,-9.82308995819,-9.56882459259,-9.61014755821,-9.56514222908,-9.59550719452,-9.31150679465,-12.2911241578,A,2lay,-97.46479,-96.70121,-3.5887313,-2.825151,0.7635803
P202H,0.08686077,-8.58423420334,-8.600638242719999,-8.50121810532,-8.58837624931,-8.5770712738,-8.65386714554,-7.663607281869999,-7.81426088888,A,2lay,-97.46479,-96.896095,-3.5887313,-3.0200362,0.56869507
P202Q,0.069048133,-9.66069011421,-9.85911755943,-9.58623927689,-9.68669485092,-9.57914155579,-9.59225732803,-9.31150679465,-12.2911241578,A,2lay,-97.46479,-96.90883,-3.5887313,-3.0327697,0.5559616
P202S,0.041908444,-8.741215273669999,-8.798645891189999,-8.66289504623,-8.823010534289999,-8.71859495926,-8.70292993736,-8.65106773138,-9.01744154917,A,2lay,-97.46479,-96.92304,-3.5887313,-3.0469832,0.54174805
P202R,0.240944946,-9.65730930901,-9.83377623558,-9.49715997696,-9.78651096916,-9.621620903019998,-9.54747846031,-9.31150679465,-12.2911241578,A,2lay,-97.46479,-97.00399,-3.5887313,-3.127931,0.46080017
P202W,0.0674981509999999,-9.71946141357,-9.887352005,-9.63689912796,-9.73202012253,-9.71152042198,-9.6295153904,-9.31150679465,-12.2911241578,A,2lay,-97.46479,-96.786125,-3.5887313,-2.9100661,0.67866516
R203C,0.157368182,,,,,,,,,A,2lay,-96.901146,-96.64543,-3.013442,-2.7577276,0.25571442
R203D,0.138660892,,,,,,,,,A,2lay,-96.901146,-96.8761,-3.013442,-2.9883947,0.025047302
R203G,0.150522964,,,,,,,,,A,2lay,-96.901146,-97.00896,-3.013442,-3.121253,-0.107810974
R203H,0.124026967,,,,,,,,,A,2lay,-96.901146,-96.853645,-3.013442,-2.9659414,0.04750061
R203P,0.061894785,,,,,,,,,A,2lay,-96.901146,-97.70649,-3.013442,-3.8187857,-0.8053436
R203S,0.167860387,,,,,,,,,A,2lay,-96.901146,-96.78779,-3.013442,-2.9000845,0.113357544
